城市,楼宇名称,纬度,经度,高度(米),高度分档,用途分类,数据来源,近距簇,地址
雅加达,Autograph Tower,-6.1990493,106.8212511,336.6,≥80米,写字楼,官方(DPMPTSP),,Jl. M.H. Thamrin No.10
雅加达,INDONESIA 1,-6.1908624,106.8218884,301.6,≥80米,综合体,官方(DPMPTSP),,Jl. MH. Thamrin Kav 13  Jl. MH. Thamrin Kav 13
雅加达,Gama Tower,-6.2239792,106.8338422,285.0,≥80米,写字楼,官方(DPMPTSP),,JL. H.R. RASUNA SAID KAV. C-23 RT/RW 02/05
雅加达,JAKARTA MORI TOWER,-6.2164533,106.8151335,254.0,≥80米,写字楼,官方(DPMPTSP),,"Jl. Jend. Sudirman No.Kav 40-41, RT.9/RW.1"
雅加达,Trinity Tower,-6.2249319,106.8336276,246.0,≥80米,写字楼,官方(DPMPTSP),,"Jalan H R Rasuna Said Kav C22, Block IIB, Jakarta 12940"
雅加达,Langham Residence Jakarta,-6.2278687,106.8062116,243.5,≥80米,综合体,官方(DPMPTSP),,Jl. Jenderal Sudirman Lot 28 RT 005 RW 003
雅加达,The St. Regis Residences,-6.2057613,106.8277628,243.4,≥80米,综合体,官方(DPMPTSP),,Jl. H. R. Rasuna Said.Kav. B/4
雅加达,MANGKULUHUR TOWER A,-6.2210321,106.815852,226.0,≥80米,综合体,官方(DPMPTSP),,Jalan Jendral Gatot Subroto Kav. 1-3
雅加达,WISMA 46 Kota BNI,-6.2037428,106.8200669,226.0,≥80米,写字楼,官方(DPMPTSP),,Jl. Jenderal Sudirman Kav. 1 RT.10 rw.09
雅加达,KEMPINSKY PRIVATE RESIDENCE,-6.194815,106.8213769,225.8,≥80米,综合体,官方(DPMPTSP),,JL. MH THAMRIN NO 1. JAKARTA PUSAT
雅加达,Sahid Sudirman Center,-6.2108696,106.8185837,223.3,≥80米,写字楼,官方(DPMPTSP),,Jl. Jend Sudirman No.86
雅加达,MENARA ASTRA,-6.2073465,106.8211726,222.9,≥80米,非住宅,官方(DPMPTSP),,"Jl. Jendral Sudirman kav 5-6, RT.10/RW.11"
雅加达,MSIG,-6.2105781,106.822276,221.3,≥80米,写字楼,官方(DPMPTSP),,Jl. Setiabudi Raya
雅加达,Raffles Jakarta,-6.2241622,106.823911,216.9,≥80米,酒店,官方(DPMPTSP),,"Jl. Prof. DR. Satrio Kav. 3-5, RT.18/RW.05, Kuningan, Karet Kuningan, Kecamatan Setiabudi, Kota Jakarta Selatan, Daerah Khusus Ibukota Jakarta 12940"
雅加达,RITZ CARLTON,-6.2285666,106.8272798,215.4,≥80米,酒店,官方(DPMPTSP),,Jl. Dr. Ide Anak Agung Gde Agung Kav. E 1-1 No. 1
雅加达,CAPITAL PLACE,-6.2324487,106.8201849,215.3,≥80米,写字楼,官方(DPMPTSP),,"Jl. Gatot Subroto No.Kav 18, RT.6/RW.1,"
雅加达,IFC Tower 2,-6.2116587,106.8211916,213.6,≥80米,写字楼,官方(DPMPTSP),JKT-001,Jl. Jend. Sudirman Kav. 22-23
雅加达,Soho @ Podomoro City,-6.1744936,106.7896421,213.0,≥80米,综合体,官方(DPMPTSP),JKT-002,Jl. Let. Jend. S. Parman Kav. 28
雅加达,Ciputra World 2 Jakarta Office Tower,-6.2210897,106.8194122,212.9,≥80米,写字楼,官方(DPMPTSP),,"Jl. Prof. DR. Satrio No.Kav 11, Karet Semanggi, Kecamatan Setiabudi, Kota Jakarta Selatan, Daerah Khusus Ibukota Jakarta 12940"
雅加达,MENARA BCA GRAND INDONESIA,-6.1966689,106.8225425,211.6,≥80米,写字楼,官方(DPMPTSP),,JL. MH THAMRIN NO 1. JAKARTA PUSAT
雅加达,Bakrie Tower Gedung B,-6.2192914,106.8344134,211.1,≥80米,写字楼,官方(DPMPTSP),,"Kompleks Epicentrum, Jl. Taman Rasuna"
雅加达,Sky 57,-6.1986204,106.8188337,208.2,≥80米,综合体,官方(DPMPTSP),,Jl. Tlk. Betung I No.49
雅加达,Soho Capital,-6.1743658,106.7898572,207.3,≥80米,综合体,官方(DPMPTSP),JKT-002,Jl. Let. Jend. S. Parman Kav. 28
雅加达,The Plaza Office Tower,-6.1922602,106.8216727,206.8,≥80米,商场,官方(DPMPTSP),,"Jl. M.H. Thamrin No.Kav. 28-30, Kel. Gondangdia, Kec. Menteng, Jakarta Pusat"
雅加达,INDONESIA 1,-6.1915549,106.8218911,204.2,≥80米,商场,官方(DPMPTSP),,"Jl. MH. Thamrin Kav 13 RR5C+FV9, Gondangdia, Menteng, Central Jakarta City, Jakarta"
雅加达,Anandamaya Residence Tower 3,-6.2072186,106.8203407,204.1,≥80米,公寓,官方(DPMPTSP),,Jl. Jend Sudirman Kav 5-6 RT 10 RW 11
雅加达,Tower 1,-6.2019351,106.8163339,203.4,≥80米,公寓,官方(DPMPTSP),,Jalan Abdul Jalil No.Kav.1 RT.08 RW.09
雅加达,APARTEMEN KUNINGAN CITY,-6.2245876,106.8297841,203.3,≥80米,公寓,官方(DPMPTSP),,"Jl. Prof. DR. Satrio No.Kav. 18, Kuningan, Karet Kuningan, Kecamatan Setiabudi, Kota Jakarta Selatan, Daerah Khusus Ibukota Jakarta 12940"
雅加达,APARTEMEN KUNINGAN CITY,-6.2244197,106.8303107,203.1,≥80米,公寓,官方(DPMPTSP),,"Jl. Prof. DR. Satrio No.Kav. 18, Kuningan, Karet Kuningan, Kecamatan Setiabudi, Kota Jakarta Selatan, Daerah Khusus Ibukota Jakarta 12940"
雅加达,Tower D,-6.2100573,106.8241622,200.4,≥80米,公寓,官方(DPMPTSP),JKT-003,Jl. Setiabudi Raya No. 9
雅加达,Wisma Mulia,-6.2350866,106.823341,198.7,≥80米,写字楼,官方(DPMPTSP),,"Jl. Jend. Gatot Subroto No.42, Jakarta 12710"
雅加达,Gedung Soho @Podomoro City (Pertokoan dan Parkir),-6.1771295,106.7912559,198.6,≥80米,商业/店铺,官方(DPMPTSP),,"Letjen S. Parman No.RT.12, RW.6"
雅加达,Central Park Mall,-6.1785925,106.7905312,198.6,≥80米,综合体,官方(DPMPTSP),,Jl. Letjen S. Parman Kav.28
雅加达,Central Park Mall,-6.178624,106.7899785,198.6,≥80米,综合体,官方(DPMPTSP),,"Letjen S. Parman Kav.28 RT.12, RW.6"
雅加达,Langham Residence Jakarta,-6.2273013,106.806439,197.5,≥80米,综合体,官方(DPMPTSP),,Jl. Jenderal Sudirman Lot 28 RT 005 RW 003
雅加达,AXA Tower,-6.2244808,106.8287015,197.2,≥80米,写字楼,官方(DPMPTSP),JKT-004,"Kuningan City, Axa Tower, RT.14/RW.4, Kuningan, Karet Kuningan, Kecamatan Setiabudi, Kota Jakarta Selatan, Daerah Khusus Ibukota Jakarta 12940"
雅加达,RDTX Place,-6.2235481,106.8217523,197.0,≥80米,写字楼,官方(DPMPTSP),,"Jl. Prof. DR. Satrio 1, Kuningan, Karet Kuningan, Kecamatan Setiabudi, Kota Jakarta Selatan, Daerah Khusus Ibukota Jakarta 12940"
雅加达,INFINITY TOWER APARTEMENT,-6.2291569,106.8073678,196.8,≥80米,综合体,官方(DPMPTSP),,DISTRICT 8 SUDIRMAN CENTRAL BUSINESS DISTRICT (SCBD) JL. JENDRAL SUDIRMAN KAV 52-53 LOT 28 RT/006 RW/003
雅加达,Ciputra World 1 Jakarta (Office Tower),-6.2237337,106.8227695,196.1,≥80米,写字楼,官方(DPMPTSP),,"Jl. Prof. DR. Satrio Kav. 3-5, Karet Kuningan, Kecamatan Setiabudi, Daerah Khusus Ibukota Jakarta 12940"
雅加达,SEAVIEW L,-6.1076143,106.7789212,195.8,≥80米,综合体,官方(DPMPTSP),,JALAN PLUIT KARANG AYU B1 UTARA
雅加达,SEAVIEW K,-6.1078757,106.7795696,195.4,≥80米,综合体,官方(DPMPTSP),,JALAN PLUIT KARANG AYU B1 UTARA
雅加达,Ascott Kuningan Jakarta,-6.2250171,106.8237987,195.1,≥80米,公寓,官方(DPMPTSP),,"Ciputra World, Jl. Prof. DR. Satrio No.1 Kav 3-5, RT.18/RW.4, Kuningan, Karet Kuningan, Kecamatan Setiabudi, Kota Jakarta Selatan, Daerah Khusus Ibukota Jakarta 12940"
雅加达,APL Tower Central Park,-6.1764633,106.7917663,192.9,≥80米,写字楼,官方(DPMPTSP),,"Letjen S. Parman St No.Kav. 28, RT.12/RW.7, Petamburan, Grogol petamburan, West Jakarta City, Jakarta 11440"
雅加达,Tower 2,-6.2022426,106.8166564,191.5,≥80米,公寓,官方(DPMPTSP),,"Jalan Abdul Jalil  No.Kav.1 RT.08 RW,09"
雅加达,THE RITZ CARLTON,-6.2238337,106.809805,191.4,≥80米,酒店,官方(DPMPTSP),,Jl. Jendral Sudirman Kav. 52-53 Lot. 3a RT.005/RW.001
雅加达,SEAVIEW J,-6.1081285,106.7801576,191.4,≥80米,综合体,官方(DPMPTSP),JKT-005,JALAN PLUIT KARANG AYU B1 UTARA
雅加达,SEAVIEW M,-6.1073729,106.778324,189.3,≥80米,综合体,官方(DPMPTSP),JKT-006,JALAN PLUIT KARANG AYU B1 UTARA
雅加达,Apartemen Pacific Place Residence,-6.2251293,106.8100905,188.3,≥80米,综合体,官方(DPMPTSP),,JL JEND SUDIRMAN KAV 52-53 LOT 3B RT.005/RW.001
雅加达,MENARA BTPN,-6.22999,106.8278139,187.6,≥80米,写字楼,官方(DPMPTSP),,JL. Dr. Ide Anak Agung Gde Agung Kav. 5.5 – 5.6
雅加达,The Pakubuwono Spring,-6.2327001,106.7873154,187.4,≥80米,综合体,官方(DPMPTSP),,JL.TEUKU NYAK ARIEF NO.09A  RT 02/02
雅加达,Tower C,-6.210008,106.8237793,187.2,≥80米,公寓,官方(DPMPTSP),JKT-003,Jl. Setiabudi Raya No. 9
雅加达,The Plaza Office Tower,-6.1927958,106.8223519,186.2,≥80米,商场,官方(DPMPTSP),JKT-007,"Jl. M.H. Thamrin No.Kav. 28-30, Kel. Gondangdia, Kec. Menteng, Jakarta Pusat"
雅加达,Apartemen Pacific Place Residence,-6.2253339,106.8095162,183.5,≥80米,综合体,官方(DPMPTSP),,Jl. Jendral Sudirman Kav. 52-53 Lot. 3C RT.005/RT.001
雅加达,Tower C (Bloomington),-6.2598091,106.8123289,183.4,≥80米,住宅类,官方(DPMPTSP),,"Jl. Kemang Raya No.18 D 14, RT.13/RW.5, Bangka, Kec. Mampang Prpt., Kota Jakarta Selatan, Daerah Khusus Ibukota Jakarta 12730"
雅加达,Tower B (Tiffany),-6.2592021,106.8120238,183.4,≥80米,综合体,官方(DPMPTSP),,"Jl. Kemang Raya No.18 D 14, RT.13/RW.5, Bangka, Kec. Mampang Prpt., Kota Jakarta Selatan, Daerah Khusus Ibukota Jakarta 12730"
雅加达,EQUITY TOWER,-6.2263052,106.8084945,182.9,≥80米,写字楼,官方(DPMPTSP),,SUDIRMAN CENTRAL BUSINESS DISTRICT (SCBD) JL. JENDRAL SUDIRMAN KAV 52-53 LOT 9 RT/005 RW/003
雅加达,Anandamaya Residence Tower 2,-6.2076256,106.8201965,182.9,≥80米,公寓,官方(DPMPTSP),,Jl. Jend Sudirman Kav 5-6 RT 10 RW 11
雅加达,Centennial Tower,-6.2302698,106.8209337,182.3,≥80米,写字楼,官方(DPMPTSP),,"Centennial Tower  Jalan Jendral Gatot Subroto Kav. 24-25,  Karet Semanggi, Setiabudi, RT.2/RW.2, Karet Semanggi, Setiabudi, South Jakarta City, Jakarta 12930"
雅加达,Sequis Tower,-6.2256851,106.8071665,180.7,≥80米,写字楼,官方(DPMPTSP),,Jl. Jend Sudirman Kav. 71
雅加达,PAKUWON TOWER,-6.2219498,106.8429533,179.7,≥80米,写字楼,官方(DPMPTSP),,JL. RAYA CASABLANCA
雅加达,Anandamaya Residence Tower 1,-6.2080022,106.8200281,179.6,≥80米,公寓,官方(DPMPTSP),,Jl. Jendral Sudirman Kav. 5-6 RT 10 RW 11
雅加达,The Pakubuwono Spring,-6.2331077,106.7865309,176.8,≥80米,综合体,官方(DPMPTSP),,JL.TEUKU NYAK ARIEF NO.09A  RT 02/02
雅加达,RITZ CARLTON,-6.2282506,106.8270602,175.0,≥80米,酒店,官方(DPMPTSP),,Jl. Dr. Ide Anak Agung Gde Agung Kav. E 1-1 No. 1
雅加达,Apartemen Ciputra World 2,-6.2226151,106.819882,174.9,≥80米,综合体,官方(DPMPTSP),,"Ciputra World 2, Jl. Prof. DR. Satrio No.Kav. 11, RT.3/RW.3, Karet Semanggi, Setiabudi, South Jakarta City, Jakarta 12930"
雅加达,PACIFIC CENTURY PLACE (FWD),-6.2276745,106.8084465,174.2,≥80米,写字楼,官方(DPMPTSP),,SUDIRMAN CENTRAL BUSINESS DISTRICT (SCBD) JL. JENDRAL SUDIRMAN KAV 52-53 LOT 10 RT/005 RW/003
雅加达,Ritz Tower (Tower A),-6.2594856,106.8113255,174.1,≥80米,综合体,官方(DPMPTSP),,"Jl. Kemang Raya No.18 D 14, RT.13/RW.5, Bangka, Kec. Mampang Prpt., Kota Jakarta Selatan, Daerah Khusus Ibukota Jakarta 12730"
雅加达,Residence 8 Tower 3,-6.2291336,106.8064047,173.8,≥80米,综合体,官方(DPMPTSP),,"Jl. Senopati Raya No. 8 Rt/Rw. 008/003 Kel. Senayan Kec. Kebayoran Baru, Jakarta Selatan"
雅加达,UOB PLAZA,-6.1989547,106.8224753,172.3,≥80米,写字楼,官方(DPMPTSP),,"Jl. M.H. Thamrin No 10, Kel. Kebon Melati, Kec. Tanah Abang, Kota Adm. Jakarta Pusat;"
雅加达,APARTEMEN AMBASADOR TOWER 2,-6.2228611,106.8260565,170.9,≥80米,综合体,官方(DPMPTSP),JKT-008,"Jl. Prof. DR. Satrio No.18, RT.11/RW.4, Kuningan, Kecamatan Setiabudi, Kota Jakarta Selatan, Daerah Khusus Ibukota Jakarta 12940"
雅加达,TOWER AZALEA,-6.1803822,106.7921215,170.7,≥80米,综合体,官方(DPMPTSP),,"JL. TJ. DUREN TIMUR 2 NO.12, RT.12/RW.1"
雅加达,TOWER BEECH,-6.1810631,106.7919902,170.5,≥80米,综合体,官方(DPMPTSP),,"JL. TJ. DUREN TIMUR 2 NO.12, RT.12/RW.1"
雅加达,Davinci,-6.2101473,106.8204771,170.3,≥80米,公寓,官方(DPMPTSP),,"Jl. Jenderal Sudirman No.Kav 12, RT 01 RW 013"
雅加达,Park Hyatt,-6.1848345,106.8311229,170.2,≥80米,酒店,官方(DPMPTSP),,Jl. Kebon Sirih No.17-19
雅加达,Menara Jakarta Tower Equinox,-6.1496445,106.8475,167.3,≥80米,综合体,官方(DPMPTSP),,Komplek Kota Baru Bandar Kemayoran C-8
雅加达,INDOFOOD TOWER,-6.2081797,106.822553,167.2,≥80米,写字楼,官方(DPMPTSP),,Jl. Jend. Sudirman No.76-78
雅加达,PROSPERITY TOWER,-6.2282791,106.8070747,167.0,≥80米,写字楼,官方(DPMPTSP),,JL. SENOPATI RAYA LOT 28 RT.005/RW.003
雅加达,Menara AIA Central,-6.2180922,106.8170896,166.1,≥80米,写字楼,官方(DPMPTSP),,"Jl. Jend. Sudirman Kav. 48-A RT 005 RW 004, Kel. Karet Semanggi, Kec. Setiabudi, Jakarta Selatan"
雅加达,Oakwood Premier Cozmo Jakarta,-6.2274482,106.8254066,165.7,≥80米,写字楼,官方(DPMPTSP),,Jl. Lingkar Mega Kuningan Blok E4.2 No.1
雅加达,Lippo Tower Holland Village,-6.1680634,106.8762414,165.7,≥80米,综合体,官方(DPMPTSP),,"Jl. Letjen. Suprapto Kav. 60 No.1, RT.10/RW.7, Cempaka Putih Timu, Cempaka Putih, Jakarta Pusat, 10510"
雅加达,TCC Batavia Tower 1,-6.211201,106.8162845,165.6,≥80米,写字楼,官方(DPMPTSP),,"Jl. KH. Mas Mansyur No.126, Jakarta 10250"
雅加达,SINARMAS LAND PLAZA TOWER II,-6.1900492,106.8237321,164.5,≥80米,写字楼,官方(DPMPTSP),,"JALAN M.H. THAMRIN NO. 51, RT. 008 RW. 004"
雅加达,Apartemen Sedayu City Tower Suite Melbourne,-6.1695325,106.9211808,164.3,≥80米,公寓,官方(DPMPTSP),JKT-009,JL. SEDAYU CITY KELAPA GADING
雅加达,Menara Sentraya Office Park,-6.2451236,106.8037461,163.7,≥80米,写字楼,官方(DPMPTSP),JKT-010,Jl. Sultan Iskandarsyah II No. 2 RT002/RW001
雅加达,POTINARA,-6.1794226,106.7926911,163.2,≥80米,综合体,官方(DPMPTSP),,JALAN LETJEN S. PARMAN KAV. 21 RT. 012 RW. 001
雅加达,ANSELIA,-6.1785929,106.7921327,163.2,≥80米,综合体,官方(DPMPTSP),,JL. LETJEN S. PARMAN KAV. 21 RT. 012 RW. 001
雅加达,The Newton 2,-6.2208158,106.8173234,163.1,≥80米,综合体,官方(DPMPTSP),,"Jl. Karet Sawah, Kuningan, Karet Semanggi, Kecamatan Setiabudi, Kota Jakarta Selatan, Daerah Khusus Ibukota Jakarta 12930"
雅加达,LAELIA,-6.1793038,106.7922229,162.8,≥80米,综合体,官方(DPMPTSP),,JALAN LETJEN S. PARMAN KAV. 21 RT. 012 RW. 001
雅加达,Springhill Royale Suites,-6.1503478,106.8533669,162.6,≥80米,综合体,官方(DPMPTSP),,"Jl. Damar, Kel. Pademangan Timur, Kec. Pademangan, Jkt Utara, Banten 14410"
雅加达,KIRCHARA,-6.1783497,106.7925484,162.6,≥80米,综合体,官方(DPMPTSP),JKT-011,JL. LETJEN S. PARMAN KAV. 21 RT. 012 RW. 001
雅加达,GRAND SLIPI TOWER,-6.2007853,106.7985134,162.3,≥80米,写字楼,官方(DPMPTSP),,JL. Letjen S. Parman Kav. 22-24
雅加达,DISA,-6.1778015,106.7924002,162.3,≥80米,综合体,官方(DPMPTSP),,JL. LETJEN S. PARMAN KAV. 21 RT. 012 RW. 001
雅加达,Presidential Suite Tower,-6.1907834,106.7391003,162.1,≥80米,综合体,官方(DPMPTSP),,Jalan Puri Lingkar luar No. 3
雅加达,Albergo,-6.2222624,106.7827379,162.0,≥80米,综合体,官方(DPMPTSP),,Jalan Letnan Jenderal Soepeno No. 34
雅加达,VANDA,-6.1789942,106.7918204,161.9,≥80米,综合体,官方(DPMPTSP),,JL. LETJEN S. PARMAN KAV. 21 RT. 012 RW. 001
雅加达,CATTLEYA,-6.1772295,106.7928374,161.1,≥80米,综合体,官方(DPMPTSP),,JALAN LETJEN S. PARMAN KAV. 21 RT. 012 RW. 001
雅加达,Tower Melbourne,-6.1694852,106.9209346,161.0,≥80米,公寓,官方(DPMPTSP),JKT-009,JL. SEDAYU CITY KELAPA GADING
雅加达,NT Tower,-6.1861155,106.8763821,161.0,≥80米,写字楼,官方(DPMPTSP),,"Jl. Pulomas Selatan No. 31 RW.007 Kel. Kayu Putih Kec. Pulogadung, Jakarta Timur, 13210"
雅加达,APARTEMEN DAN KONDOTEL THE PAKUBUWONO MENTENG,-6.1860862,106.8261277,160.7,≥80米,综合体,官方(DPMPTSP),,Jl. KH. WAHID HASYIM NO 110-112
雅加达,APARTEMEN PLAZA FX SUDIRMAN,-6.2247832,106.8038086,160.6,≥80米,公寓,官方(DPMPTSP),JKT-012,JL. Jenderal Sudirman No.1 Gelora Tanah Abang
雅加达,AKR Tower Gallery West,-6.1911818,106.7676767,160.4,≥80米,写字楼,官方(DPMPTSP),,JL. PANJANG NO. 5 / JL. PERJUANGAN RT.11/10
雅加达,MILTONIA,-6.1777914,106.792974,160.3,≥80米,综合体,官方(DPMPTSP),,JALAN LETJEN S. PARMAN KAV. 21 RT. 012 RW. 001
雅加达,Residence 8 Tower 2,-6.2286432,106.8061054,160.2,≥80米,综合体,官方(DPMPTSP),,"Jl. Senopati Raya No. 8 RT/RW 008/003 Kel. Senayan Kec. Kebayoran Baru, Jakarta Selatan"
雅加达,Sahid Sudirman Residence,-6.2100011,106.8197507,160.2,≥80米,公寓,官方(DPMPTSP),,Jl. Jendral Sudirman Kav. 86 RT 13 RW 11
雅加达,Lippo Tower Holland Village,-6.1673327,106.8763228,159.8,≥80米,综合体,官方(DPMPTSP),,"Jl. Letjen. Suprapto Kav. 60 No.1, RT.10/RW.7, Cempaka Putih Timur"
雅加达,B,-6.2438602,106.7845606,159.0,≥80米,公寓,官方(DPMPTSP),,Jl. Sultan Iskandar Muda
雅加达,OAKWOOD TOWER,-6.2295531,106.8067724,157.9,≥80米,写字楼,官方(DPMPTSP),,DISTRICT 8 SUDIRMAN CENTRAL BUSINESS DISTRICT (SCBD) JL. JENDRAL SUDIRMAN KAV 52-53 LOT 28 RT/006 RW/003
雅加达,ST MORITZ TOWER OFFICE,-6.1884889,106.7386456,157.9,≥80米,写字楼,官方(DPMPTSP),,JL KOMPLEK PERUM PURI INDAH RT.001/002
雅加达,Telkom Landmark Tower,-6.2304306,106.8179944,157.5,≥80米,写字楼,官方(DPMPTSP),,"The Telkom Hub, Jl. Gatot Subroto No.Kav. 52, RT.6/RW.1"
雅加达,Apartemen Branz Mega Kuningan,-6.2280996,106.8219371,157.4,≥80米,公寓,官方(DPMPTSP),,"JL. PERINTIS / JL. GURU MUGNI, RT 0 RW 0"
雅加达,The Energy Building,-6.2258127,106.8065482,157.3,≥80米,写字楼,官方(DPMPTSP),,Jl. Jend. Sudirman Kav. 52-53
雅加达,New Presidential Tower,-6.1905956,106.7385621,157.2,≥80米,综合体,官方(DPMPTSP),,Jalan Puri Lingkar luar
雅加达,Sunter Office Park (Altira Business Park),-6.1523992,106.8867221,156.3,≥80米,写字楼,官方(DPMPTSP),,Jl. Yos Sudarso Kav. 85 RT. 009 RW. 011
雅加达,BOTANICA RESIDENCES TOWER 1.,-6.2334126,106.7882412,155.4,≥80米,综合体,官方(DPMPTSP),,JL. SULTAN ISKANDAR MUDA NO. 8 RT. 4/RW. 2.
雅加达,The Elements Apartemen Tower H,-6.2170579,106.8343728,155.3,≥80米,公寓,官方(DPMPTSP),,Jl. EPICENTRUM TENGAH  RT 1 RW 5
雅加达,Sampoerna Strategic Square,-6.2169696,106.8181877,155.0,≥80米,写字楼,官方(DPMPTSP),JKT-013,Jl. Jend. Sudirman Kav. 45-46
雅加达,BOTANICA APARTEMENT,-6.2329072,106.788851,154.1,≥80米,综合体,官方(DPMPTSP),,JL.SULTAN ISKANDARSYAH MUDA NO.8 RT05/03
雅加达,Hotel Fairmont Senayan,-6.2220905,106.7988841,153.9,≥80米,酒店,官方(DPMPTSP),,JL. Asia Afrika No.8 RT.02 RW.01 Kel. Gelora Kec. Tanah Abang Jakarta Pusat
雅加达,TOWER CALYPSO,-6.181243,106.7913406,153.7,≥80米,综合体,官方(DPMPTSP),,"Jl. Tanjung Duren Timur I Blok Mesjid No.44, RT.7/RW.1, Tj. Duren Sel., Kec. Grogol petamburan, Kota Jakarta Barat, Daerah Khusus Ibukota Jakarta 11470"
雅加达,Noble house,-6.2279042,106.8251891,153.2,≥80米,写字楼,官方(DPMPTSP),,Jl. Dr. Ide Anak Agung Gede Agung Kav. E 4.2. No. 2
雅加达,APARTEMEN TAMAN ANGGREK RESIDENCES (ESPRITU TOWER) / TOWER E,-6.180056,106.7910404,152.9,≥80米,综合体,官方(DPMPTSP),,"Jl. Tj. Palapa No.3, RT.12/RW.1, Tj. Duren Sel., Kec. Grogol petamburan, Kota Jakarta Barat, Daerah Khusus Ibukota Jakarta 11470"
雅加达,Cyber 2 Tower,-6.2263672,106.8323255,152.6,≥80米,写字楼,官方(DPMPTSP),,Jl. H. R. Rasuna Said Blok X-5 No.13
雅加达,MENARA PERTIWI,-6.2298541,106.8233742,152.2,≥80米,写字楼,官方(DPMPTSP),,"Jl. Mega Kuningan Barat III, Jakarta 12950"
雅加达,Apartement Thamrin Executive Residence,-6.1961505,106.8164624,151.8,≥80米,综合体,官方(DPMPTSP),,Jl. Kebon Kacang Raya
雅加达,Tower D (Cosmopolitan),-6.2599708,106.8117376,151.6,≥80米,综合体,官方(DPMPTSP),,"Jl. Kemang Raya No.18 D 14, RT.13/RW.5, Bangka, Kec. Mampang Prpt., Kota Jakarta Selatan, Daerah Khusus Ibukota Jakarta 12730"
雅加达,FRAGRANT TOWER / TOWER F,-6.1799659,106.7916045,151.5,≥80米,综合体,官方(DPMPTSP),,JL. TJ. DUREN TIMUR 2
雅加达,TOWER DAFFODIL,-6.1809491,106.7908686,151.4,≥80米,综合体,官方(DPMPTSP),,"Jl. Tanjung Duren Timur I Blok Mesjid No.44, RT.7/RW.1, Tj. Duren Sel., Kec. Grogol petamburan, Kota Jakarta Barat, Daerah Khusus Ibukota Jakarta 11470"
雅加达,APARTEMEN WEST VISTA,-6.1578124,106.7259883,151.2,≥80米,综合体,官方(DPMPTSP),,JL. LINGKAR LUAR BARAT NO. 8
雅加达,SOHO PANCORAN (Splendor),-6.242829,106.8451005,151.1,≥80米,写字楼,官方(DPMPTSP),JKT-014,JL. MT HARYONO KAV 2-3
雅加达,GEDUNG IT MANDIRI BUMI SLIPI,-6.1737864,106.7915231,150.9,≥80米,写字楼,官方(DPMPTSP),JKT-015,"Jl. Gelong Baru Utara II No.4 Blok A, RT.1/RW.8, Tomang, Kec. Grogol petamburan, Kota Jakarta Barat, Daerah Khusus Ibukota Jakarta 11440"
雅加达,Jakarta Mori Tower,-6.2160772,106.8156742,149.9,≥80米,未分类,官方(DPMPTSP),,—
雅加达,Apartemen Ciputra World Jakarta 2,-6.2224532,106.8192822,149.3,≥80米,综合体,官方(DPMPTSP),,Jl. Prof. DR.Satrio Kav.11 RT 003/RW 003
雅加达,Kota Kasablanka 3 (Tower 1),-6.2225769,106.8415842,149.3,≥80米,综合体,官方(DPMPTSP),,"Jl. Casablanca Raya Kav. 88, RT. 007, RW. 006"
雅加达,Apartemen South Hills,-6.2230001,106.8306943,149.2,≥80米,公寓,官方(DPMPTSP),,"Jl. Denpasar Raya No.Kav. 5-7, RT.16/RW.4, Kuningan, Karet Kuningan, Kecamatan Setiabudi, Kota Jakarta Selatan, Daerah Khusus Ibukota Jakarta 12950"
雅加达,NEW AMBASADOR SUITES TOWER,-6.1897127,106.7385893,148.9,≥80米,综合体,官方(DPMPTSP),,Jalan Puri elok 1 No. 3
雅加达,Kota Kasablanka 3 (Tower 3),-6.2218326,106.8421649,148.6,≥80米,综合体,官方(DPMPTSP),,"Jl. Casablanca Raya Kav. 88, RT. 007, RW. 006"
雅加达,Setiabudi Sky Garden (Tower 1),-6.2158798,106.8282208,148.3,≥80米,综合体,官方(DPMPTSP),,"Jl. Setiabudi No.2 (Jl. Jabon 2), RT 018/ RW 02, DKI Jakarta 12940"
雅加达,OFFICE 88,-6.224307,106.8418094,148.3,≥80米,写字楼,官方(DPMPTSP),,Jl. Casablanca Raya Kav. 9 - 10
雅加达,MANGKULUHUR CITY OFFICE TOWER,-6.2209435,106.8145878,147.4,≥80米,写字楼,官方(DPMPTSP),,"JL. GATOT SUBROTO KAV. 1,2,3 KEL. KARET SEMANGGI KEC. SETIABUDI, JAKARTA SELATAN"
雅加达,The Pakubuwono Signature,-6.2383893,106.7857781,146.9,≥80米,综合体,官方(DPMPTSP),,JL PAKUBUWONO VI NO 72
雅加达,WISMA MULIA 2,-6.2343218,106.8220975,146.8,≥80米,写字楼,官方(DPMPTSP),,JL. JEND. GATOT SUBROTO NO.42 RT.6 RW.1
雅加达,PLAZA MANDIRI,-6.2250849,106.8143037,146.1,≥80米,写字楼,官方(DPMPTSP),,"Jl. Jenderal Gatot Subroto No.Kav 36-38 RT.7/RW.3, Senayan Kby. Baru Kota Jakarta Selatan, Daerah Khusus Ibukota Jakarta 12190"
雅加达,Office 8,-6.2293638,106.8057956,145.7,≥80米,写字楼,官方(DPMPTSP),,DISTRICT 8 SUDIRMAN CENTRAL BUSINESS DISTRICT (SCBD) JL. JENDERAL SUDIRMAN KAV 52-53 LOT 28 RT/006 RW/003
雅加达,A,-6.1533325,106.7960004,145.7,≥80米,综合体,官方(DPMPTSP),,Jl. Prof. Dr. Latumeten No.33 Tower A
雅加达,Citadines Gatot Subroto Jakarta,-6.240006,106.8368985,145.6,≥80米,酒店,官方(DPMPTSP),,"JL. JEND GATOT SUBROTO KAV.64 NO.177A MENTENG DALAM, TEBET, KOTA JAKARTA SELATAN"
雅加达,JAKARTA STOCK EXCHANGE TOWER I,-6.2232778,106.8089323,145.5,≥80米,写字楼,官方(DPMPTSP),,"Jl. Jend. Sudirman Kav. 52-53, Kel. Senayan, Kec. Kebayoran Baru, Kota Administrasi Jakarta Selatan"
雅加达,C,-6.1541247,106.7968612,145.4,≥80米,综合体,官方(DPMPTSP),,Jl. Prof. DR. Latumenten No. 33 Tower C
雅加达,Apartemen Ancol Mansion Tower 1,-6.1215161,106.8456555,145.1,≥80米,综合体,官方(DPMPTSP),,"Jl. Pasir Putih II No. 11 RT 013 & 014 RW 010, Kel. Ancol, Kec. Pademangan, Jakarta Utara"
雅加达,A,-6.2433408,106.7845019,145.0,≥80米,公寓,官方(DPMPTSP),JKT-016,Jl. Sultan Iskandar Muda
雅加达,B,-6.1533341,106.7966679,145.0,≥80米,综合体,官方(DPMPTSP),,Jl. Prof. Dr. Latumenten No. 33 Tower B
雅加达,AMBASADOR SUITES TOWER,-6.1894232,106.7390869,144.7,≥80米,综合体,官方(DPMPTSP),,Jalan Kembang Kerep No. 10 G
雅加达,The Grove Suites by Grand Aston,-6.2178011,106.8344309,144.5,≥80米,公寓,官方(DPMPTSP),,"Kawasan Rasuna Epicentrum, Jl. H. R. Rasuna Said, Kuningan, Setiabudi, South Jakarta City, Jakarta 12960"
雅加达,The East Tower,-6.2292909,106.8250206,144.2,≥80米,写字楼,官方(DPMPTSP),JKT-017,Jl. Dr. Ide Anak Agung Gde Agung Kav. E 3.2 No.1
雅加达,Hotel Mulia Senayan Jakarta,-6.2153419,106.7974164,144.2,≥80米,酒店,官方(DPMPTSP),,JL. Asia Afrika Senayan Jakarta RT.02 RW.01 Kelurahan Gelora Kecamatan Tanah Abang Jakarta Pusat
雅加达,Sopo Del Office Tower,-6.2305823,106.8239322,143.0,≥80米,写字楼,官方(DPMPTSP),,Jl. Mega Kuningan Barat
雅加达,Alamanda Tower,-6.1967868,106.8165658,142.2,≥80米,综合体,官方(DPMPTSP),,"Jl. Kebon Kacang Raya No.3, RT.3/RW.8"
雅加达,Edelweiss Tower,-6.1970365,106.8170639,142.2,≥80米,综合体,官方(DPMPTSP),,"Jl. Kebon Kacang Raya No.3, RT.3/RW.8"
雅加达,Crysant Tower,-6.1977311,106.8165423,142.1,≥80米,综合体,官方(DPMPTSP),,"Jl. Kebon Kacang Raya No.3, RT.3/RW.8"
雅加达,Daisy Tower,-6.1975105,106.8170533,142.1,≥80米,综合体,官方(DPMPTSP),JKT-018,"Jl. Kebon Kacang Raya No.3, RT.3/RW.8"
雅加达,Rajawali Place (Tower Kantor),-6.2066081,106.8284156,142.0,≥80米,写字楼,官方(DPMPTSP),,Jl. H. R. Rasuna Said Kav. B/4
雅加达,BOTANICA RESIDENCES TOWER 3,-6.232805,106.7897588,141.9,≥80米,综合体,官方(DPMPTSP),,JL. SULTAN ISKANDAR MUDA NO. 8 RT. 5/RW. 3
雅加达,Bougenville Tower,-6.1972621,106.8165561,141.9,≥80米,综合体,官方(DPMPTSP),,"Jl. Kebon Kacang Raya No.3, RT.3/RW.8"
雅加达,WTC 3,-6.2146194,106.8208709,141.4,≥80米,写字楼,官方(DPMPTSP),,Jalan Jendral Sudirman Kav. 29-31
雅加达,TEMPO SCAN TOWER,-6.2353875,106.8291535,141.3,≥80米,写字楼,官方(DPMPTSP),,"Jl. H. R. Rasuna Said, RT.5/RW.4, Kuningan Tim., Kecamatan Setiabudi, Kota Jakarta Selatan, Daerah Khusus Ibukota Jakarta 12950"
雅加达,Wisma GKBI,-6.2174195,106.8129091,141.2,≥80米,写字楼,官方(DPMPTSP),,"Jl. Jend. Sudirman No.28, RT.14/RW.1"
雅加达,RDTX SQUARE,-6.2178325,106.818785,141.1,≥80米,写字楼,官方(DPMPTSP),,"Jl. Prof. DR. Satrio No.164, RT.4/RW.4, Karet Semanggi, Kecamatan Setiabudi, Kota Jakarta Selatan, Daerah Khusus Ibukota Jakarta 12930"
雅加达,Apartemen Ancol Mansion Tower 1,-6.1221403,106.8453164,141.1,≥80米,综合体,官方(DPMPTSP),,"Jl. Pasir Putih II No. 11 RT 013 & 014 RW 010, Kel. Ancol, Kec. Pademangan, Jakarta Utara"
雅加达,XL AXIATA TOWER,-6.2270807,106.8325629,141.0,≥80米,写字楼,官方(DPMPTSP),,Jalan Haji R. Rasuna Said Blok X-5 No. 12 dan 11 Sebagian
雅加达,Office Tower,-6.2428651,106.7834812,140.8,≥80米,写字楼,官方(DPMPTSP),,Jl. Sultan Iskandar Muda No.8
雅加达,Cosmo Terrace,-6.194184,106.815122,140.7,≥80米,公寓,官方(DPMPTSP),JKT-019,Jl. K.H. Mas Mansyur No.1
雅加达,The City Tower,-6.1991412,106.8236179,140.5,≥80米,写字楼,官方(DPMPTSP),,Jl. MH Thamrin No. 81
雅加达,MENARA BRILIAN,-6.2406905,106.8364551,140.0,≥80米,写字楼,官方(DPMPTSP),,JL. GATOT SUBROTO NO 177A KAV 64
雅加达,MONTEVERDE TOWER,-6.2141708,106.8342606,139.3,≥80米,综合体,官方(DPMPTSP),,Jl. H. Cokong No 6 Kav 6 RT 3 RW 1
雅加达,SUDIRMAN TOWER CONDOMINIUM TOWER B,-6.2201997,106.8160252,139.2,≥80米,综合体,官方(DPMPTSP),,"Jalan Garnisun Dalam No.8, RT.5/RW.4, Karet Semanggi, Setia Budi, Kota Jakarta Selatan, Daerah Khusus Ibukota Jakarta 12930"
雅加达,La Vie All Suites Apartment,-6.2181191,106.8288828,138.8,≥80米,公寓,官方(DPMPTSP),,JL.KARET BELAKANG RT18/ JL. GENTENG IJO
雅加达,Menara Imperium,-6.2102382,106.8314559,138.7,≥80米,写字楼,官方(DPMPTSP),,"Jl. HR. Rasuna Said Kav 1, RT 006 RW 001"
雅加达,SIMA OFFICE TOWER,-6.293833,106.8055141,138.7,≥80米,写字楼,官方(DPMPTSP),,JL. TB. SIMATUPANG KAV. 16
雅加达,Apartement Grand Madison - Madison Park - Magnolia,-6.1770755,106.7873087,138.4,≥80米,综合体,官方(DPMPTSP),,"Jl. Tanjung Duren Timur No.35, RT.10 / RW.5"
雅加达,La Vie All Suites Apartment,-6.2182534,106.8294747,138.2,≥80米,公寓,官方(DPMPTSP),,JL.KARET BELAKANG RT18/ JL. GENTENG IJO
雅加达,MRCCC SILOAM  HOSPITALS SEMANGGI,-6.2190971,106.8172264,138.1,≥80米,医院,官方(DPMPTSP),,"Jl. Garnisun 1 No.2-3 5, RT.5/RW.4,"
雅加达,Menara Kuningan,-6.218456,106.8305991,138.0,≥80米,写字楼,官方(DPMPTSP),,"Jl. H. R. Rasuna Said Blok X-7 Kav. 5 RT 006 RW 007, Kel. Karet Kuningan, Kec. Setiabudi, Jakarta Selatan"
雅加达,Kantor Graha BNI 46,-6.2034319,106.8212834,137.2,≥80米,写字楼,官方(DPMPTSP),,"Jl. Jend. Sudirman No.Kav 1, RT.10/RW.11, Karet Tengsin, Tanah Abang, Kota Jakarta Pusat, Daerah Khusus Ibukota Jakarta 10250"
雅加达,The Convergence Indonesia,-6.2165323,106.8352785,137.1,≥80米,写字楼,官方(DPMPTSP),,"Kawasan Rasuna Epicentrum, Jalan HR. Rasuna Said, RT. 2/RW. 5, Karet Kuningan, Setia Budi, Kota Jakarta Selatan, Daerah Khusus Ibukota Jakarta 12940"
雅加达,Menara Batavia,-6.2107614,106.8156334,136.8,≥80米,写字楼,官方(DPMPTSP),,JL. K.H. MAS MANSYUR KAV. 126 RT 009 / 003
雅加达,City Walk Sudirman,-6.2089418,106.8184173,136.5,≥80米,商场,官方(DPMPTSP),,Jl. K.H. Mas Mansyur Kav. 121 RT13/ RW11
雅加达,Liberty,-6.1024676,106.7398633,136.2,≥80米,写字楼,官方(DPMPTSP),,JL. PANTAI INDAH KAPUK BOULEVARD
雅加达,Eiffel,-6.1030032,106.7401265,136.2,≥80米,写字楼,官方(DPMPTSP),,JL. PANTAI INDAH KAPUK BOULEVARD
雅加达,The Newton 1,-6.220957,106.8186379,135.9,≥80米,综合体,官方(DPMPTSP),,JL. Karet Sawah No. 219 RT. 003/RW. 003
雅加达,Tower 3,-6.2290489,106.8023493,135.8,≥80米,综合体,官方(DPMPTSP),,"Jl. Senopati No.41, RT.8/RW.2, Senayan, Kby. Baru, Kota Jakarta Selatan, Daerah Khusus Ibukota Jakarta 12190"
雅加达,APARTEMEN MENTENG PARK (TOWER 2/SAPPHIRE),-6.1909146,106.8400253,135.7,≥80米,综合体,官方(DPMPTSP),,Jl. Cikini Raya No. 79 RT. 02 RW. 02
雅加达,The Capital Residence ( Menara B & C ),-6.2252104,106.8114224,135.4,≥80米,综合体,官方(DPMPTSP),,"Kawasan SCBD Lot 24, Jl. Jend. Sudirman No. 52-53"
雅加达,Terra Verde Tower,-6.2145891,106.8349798,135.3,≥80米,综合体,官方(DPMPTSP),,"Jl. Kuningan Mulia Boulevard, RT.4/RW.1, Karet, Kecamatan Setiabudi, Kota Jakarta Selatan, Daerah Khusus Ibukota Jakarta 12920"
雅加达,Apartemen Sudirman Park Tower 2A,-6.2053926,106.818113,135.2,≥80米,公寓,官方(DPMPTSP),,Jl. KH. Mas Mansyur Kav. 35 RT 12 / RW 11
雅加达,Nice Garden,-6.1496124,106.8919192,134.9,≥80米,综合体,官方(DPMPTSP),,Komplek Kelapa Gading Square Jl. Boulevard Barat Kelapa Gading RW. 19
雅加达,Hotel Ayana Midplaza Jakarta,-6.2090382,106.8197146,134.7,≥80米,公寓,官方(DPMPTSP),,Jl. Jenderal Sudirman No.Kav 10-11
雅加达,Mal dan Aparetemen Ambassador,-6.2240214,106.8274019,134.4,≥80米,商场,官方(DPMPTSP),,"Jl. Prof. DR. Satrio No.65, RT.11/RW.4,"
雅加达,Apartemen Sudirman Park Tower 3B,-6.2059201,106.8182259,134.1,≥80米,公寓,官方(DPMPTSP),,Jl. KH. Mas Mansyur Kav. 35 RT 12 / RW 11
雅加达,AKR Gallery West Residence,-6.1926247,106.7675037,133.4,≥80米,公寓,官方(DPMPTSP),,JL. PANJANG NO. 5 / JL. PERJUANGAN RT.11/10
雅加达,GRAHA MANDIRI,-6.1974555,106.8246468,133.3,≥80米,写字楼,官方(DPMPTSP),,JL. IMAM BONJOL NO. 61 RT.8/RW.4
雅加达,BAYWALK MALL,-6.1075094,106.7784876,133.2,≥80米,商场,官方(DPMPTSP),JKT-006,JALAN PLUIT KARANG AYU BLOK B1 UTARA
雅加达,The Bellagio Residence,-6.2270897,106.824401,132.9,≥80米,综合体,官方(DPMPTSP),,Jalan Mega Kuningan Barat Kav. E4 No. 3 RT 005/002
雅加达,MENARA BIDAKARA 1,-6.2418303,106.8413468,132.7,≥80米,写字楼,官方(DPMPTSP),JKT-020,Jl. Gatot Subroto Kav.71-73
雅加达,Apartemen Sudirman Park 1A,-6.2050078,106.8180367,132.6,≥80米,公寓,官方(DPMPTSP),,Jl. KH. Mas Masnyur Kav. 35 Tower 1A RT 12 / RW 11
雅加达,Apartemen Sudirman Park Tower 4B,-6.2062917,106.8183084,132.6,≥80米,公寓,官方(DPMPTSP),,Jl. KH. Mas Mansyur Kav. 35 RT 12 / RW 11
雅加达,Lyon Garden,-6.1498945,106.8923849,132.6,≥80米,综合体,官方(DPMPTSP),,Komplek Kelapa Gading Square Jl. Boulevard Barat Kelapa Gading RW. 19
雅加达,Lourdes Garden,-6.1493487,106.8914628,132.6,≥80米,综合体,官方(DPMPTSP),,Komplek Kelapa Gading Square Jl. Boulevard Barat Kelapa Gading RW. 19
雅加达,（无名）,-6.2898385,106.8071309,132.2,≥80米,未分类,官方(DPMPTSP),JKT-021,—
雅加达,Menara Merdeka,-6.1792196,106.820866,132.2,≥80米,写字楼,官方(DPMPTSP),,"Jl. Budi Kemuliaan I No. 2 RT 002 RW 003, Kelurahan Gambir, Kecamatan Gambir, Jakarta Pusat"
雅加达,Green Central City (Tower C),-6.1475575,106.8142354,132.2,≥80米,综合体,官方(DPMPTSP),,"Jl. Gajah Mada No.118 RT 010/RW 005, Glodok, Taman Sari, Jakarta Barat, DKI Jakarta, 11120"
雅加达,East Tower Essence Darmawangsa,-6.2579934,106.805667,132.1,≥80米,综合体,官方(DPMPTSP),,"Jl. Darmawangsa-X No.86, RT.007 RW.008"
雅加达,TOWER 2,-6.2286626,106.8024501,132.1,≥80米,综合体,官方(DPMPTSP),,"JL. SENOPATI RAYA NO. 41 RT.008 RW.002 KEL. SENAYAN KEC. KEBAYORAN BARU, JAKARTA SELATAN"
雅加达,PASAR BARU MANSION,-6.1628584,106.832314,132.1,≥80米,综合体,官方(DPMPTSP),,"Jl. Pintu Air V No.53, RT.4/RW.2"
雅加达,Green Central City (Tower B),-6.14745,106.8147648,132.0,≥80米,综合体,官方(DPMPTSP),,"Jl. Gajah Mada No.118 RT 010/RW 005, Glodok, Taman Sari, Jakarta Barat, DKI Jakarta, 11120"
雅加达,MNC Tower,-6.1841219,106.831503,131.9,≥80米,写字楼,官方(DPMPTSP),,"Jalan Kebon Sirih Kav 17-19, MNC Plaza Lantai 2, Podium 2, RT.15/RW.7, Kb. Sirih, Menteng, Kota Jakarta Pusat, Daerah Khusus Ibukota Jakarta 10340"
雅加达,NORTHLAND,-6.130038,106.83978,131.9,≥80米,综合体,官方(DPMPTSP),,JL. BUDI MULIA SIAGA 5 NO. 26 RT 011 RW 011
雅加达,Lippo North tower,-6.2610773,106.8123494,131.7,≥80米,综合体,官方(DPMPTSP),,"Jl. Kemang VI No.6, RT.12/RW.5, Bangka, Kec. Mampang Prpt., Kota Jakarta Selatan, Daerah Khusus Ibukota Jakarta 12150"
雅加达,Apartemen Sudirman Hill,-6.2111015,106.8134563,131.7,≥80米,公寓,官方(DPMPTSP),,Jl. Karet Pasar Baru Barat V No. 92 RT 013 RW003
雅加达,Paris Garden,-6.1504949,106.8934165,131.7,≥80米,综合体,官方(DPMPTSP),,Komplek Kelapa Gading Square Jl. Boulevard Barat Kelapa Gading RW. 19
雅加达,The Bellagio Residence,-6.2276196,106.8241121,131.6,≥80米,综合体,官方(DPMPTSP),,Jalan Mega Kuningan Barat Kav. E4 No. 3 RT 005/002
雅加达,APARTEMEN MENTENG PARK (TOWER 3/DIAMOND),-6.1900741,106.840806,131.5,≥80米,综合体,官方(DPMPTSP),,Jl. Cikini Raya No. 79 RT. 02 RW. 02
雅加达,Sentral Senayan III,-6.2270695,106.7989957,131.4,≥80米,综合体,官方(DPMPTSP),,Jl. Asia Afrika No. 8
雅加达,The Capital Residence ( B & C ),-6.2254821,106.8113383,131.1,≥80米,综合体,官方(DPMPTSP),,"Kawasan SCBD Lot 24, Jl. Jend. Sudirman No. 52-53"
雅加达,Apartement Lippo Mall,-6.2619346,106.8126598,130.8,≥80米,综合体,官方(DPMPTSP),JKT-022,"Jl. Kemang VI No.6, RT.12/RW.5, Bangka, Kec. Mampang Prpt., Kota Jakarta Selatan, Daerah Khusus Ibukota Jakarta 12150"
雅加达,permata hijau suite,-6.2123802,106.7845091,130.7,≥80米,综合体,官方(DPMPTSP),,Jl. Raya Kebayoran Lama No. 55
雅加达,APARTEMEN MENTENG PARK (TOWER 1/EMERALD),-6.1912817,106.839659,130.7,≥80米,综合体,官方(DPMPTSP),,Jl. Cikini Raya No. 79 RT. 02 RW. 02
雅加达,JW MARRIOT,-6.2271706,106.8270557,130.3,≥80米,综合体,官方(DPMPTSP),,Jl. Dr. Ide Agung Anak Gde Agung Kav. E.1-2
雅加达,HOTEL JW MARRIOT,-6.227145,106.8274254,130.3,≥80米,综合体,官方(DPMPTSP),,Jl. Dr. Ide Agung Anak Gde Agung Kav. E.1-2
雅加达,PASAR BARU MANSION,-6.1624379,106.8322093,130.0,≥80米,综合体,官方(DPMPTSP),,"Jl. Pintu Air V No.53, RT.4/RW.2"
雅加达,Mangga Dua Residence,-6.1398855,106.8272674,130.0,≥80米,公寓,官方(DPMPTSP),JKT-023,Jl. Mangga Dua Abdad / Jl. Pangeran Jayakarta No.111 RT 011RW 007
雅加达,Rosewood,-6.2367232,106.7874003,129.9,≥80米,综合体,官方(DPMPTSP),,JL. PAKUBUWONO VI NO. 70 RT. 003 RW. 001
雅加达,Apartemen Izzara (South),-6.2952523,106.8058726,129.8,≥80米,公寓,官方(DPMPTSP),,"Jl. TB Simatupang No. Kav. 16, Cilandak Tim., Kec. Cilandak, Kota Jakarta Selatan, Daerah Khusus Ibukota Jakarta 12430"
雅加达,Apartemen Puri Imperium,-6.2095791,106.8327714,129.6,≥80米,综合体,官方(DPMPTSP),,Jl Kuningan Madya No.5
雅加达,THE MANSION AT KEMANG,-6.2549011,106.8105087,129.4,≥80米,综合体,官方(DPMPTSP),JKT-024,Jl. Kemang Raya No.3-5 RT 13 RW 01
雅加达,VICTORIA,-6.2998907,106.797528,129.1,≥80米,综合体,官方(DPMPTSP),,Jl. TB simatupang No. 2 Jakarta Selatan
雅加达,GEDUNG VERDE TOWER EAST,-6.2141639,106.8329247,128.9,≥80米,综合体,官方(DPMPTSP),,"Jl. H. Cokong, RT.3/RW.1, Karet, Setia Budi, Kota Jakarta Selatan, Daerah Khusus Ibukota Jakarta 12920"
雅加达,TOWER LUXURY,-6.1855811,106.7361657,128.9,≥80米,综合体,官方(DPMPTSP),,JL. PURI WANGI BLOK S
雅加达,The Elements Apartemen Tower I,-6.2166298,106.8344779,128.8,≥80米,公寓,官方(DPMPTSP),,Jl. H.R Rasuna Said
雅加达,Stature Residence,-6.1846746,106.828224,128.8,≥80米,综合体,官方(DPMPTSP),,Jl. Kebon Sirih 45-47 RT.008/RW.002
雅加达,The Capital Residence ( Menara A ),-6.2252971,106.8109915,128.5,≥80米,综合体,官方(DPMPTSP),,"Kawasan SCBD Lot 24, Jl. Jend. Sudirman No. 52-53"
雅加达,（无名）,-6.2897866,106.8068783,128.3,≥80米,未分类,官方(DPMPTSP),JKT-021,—
雅加达,APARTEMEN MENTENG PARK (TOWER 1/EMERALD),-6.1915651,106.8392876,128.3,≥80米,公寓,官方(DPMPTSP),,Jl. Cikini Raya No. 79 RT. 02 RW. 02
雅加达,Menara Mandiri Tower 1,-6.2241957,106.8078389,127.9,≥80米,写字楼,官方(DPMPTSP),,"Jl. Jend. Sudirman No.54-55 RT.5/RW.3, Senayan Kec. Kby. Baru Kota Jakarta Selatan, Daerah Khusus Ibukota Jakarta 12190"
雅加达,Gedung BRI II,-6.2173801,106.8138686,127.8,≥80米,写字楼,官方(DPMPTSP),,"Jl. Jend Sudirman Kav. 44-46 No.14, RT.14/RW.1"
雅加达,Menara Sjafrudin Prawiranegara,-6.1813673,106.8215353,127.7,≥80米,未分类,官方(DPMPTSP),,—
雅加达,Apartemen Puri Imperium,-6.2098649,106.832469,127.6,≥80米,综合体,官方(DPMPTSP),,Jl. Kuningan Madya No. 5
雅加达,The Bellagio Mansion,-6.2283173,106.8279951,127.1,≥80米,综合体,官方(DPMPTSP),JKT-025,Jl. DR. Ide Agung Gde Agung Kav. E6 RT 005 RW 002
雅加达,AMSTERDAM TOWER,-6.1729379,106.7309668,126.5,≥80米,综合体,官方(DPMPTSP),,JL. LINGKAR LUAR BARAT NO. 1 BLOK A
雅加达,JAKARTA STOCK EXCHANGE TOWER 2,-6.2240134,106.8085843,126.4,≥80米,写字楼,官方(DPMPTSP),,"Jl. Jend. Sudirman Kav. 52-53, Kel. Senayan, Kec. Kebayoran Baru, Kota Administrasi Jakarta Selatan"
雅加达,Menara Sun Life,-6.2301267,106.8256658,126.4,≥80米,写字楼,官方(DPMPTSP),,Jl. Lingkar Mega Kuningan
雅加达,THE MANHATTAN SQUARE,-6.2906882,106.810645,126.3,≥80米,写字楼,官方(DPMPTSP),,JL. LET. JEND. TB. SIMATUPANG KAV. 1S
雅加达,Menara 165,-6.2907257,106.8097311,126.3,≥80米,写字楼,官方(DPMPTSP),,JL TB SIMATUPANG KAV 1 RT 003 RW 003
雅加达,PLAZA BPJAMSOSTEK,-6.2073684,106.8288778,126.2,≥80米,商业类,官方(DPMPTSP),,Jl. HR. Rasuna Said Kav. 112 B
雅加达,Perpustakaan Nasional,-6.1816816,106.82684,126.2,≥80米,写字楼,官方(DPMPTSP),,Jl Medan Merdeka Selatan no. 11
雅加达,The H Tower,-6.2196011,106.8322642,125.9,≥80米,写字楼,官方(DPMPTSP),,"Jalan Haji R. Rasuna Said Kav. 20, RT.1/RW.5, Karet Kuningan, Setia Budi, Kota Jakarta Selatan, Daerah Khusus Ibukota Jakarta 12940"
雅加达,Menara Mandiri Tower 2,-6.2239766,106.8072405,125.9,≥80米,写字楼,官方(DPMPTSP),,"Jl. Jend. Sudirman No.54-55 RT.5/RW.3, Senayan Kec. Kby. Baru Kota Jakarta Selatan, Daerah Khusus Ibukota Jakarta 12190"
雅加达,Louvre,-6.2217316,106.7824611,125.9,≥80米,综合体,官方(DPMPTSP),,Jl. Letjen Soepeno No.34
雅加达,PACIFIC PLACE MALL,-6.2245873,106.8098033,125.8,≥80米,商场,官方(DPMPTSP),,SUDIRMAN CENTRAL BUSINESS DISTRICT (SCBD) JL. JENDRAL SUDIRMAN KAV 52-53 LOT. 3 RT/005 RW/001
雅加达,Versailles,-6.2221969,106.7833397,125.6,≥80米,综合体,官方(DPMPTSP),,Jl. Letjen Soepeno No.34
雅加达,Mangkuluhur ARTOTEL Suites,-6.2214962,106.8156199,125.5,≥80米,综合体,官方(DPMPTSP),,"Jl. Gatot Subroto Kav. II No.3, RT.1/RW.4, Karet Semanggi, Kecamatan Setiabudi, Kota Jakarta Selatan, Daerah Khusus Ibukota Jakarta 12930"
雅加达,Redwood,-6.2368123,106.784394,125.3,≥80米,综合体,官方(DPMPTSP),,"Jl. Sultan Iskandar Muda No. 12, RT. 7 / RW. 1"
雅加达,The Grove Suites by Grand Aston,-6.2182726,106.8343187,125.3,≥80米,公寓,官方(DPMPTSP),,"Kawasan Rasuna Epicentrum, Jl. H. R. Rasuna Said, Kuningan, Setiabudi, South Jakarta City, Jakarta 12960"
雅加达,Evian Garden,-6.1502498,106.8930178,125.1,≥80米,综合体,官方(DPMPTSP),,Komplek Kelapa Gading Square Jl. Boulevard Barat Kelapa Gading RW. 19
雅加达,SAN FRANCISCO TOWER,-6.1727431,106.731518,125.1,≥80米,综合体,官方(DPMPTSP),,JL. LINGKAR LUAR BARAT NO. 1 BLOK A
雅加达,Marygold,-6.1758941,106.7889898,125.0,≥80米,公寓,官方(DPMPTSP),,Jl. S. Parman Kav. 28  (Jl. Mediterania Garden)
雅加达,APARTEMEN LA MAISON BARITO,-6.2465621,106.7942723,124.7,≥80米,综合体,官方(DPMPTSP),,"Jl. BARITO II No. 56,"
雅加达,Emerald Tower,-6.1981862,106.8494989,124.7,≥80米,综合体,官方(DPMPTSP),,JL. Salemba Raya No. 16
雅加达,The East,-6.2292033,106.8252374,124.6,≥80米,非住宅,官方(DPMPTSP),JKT-017,Jl. Dr. Ide Anak Agung Gde Agung Kav. E 3.2 No.1
雅加达,TOWER SUMMER,-6.2062597,106.8259613,124.3,≥80米,公寓,官方(DPMPTSP),,Jl. Setia Budi Tengah No. 7
雅加达,Lavender,-6.1762441,106.7896071,124.2,≥80米,公寓,官方(DPMPTSP),,Jl. S. Parman Kav. 28  (Jl. Mediterania Garden)
雅加达,LANDMARK CENTRE TOWER B,-6.2038981,106.8246245,124.1,≥80米,写字楼,官方(DPMPTSP),,Jalan Jend Sudirman Kav 1
雅加达,GOLD COAST APARTEMEN,-6.1024758,106.7388778,124.0,≥80米,综合体,官方(DPMPTSP),,JL. PANTAI INDAH KAPUK BOULEVARD
雅加达,Magnolia Spring Tower,-6.1665913,106.7291885,124.0,≥80米,综合体,官方(DPMPTSP),,Jl. Lingkar Luar Barat Kav. 8
雅加达,Citra Tower,-6.1581662,106.8522911,123.9,≥80米,写字楼,官方(DPMPTSP),,Jl. Benyamin Suaeb Kav. A6 RT.013 RW.06
雅加达,RSPPN Panglima Besar Soedirman,-6.2683245,106.7665668,123.9,≥80米,医院,官方(DPMPTSP),,"Jl. RC. Veteran Raya No. 178, Bintaro, Kec. Pesanggrahan, Kota Jakarta Selatan, Daerah Khusus Ibukota Jakarta"
雅加达,GOLD COAST APARTEMEN,-6.1025457,106.7382864,123.8,≥80米,综合体,官方(DPMPTSP),,JL. PANTAI INDAH KAPUK BOULEVARD
雅加达,Cedar Height Tower,-6.1660883,106.7292209,123.8,≥80米,公寓,官方(DPMPTSP),,Jl. Lingkar Luar Barat Kav. 8
雅加达,Apartemen Providence Park,-6.2238399,106.7870644,123.7,≥80米,综合体,官方(DPMPTSP),,Jl. Kalimaya No.27
雅加达,GOLD COAST APARTEMEN,-6.1020436,106.7392748,123.7,≥80米,综合体,官方(DPMPTSP),,JL. PANTAI INDAH KAPUK BOULEVARD
雅加达,Landmark Centre,-6.2036976,106.8237089,123.6,≥80米,写字楼,官方(DPMPTSP),,Jl. Jendral Sudirman kav 1
雅加达,Victoria,-6.2995299,106.7979923,123.6,≥80米,综合体,官方(DPMPTSP),,Jl. TB simatupang No. 2 Jakarta Selatan
雅加达,GOLD COAST APARTEMEN,-6.1022318,106.7377922,123.6,≥80米,综合体,官方(DPMPTSP),,JL. PANTAI INDAH KAPUK BOULEVARD
雅加达,Wisma Keiai Indonesia,-6.2059552,106.821404,123.5,≥80米,写字楼,官方(DPMPTSP),,Jl. Jend. Sudirman Kav. 3 RT.10 RW.09
雅加达,Apartemen Sudirman Mansion,-6.2261914,106.8056016,123.3,≥80米,综合体,官方(DPMPTSP),,"Jl. Jend. Sudirman Kav. 59 No. 77, Jakarta 12190"
雅加达,Setiabudi Sky Garden (Tower 2),-6.2153825,106.8287181,122.9,≥80米,住宅类,官方(DPMPTSP),,"Jl. Setiabudi No.2 (Jl. Jabon 2), RT 018/ RW 02, DKI Jakarta 12940"
雅加达,TOWER SPRING,-6.2063252,106.826516,122.9,≥80米,综合体,官方(DPMPTSP),,Jl. Setia Budi Tengah No.7
雅加达,Sapphire Tower,-6.1978266,106.8498471,122.9,≥80米,综合体,官方(DPMPTSP),,JL. SALEMBA RAYA NO. 16
雅加达,HOTEL MANHATTAN,-6.2252128,106.8313374,122.8,≥80米,酒店,官方(DPMPTSP),,Jl. Prof. DR. Satrio No.Kav.19-24
雅加达,Sout Tower,-6.2622151,106.812653,122.8,≥80米,综合体,官方(DPMPTSP),JKT-022,"Kemang Village, Jl. Bangka Raya No.5, Bangka, Kec. Mampang Prpt., Kota Jakarta Selatan, Daerah Khusus Ibukota Jakarta 12720"
雅加达,SUDIRMAN TOWER CONDOMINIUM Tower A,-6.2204907,106.8162456,122.4,≥80米,综合体,官方(DPMPTSP),,"Jl. Garnisun 1 No.8 , RT.5/RW.4, Karet Semanggi, Kecamatan Setiabudi, Kota Jakarta Selatan, Daerah Khusus Ibukota Jakarta 12930"
雅加达,TOWER CRYSTAL,-6.1806431,106.7238777,122.4,≥80米,综合体,官方(DPMPTSP),,JL. PURI MANSION UTARA BOULEVARD
雅加达,TOWER BERLY,-6.1809833,106.7230508,122.3,≥80米,综合体,官方(DPMPTSP),,JL. PURI MANSION UTARA BOULEVARD
雅加达,TOWER AUTUMN,-6.2066739,106.8255978,122.2,≥80米,公寓,官方(DPMPTSP),,Jl. Setia Budi Tengah No.7
雅加达,TOWER SIGNATURE,-6.1862952,106.7361633,122.2,≥80米,综合体,官方(DPMPTSP),,JL. PURI WANGI BLOK S
雅加达,Puri Matahari,-6.1833494,106.730382,122.0,≥80米,未分类,官方(DPMPTSP),,—
雅加达,South Tower Essence Darmawangsa,-6.2587525,106.8042262,121.9,≥80米,综合体,官方(DPMPTSP),,"Jl. Darmawangsa-X No.86, RT.007 RW.017"
雅加达,TOWER NAKULA,-6.2818048,106.8186501,121.8,≥80米,综合体,官方(DPMPTSP),JKT-026,JL. AMPERA RAYA NO. 1A
雅加达,APARTEMEN TIFOLIA,-6.1753998,106.8926613,121.8,≥80米,综合体,官方(DPMPTSP),,JL. PERINTIS KEMERDEKAAN NO.23
雅加达,Apartmen Solterra Place,-6.2752539,106.8318703,121.7,≥80米,酒店,官方(DPMPTSP),JKT-027,"Jl. Condet Pejaten No.1 Pejaten Bar., Ps. Minggu, Kota Jakarta Selatan, Daerah Khusus Ibukota Jakarta 12510"
雅加达,The Mansion (Bougenville),-6.147896,106.8547201,121.7,≥80米,非住宅,官方(DPMPTSP),,Komp. Kemayoran Blok D7-2 dan Blok D4-1/2
雅加达,APARTEMEN CALLIA,-6.1759848,106.8932738,121.7,≥80米,公寓,官方(DPMPTSP),,JL. PERINTIS KEMERDEKAAN
雅加达,Tower 1,-6.2289417,106.8027904,121.3,≥80米,综合体,官方(DPMPTSP),,"Jl. Senopati Raya No.41, Jakarta 12190"
雅加达,Gedung Utama KPDJP,-6.2267231,106.814731,121.3,≥80米,未分类,官方(DPMPTSP),,—
雅加达,TOWER WINTER,-6.206818,106.826773,121.3,≥80米,公寓,官方(DPMPTSP),,Jl. Setia Budi Tengah No.7
雅加达,tower,-6.2549115,106.810281,121.2,≥80米,综合体,官方(DPMPTSP),JKT-024,Jl. Kemang Raya No.3-5 RT 13 RW 01
雅加达,South Tower,-6.2549015,106.8099407,121.1,≥80米,综合体,官方(DPMPTSP),,Jl. Kemang Raya No.3-5 RT 13 RW 01
雅加达,Tower 2,-6.2113597,106.8131115,120.9,≥80米,公寓,官方(DPMPTSP),,Jl. K.H. Mas Mansyur Kav.126 RT.13 RW.03
雅加达,TOWER DIAMOND,-6.179772,106.7242697,120.8,≥80米,综合体,官方(DPMPTSP),,JL. PURI MANSION UTARA BOULEVARD
雅加达,Apartemen Pondok Indah Residences (Tower Amala),-6.264635,106.7808527,120.5,≥80米,综合体,官方(DPMPTSP),,"Jl. Kartika Utama No. 47, RT. 006 RW. 003, Kel. Pondok Pinang, Kec. Kebayoran Lama, Jakarta Selatan"
雅加达,Tower Capilano,-6.1473114,106.8527027,120.4,≥80米,综合体,官方(DPMPTSP),,"Jl. Trembesi Blok D4, Kel. Pademangan Timur, Kec. Pademangan, Kota Jakarta Utara, Daerah Khusus Ibukota Jakarta 14410"
雅加达,Tower Bellavista,-6.1467579,106.8528945,120.4,≥80米,综合体,官方(DPMPTSP),,"Jl. Trembesi Blok D4, Kel. Pademangan Timur, Kec. Pademangan, Kota Jakarta Utara, Daerah Khusus Ibukota Jakarta 14410"
雅加达,Apartemen Simprug Indah,-6.2338939,106.7873272,120.3,≥80米,综合体,官方(DPMPTSP),,"Jl. Raya Teuku Nyak Arif, RT. 03/RW. 02"
雅加达,Apartemen Pondok Indah Residences (Tower Kartika),-6.2652582,106.7802314,120.3,≥80米,综合体,官方(DPMPTSP),,"Jl. Kartika Utama No. 47, RT. 006 RW. 003, Kel. Pondok Pinang, Kec. Kebayoran Lama, Jakarta Selatan"
雅加达,Pondok Indah Mall 3 dan Office Tower (Tower 5 dan 6),-6.2634813,106.782322,120.0,≥80米,写字楼,官方(DPMPTSP),,Jl. Sultan Iskandar Muda/Jl. Kartika Utama Blok V/TA Pondok Indah
雅加达,Sentra Senayan II,-6.2236112,106.7990039,119.9,≥80米,综合体,官方(DPMPTSP),,Jl. Asia Afrika No. 8
雅加达,The Mansion (Bougenville),-6.147527,106.8547748,119.5,≥80米,非住宅,官方(DPMPTSP),JKT-028,Komp. Kemayoran Blok D7-2 dan Blok D4-1/2
雅加达,Orange Groove Tower,-6.1655699,106.7290804,119.3,≥80米,综合体,官方(DPMPTSP),,Jl. Lingkar Luar Barat Kav. 8
雅加达,GEDUNG ARTHA GRAHA,-6.2245878,106.8110557,118.6,≥80米,写字楼,官方(DPMPTSP),,"Jl. Jend. Sudirman Kav. 52-53  SCBD, Kel. Senayan Kec. Kebayoran Baru Jakarta Selatan 12190"
雅加达,Tower 1,-6.2113091,106.8143802,118.6,≥80米,公寓,官方(DPMPTSP),,Jl. K.H. Mas Mansyur Kav.126 RT.11 RW.03
雅加达,T TOWER,-6.2422725,106.8373219,118.5,≥80米,写字楼,官方(DPMPTSP),,Jl. Jendral Gatot Subroto Kav.93 RT.002 RW.003
雅加达,TOWER SADEWA,-6.281168,106.8185481,118.4,≥80米,综合体,官方(DPMPTSP),,JL. AMPERA RAYA NO. 1A
雅加达,（无名）,-6.1677818,106.7425177,118.3,≥80米,未分类,官方(DPMPTSP),,—
雅加达,MEDITERANIA GAJAH MADA RESIDENCES (MENARA ALPHA),-6.149099,106.8154603,118.3,≥80米,综合体,官方(DPMPTSP),,"JL. Gajah Mada No. 174, RT 009/RW 005, Keagungan, Taman Sari, Jakarta Barat, DKI Jakarta, 11130"
雅加达,Sand,-6.2142692,106.8376855,118.1,≥80米,综合体,官方(DPMPTSP),,Jl. Epicentrum Boulevard Timur RT.016 RW.001
雅加达,Gedung Indosat,-6.1801252,106.8213957,118.0,≥80米,写字楼,官方(DPMPTSP),,"Jl. Medan Merdeka Barat Kav.20-21, Jakarta 10110"
雅加达,SENAYAN RESIDENCE TOWER 1.,-6.2226145,106.7944392,117.7,≥80米,综合体,官方(DPMPTSP),,JL. PATAL SENAYAN I NO. 5 RT 09/ RW 07.
雅加达,Solterra Apartmen,-6.275683,106.831447,117.6,≥80米,酒店,官方(DPMPTSP),,—
雅加达,Tower 2,-6.2525998,106.8054196,117.5,≥80米,综合体,官方(DPMPTSP),,Jl. Brawijaya Raya No. 20-22  RT.01 Rw.02 Kelurahan Pulo
雅加达,Sapphire Tower,-6.1976734,106.8502189,117.5,≥80米,综合体,官方(DPMPTSP),,JL. SALEMBA RAYA NO. 16
雅加达,Hotel Shangri-La Jakarta,-6.2031146,106.8188452,117.4,≥80米,酒店,官方(DPMPTSP),,Jalan Jenderal Sudirman  No.Kav.1 RT.10 RW.09
雅加达,SOPO DEL TOWER,-6.231167,106.8232904,117.2,≥80米,写字楼,官方(DPMPTSP),,"Jl. Mega Kuningan Barat III No.5, RT.3/RW.2, Kuningan, Kuningan Tim., Kecamatan Setiabudi, Kota Jakarta Selatan, Daerah Khusus Ibukota Jakarta 12950"
雅加达,Apartemen Poins Square,-6.2901267,106.7782603,117.0,≥80米,综合体,官方(DPMPTSP),,Jl. R.A. Kartini No 1 RT 9 RW 7
雅加达,Menara BNI,-6.2037982,106.8032207,117.0,≥80米,写字楼,官方(DPMPTSP),,"Jl. Pejompongan Raya No.16, RT.1/RW.5"
雅加达,Puri Financial International Tower,-6.1882726,106.7366593,117.0,≥80米,写字楼,官方(DPMPTSP),,Jalan Puri Lingkar Dalam
雅加达,Apartemen Madison Park,-6.1791342,106.7887711,116.8,≥80米,综合体,官方(DPMPTSP),,"Jl. Letjen S. Parman No.28 (Jl. Podomoro Avenue), RT.12/RW.6"
雅加达,Menara Karya,-6.232891,106.831193,116.6,≥80米,写字楼,官方(DPMPTSP),,"JL. H.R. Rasuna Said, Blok X-5, Kav. 1-2"
雅加达,APARTEMEN SETIABUDI RESIDENCE,-6.2164834,106.8290865,116.2,≥80米,公寓,官方(DPMPTSP),,Jl. Perbanas
雅加达,MENARA KADIN,-6.2321969,106.8319116,116.1,≥80米,写字楼,官方(DPMPTSP),,"Jl. H. R. Rasuna Said Blok X-5 No.Kav 3, RT.1/RW.2"
雅加达,Lacewood,-6.2364984,106.784816,115.7,≥80米,综合体,官方(DPMPTSP),,"Jl. Sultan Iskandar Muda No. 12, RT. 7 / RW. 1"
雅加达,Apartemen Royal Olive,-6.2769197,106.8295504,115.7,≥80米,酒店,官方(DPMPTSP),,"The Royal olive Residence, Jl. Buncit Raya No.101 1, RT.1/RW.7"
雅加达,Apartemen Kensington Royal Suites Tower B,-6.172262,106.895929,115.7,≥80米,综合体,官方(DPMPTSP),,Jl. Raya Kelapa Gading Boulevard No. 1
雅加达,Grand ITC Permata Hijau,-6.2210209,106.7843618,115.6,≥80米,综合体,官方(DPMPTSP),,Jl. Letjen Soepeno No.11
雅加达,Tower D,-6.1282481,106.8293891,115.6,≥80米,综合体,官方(DPMPTSP),,Jl. Lodan Raya No. 2A RT. 014/002
雅加达,Atria @Sudirman,-6.2135579,106.8173525,115.5,≥80米,写字楼,官方(DPMPTSP),,"Jl. Jend. Sudirman Kav. 33A, RT/RW. 003/002"
雅加达,Tower C,-6.1286456,106.8294567,115.3,≥80米,综合体,官方(DPMPTSP),,Jl. Lodan Raya No. 2A RT. 014/002
雅加达,TOWER AMETHYST,-6.1816917,106.7233888,115.3,≥80米,综合体,官方(DPMPTSP),,JL. PURI MANSION UTARA BOULEVARD
雅加达,WANG RESIDENCE,-6.1738491,106.7662918,115.2,≥80米,公寓,官方(DPMPTSP),,"Jalan Panjang Kav. 18, RT. 005, RW. 011"
雅加达,tower 1,-6.202145,106.8172718,115.1,≥80米,公寓,官方(DPMPTSP),JKT-029,jl jendral sudirman Kav.1 RT.10/RW.09
雅加达,Tower B,-6.1290918,106.829553,115.1,≥80米,综合体,官方(DPMPTSP),,Jl. Lodan Raya No. 2A RT. 014/002
雅加达,Apartemen Branz Mega Kuningan,-6.2286358,106.8219649,114.6,≥80米,综合体,官方(DPMPTSP),JKT-030,"JL. PERINTIS / JL. GURU MUGNI, RT 0 RW 0"
雅加达,Gedung Graha CIMB Niaga,-6.22499,106.8057878,114.6,≥80米,写字楼,官方(DPMPTSP),,"Jl. Jend. Sudirman Kav.58, Jakarta 12190"
雅加达,Apartemen Izzara (North),-6.2946835,106.8056122,114.6,≥80米,公寓,官方(DPMPTSP),,"Jl. TB Simatupang No. Kav. 16, Cilandak Tim., Kec. Cilandak, Kota Jakarta Selatan, Daerah Khusus Ibukota Jakarta 12430"
雅加达,Intiland Tower,-6.21434,106.8175109,114.6,≥80米,写字楼,官方(DPMPTSP),,JL. JEND. SUDIRMAN NO.KAV. 32
雅加达,TALAVERA OFFICE PARK,-6.2915295,106.8035351,114.5,≥80米,写字楼,官方(DPMPTSP),,Jl. TB. Simatupang Kav. 22-26
雅加达,GAYANTI CITY APARTMENT,-6.2395225,106.8294961,114.5,≥80米,公寓,官方(DPMPTSP),,"Jl. Gatot Subroto Kav. 2, RT.2/RW.2"
雅加达,SATRIO TOWER,-6.2252136,106.8282322,114.4,≥80米,写字楼,官方(DPMPTSP),,"-JL. PROF. DR. SATRIO KAV. C4, RT 07 RW 02"
雅加达,Elpis Residence,-6.1487027,106.8366028,114.4,≥80米,综合体,官方(DPMPTSP),,"Jl. Gunung Sahari Dalam XI No.23, RT.18/RW.3"
雅加达,Menara Prima,-6.230407,106.8262575,114.3,≥80米,写字楼,官方(DPMPTSP),,Jl. Lingkar Mega Kuningan Blok E 3.2 No. 3 & 4/Jl. Dr Ide Anak Agung Gde Agung Blok 6.2
雅加达,Menara Jamsostek Tower Utara,-6.2335984,106.8214997,114.1,≥80米,写字楼,官方(DPMPTSP),,"Jalan Jend. Gatot Subroto No.Kav.38, RT.6/RW.1"
雅加达,APARTEMENT ISTANA HARMONI,-6.1681474,106.819255,114.0,≥80米,综合体,官方(DPMPTSP),,"Jl. Sekolah No.7, RT.2/RW.8"
雅加达,Menara Jamsostek Tower Selatan,-6.2348759,106.8215291,113.9,≥80米,写字楼,官方(DPMPTSP),,"Jalan Jend. Gatot Subroto No.Kav.38, RT.6/RW.1"
雅加达,MENARA THAMRIN,-6.1855901,106.8221403,113.6,≥80米,写字楼,官方(DPMPTSP),,Jl. MH Thamrin Kav. No. 3
雅加达,ROYAL TOWER,-6.2461625,106.7864574,113.5,≥80米,综合体,官方(DPMPTSP),,"Jl. KH. Moh. Syafi'i Hadzami No.3, RT.3/RW.5"
雅加达,HOTEL MERCURE,-6.239698,106.8307953,113.4,≥80米,酒店,官方(DPMPTSP),,Jl. Gatot Subroto No.Kav. 1 Rt.06 Rw.02
雅加达,TOWER 2,-6.202209,106.8175375,113.4,≥80米,公寓,官方(DPMPTSP),,jl jendral sudirman KAV.1 RT.10 RW.09
雅加达,SUDIRMAN 7-8,-6.2080793,106.8205834,113.3,≥80米,写字楼,官方(DPMPTSP),,JL. JENDRAL SUDIRMAN KAV.7-8
雅加达,Flamboyan,-6.1764194,106.7879668,113.3,≥80米,综合体,官方(DPMPTSP),,Jl. S. Parman Kav. 28
雅加达,WISMA MANDIRI Tower II (MANDIRI),-6.1840178,106.8241608,113.1,≥80米,写字楼,官方(DPMPTSP),,"Jl. MH. Thamrin No.5 / Jl. Kebon Sirih No.83, Jakarta 10340"
雅加达,（无名）,-6.1059976,106.7387432,113.1,≥80米,非住宅,官方(DPMPTSP),,—
雅加达,APARTEMEN MEDITERANIA 2 Gardena,-6.1769013,106.7880805,113.1,≥80米,公寓,官方(DPMPTSP),,Jl. S. Parman Kav. 28
雅加达,WANG RESIDENCE,-6.1732241,106.7662502,112.7,≥80米,公寓,官方(DPMPTSP),,"Jalan Panjang Kav. 18, RT. 005, RW. 011"
雅加达,Life Tower - Lippo Kuningan,-6.2173015,106.830204,112.2,≥80米,写字楼,官方(DPMPTSP),,"Jl. H. R. Rasuna Said No.Kav. B12, RT.6/RW.7, Kuningan, Karet Kuningan, Kecamatan Setiabudi, Kota Jakarta Selatan, Daerah Khusus Ibukota Jakarta 12940"
雅加达,Casa Grande Residence (Tower Utara),-6.2231067,106.8417724,112.2,≥80米,综合体,官方(DPMPTSP),,Jl. Casablanca Raya Kav. 9 - 10
雅加达,Cosmo Residence,-6.1946898,106.817465,112.2,≥80米,公寓,官方(DPMPTSP),,Jl. Teluk Betung No.10
雅加达,Apartemen Tamansari Semanggi,-6.2268772,106.8193991,111.8,≥80米,综合体,官方(DPMPTSP),,"Jl. Komp. Polri No.134 8, RT.8/RW.2, Karet Semanggi, Kecamatan Setiabudi, Kota Jakarta Selatan, Daerah Khusus Ibukota Jakarta 12930"
雅加达,SOMERSET,-6.2590379,106.7808374,111.8,≥80米,综合体,官方(DPMPTSP),,Jl. Sultan Iskandar Muda No. 7
雅加达,Coral,-6.2139181,106.8376334,111.7,≥80米,综合体,官方(DPMPTSP),,Jl. Epicentrum Boulevard Timur RT.016 RW.001
雅加达,HAMILTON TOWER,-6.246178,106.7876514,111.6,≥80米,综合体,官方(DPMPTSP),,"Jl. KH. Moh. Syafi'i Hadzami No.3, RT.3/RW.5"
雅加达,Wisma Atlet Blok D10 Tower 2,-6.1508795,106.858644,111.6,≥80米,非住宅,官方(DPMPTSP),,Jl. Landasan Pacu Timur
雅加达,SENAYAN RESIDENCE TOWER 2.,-6.2229033,106.7939495,111.5,≥80米,综合体,官方(DPMPTSP),,JL. PATAL SENAYAN I NO. 5 RT 09/ RW 07.
雅加达,QUEEN TOWER,-6.2463256,106.7869421,111.5,≥80米,综合体,官方(DPMPTSP),,"Jl. KH. Moh. Syafi'i Hadzami No.3, RT.3/RW.5"
雅加达,Eternity Tower,-6.2299195,106.8072225,111.5,≥80米,综合体,官方(DPMPTSP),,Jl. Senopati Raya No. 83 Kav. 52-53 Kel. Senayan Kec. Kebayoran Baru Jakarta Selatan
雅加达,Dahlia,-6.1750283,106.7888669,111.5,≥80米,综合体,官方(DPMPTSP),,Jl. S. Parman Kav. 28
雅加达,Azalea,-6.1750265,106.7879759,111.3,≥80米,综合体,官方(DPMPTSP),,Jl. S. Parman Kav. 28
雅加达,PLAZA ASIA,-6.2255206,106.8051138,111.2,≥80米,写字楼,官方(DPMPTSP),,Jl. Jend. Sudirman Kav. 59 Jakarta Selatan 12190
雅加达,JAKARTA BOX TOWER,-6.1826331,106.8241738,111.0,≥80米,写字楼,官方(DPMPTSP),,JL KEBON SIRIH NO 48-50
雅加达,Puri Financial International Tower,-6.1886423,106.7366623,111.0,≥80米,非住宅,官方(DPMPTSP),,Jl. Puri Indah Blok T-4
雅加达,KING TOWER,-6.2464213,106.7872062,110.9,≥80米,综合体,官方(DPMPTSP),,"Jl. KH. Moh. Syafi'i Hadzami No.3, RT.3/RW.5"
雅加达,Wisma Atlet Blok C10 Tower 5,-6.1519232,106.8593233,110.9,≥80米,非住宅,官方(DPMPTSP),,Jl. Landasan Pacu Timur
雅加达,Mayapada Tower 2,-6.2133432,106.8203097,110.8,≥80米,写字楼,官方(DPMPTSP),,Jl. Jend. Sudirman Kav. 27
雅加达,SUDIRMAN SUITES,-6.2156135,106.8161724,110.8,≥80米,写字楼,官方(DPMPTSP),,"Jl. Jenderal Sudirman No.36 14, RT.14/RW.1"
雅加达,Wisma Atlet Blok D10 Tower 7,-6.1512975,106.860626,110.8,≥80米,非住宅,官方(DPMPTSP),,Jl. Landasan Pacu Timur
雅加达,Ironwood,-6.2363538,106.7859315,110.7,≥80米,综合体,官方(DPMPTSP),,Jl. Pakubuwono VI  No. 68
雅加达,SENAYAN RESIDENCE TOWER 3.,-6.222329,106.7939333,110.6,≥80米,综合体,官方(DPMPTSP),,JL. PATAL SENAYAN I NO. 5 RT 09/ RW 07.
雅加达,Eaglewood,-6.237442,106.7854528,110.6,≥80米,综合体,官方(DPMPTSP),,Jl. Pakubuwono VI No. 68
雅加达,Apartemen Tamansari Semanggi,-6.2261919,106.8189126,110.5,≥80米,综合体,官方(DPMPTSP),,"QRF9+FMC, Jl. Komp. Polri No.134 8, RT.8/RW.2, Karet Semanggi, Kecamatan Setiabudi, Kota Jakarta Selatan, Daerah Khusus Ibukota Jakarta 12930"
雅加达,Edelweis,-6.1758803,106.7879695,110.4,≥80米,公寓,官方(DPMPTSP),,Jl. S. Parman Kav. 28
雅加达,Heliconia,-6.1773559,106.7882258,110.3,≥80米,综合体,官方(DPMPTSP),,Jl. S. Parman Kav. 28
雅加达,Harmoni Exchange,-6.1642905,106.8208947,110.2,≥80米,酒店,官方(DPMPTSP),,"Jl. Hayam Wuruk No.6, RT.6/RW.2, Gambir, Kota Jakarta Pusat, Daerah Khusus Ibukota Jakarta 10120"
雅加达,Gedung IT Mandiri Bumi Slipi Jakarta Barat,-6.1739008,106.7917638,110.1,≥80米,写字楼,官方(DPMPTSP),JKT-015,"Jl. Gelong Baru Utara II No.4 Blok A, RT.1/RW.8, Tomang, Kec. Grogol petamburan, Kota Jakarta Barat, Daerah Khusus Ibukota Jakarta 11440"
雅加达,Chase Plaza,-6.2103911,106.8217517,110.0,≥80米,写字楼,官方(DPMPTSP),,"Gedung Chase Plaza, Jl. Jend. Sudirman Kav. 21, RT.10/RW.1, Kuningan, Karet, Kecamatan Setiabudi, Kota Jakarta Selatan"
雅加达,Jasmine,-6.1768599,106.7887421,110.0,≥80米,公寓,官方(DPMPTSP),,Jl. S. Parman Kav. 28
雅加达,WESMARK,-6.1804116,106.7937845,110.0,≥80米,综合体,官方(DPMPTSP),,JL. TANJUNG DUREN TIMUR 2 NO. 30
雅加达,Tower Southgate  2,-6.3076489,106.8407836,109.9,≥80米,综合体,官方(DPMPTSP),,"JL. RAYA TANJUNG BARAT, TANJUNG BARAT, JAGAKARSA, KOTA JAKARTA SELATAN"
雅加达,Kenanga,-6.1762332,106.788574,109.8,≥80米,公寓,官方(DPMPTSP),,Jl. S. Parman Kav. 28
雅加达,Apartemen Patria Park,-6.2433853,106.8759149,109.6,≥80米,酒店,官方(DPMPTSP),,JL. DI PANJAITAN NO.5-7 RT.005 RW.011
雅加达,Menara Mulia,-6.2243677,106.8168903,109.5,≥80米,写字楼,官方(DPMPTSP),,"Jl. Gatot Subroto No.Kav 8 , RT.2/RW.4,"
雅加达,Apartemen Plaza Senayan Tower C,-6.2233428,106.8004687,109.3,≥80米,综合体,官方(DPMPTSP),,JL. Tinju No.1 Gelora Tanah Abang Jakarta Pusat
雅加达,Panin Tower Senayan City,-6.2267066,106.7976778,109.2,≥80米,综合体,官方(DPMPTSP),,JL. Asia Afrika Lot.19 RT.02 RW.01 Kel. Gelora Kec. Tanah Abang Jakarta Pusat
雅加达,MID PLAZA,-6.2092417,106.8204622,109.1,≥80米,写字楼,官方(DPMPTSP),,JL. JEND SUDIRMAN KAV 10-11
雅加达,MENARA SAIDAH,-6.2438667,106.8592574,108.9,≥80米,写字楼,官方(DPMPTSP),,Jl. Letjen. M. T Haryono Kav 30 RT 003 RW 001
雅加达,Menara Bank Mega,-6.2407856,106.8301888,108.9,≥80米,写字楼,官方(DPMPTSP),,Jl.Kapten Tendean No.12A RT.002 RW.002
雅加达,THE BOULEVARD,-6.18335,106.8165433,108.9,≥80米,综合体,官方(DPMPTSP),,JL. KH. FACHRUDIN NO 5
雅加达,Grand Emerald,-6.1544399,106.9168681,108.8,≥80米,综合体,官方(DPMPTSP),,Jl. Pegangsaan Dua
雅加达,Wisma Nusantara,-6.193959,106.8237652,108.7,≥80米,写字楼,官方(DPMPTSP),,JL. MH. Thamrin No. 59 RT. 009 RW. 005
雅加达,SCTV Tower,-6.2279063,106.7970954,108.7,≥80米,综合体,官方(DPMPTSP),,JL. Asia Afrika Lot.19 RT.02 RW.01 Kel. Gelora Kec. Tanah Abang Jakarta Pusat
雅加达,Muamalat Tower,-6.2250978,106.8307824,108.6,≥80米,写字楼,官方(DPMPTSP),,"Jl. Prof. DR. Satrio Kav. 18A-18-25-27A, Kelurahan Karet Kuningan, Kecamatan Setiabudi, Kota Jakarta Selatan, Daerah Khusus Ibukota Jakarta 12940"
雅加达,Tower Bouvardia,-6.1464355,106.8518808,108.5,≥80米,综合体,官方(DPMPTSP),,"Jl. Benyamin Suaeb Blok D7, Kel. Pademangan Timur, Kec. Pademangan, Jakarta Utara, Daerah Khusus Ibukota Jakarta 14410"
雅加达,Ratu Plaza Tower,-6.2270638,106.8008767,108.4,≥80米,写字楼,官方(DPMPTSP),,"Jl. Jenderal Sudirman No.Kav. 9, Gelora Tanah Abang"
雅加达,MANDIRI INHEALTH TOWER,-6.2246199,106.825448,108.1,≥80米,写字楼,官方(DPMPTSP),,"Jl. Prof. Dr. Satrio Kav. E-IV No.6, Jalan Kuningan Barat Raya No.2, RT.5/RW.RW, Kuningan, Kuningan Tim., Kecamatan Setiabudi, Kota Jakarta Selatan, Daerah Khusus Ibukota Jakarta 12950"
雅加达,Wisma Atlet Blok D10 Tower 4,-6.1507314,106.8600555,108.0,≥80米,非住宅,官方(DPMPTSP),,Jl. Landasan Pacu Timur
雅加达,Tower Magnolia,-6.1466368,106.8509685,108.0,≥80米,综合体,官方(DPMPTSP),,"Jl. Benyamin Suaeb Blok D7, Kel. Pademangan Timur, Kec. Pademangan, Jakarta Utara, Daerah Khusus Ibukota Jakarta 14410"
雅加达,Tower Lavender,-6.1462543,106.8513793,108.0,≥80米,综合体,官方(DPMPTSP),,"Jl. Benyamin Suaeb Blok D7, Kel. Pademangan Timur, Kec. Pademangan, Jakarta Utara, Daerah Khusus Ibukota Jakarta 14410"
雅加达,Tower Marygold,-6.1460863,106.850921,107.9,≥80米,综合体,官方(DPMPTSP),,"Jl. Benyamin Suaeb Blok D7, Kel. Pademangan Timur, Kec. Pademangan, Jakarta Utara, Daerah Khusus Ibukota Jakarta 14410"
雅加达,Palma Tower,-6.2903148,106.7826744,107.7,≥80米,写字楼,官方(DPMPTSP),,Jl. R.A Kartini
雅加达,Casablanca mansion the executive,-6.2230482,106.8463118,107.6,≥80米,综合体,官方(DPMPTSP),,"Jl. Raya Casablanca No.14, RT.14/RW.5, Menteng Dalam, Kec. Tebet, Kota Jakarta Selatan, Daerah Khusus Ibukota Jakarta 12870"
雅加达,Tower Aurora,-6.1465657,106.8534439,107.6,≥80米,综合体,官方(DPMPTSP),,"Jl. Trembesi Blok D4, Kel. Pademangan Timur, Kec. Pademangan, Kota Jakarta Utara, Daerah Khusus Ibukota Jakarta 14410"
雅加达,Tower Dorada,-6.1478019,106.8530205,107.6,≥80米,综合体,官方(DPMPTSP),,"Jl. Trembesi Blok D4, Kel. Pademangan Timur, Kec. Pademangan, Kota Jakarta Utara, Daerah Khusus Ibukota Jakarta 14410"
雅加达,ALAMANDA TOWER,-6.2909762,106.804753,107.5,≥80米,写字楼,官方(DPMPTSP),,"Alamanda Tower, Jl. TB Simatupang No.kav 23-24, RT.1/RW.1, Cilandak Bar., Cilandak, Kota Jakarta Selatan, Daerah Khusus Ibukota Jakarta 12430"
雅加达,LEXINGTON RESIDENCE,-6.2736867,106.7670264,107.5,≥80米,综合体,官方(DPMPTSP),,"Jl. Deplu Raya No.12, RT.3/RW.3, Bintaro, Kec. Pesanggrahan, Kota Jakarta Selatan, Daerah Khusus Ibukota Jakarta 12330"
雅加达,VICTORY,-6.177222,106.8651113,107.5,≥80米,综合体,官方(DPMPTSP),,"Arandra Residence, Jl. Cempaka Putih Raya No.1 1, RT.1/RW.6, Cemp. Putih Tim., Kec. Cemp. Putih, Kota Jakarta Pusat, Daerah Khusus Ibukota Jakarta 10510"
雅加达,BELLEZZA OFFICE TOWER,-6.2213488,106.7817456,107.4,≥80米,写字楼,官方(DPMPTSP),,JL. ARTERI PERMATA HIJAU KEL GROGOL UTARA KEC. KEBAYORAN LAMA
雅加达,GAJAH MADA TOWER,-6.1605355,106.818708,107.3,≥80米,商场,官方(DPMPTSP),,JALAN GAJAH MADA NO. 19 - 26  RT.2/RW.1
雅加达,The Mansion (Bougenville),-6.1483219,106.854658,107.3,≥80米,非住宅,官方(DPMPTSP),JKT-031,Komp. Kemayoran Blok D7-2 dan Blok D4-1/2
雅加达,MENARA TENDEAN,-6.23945,106.8244674,107.1,≥80米,写字楼,官方(DPMPTSP),,JL KAPTEN TENDEAN No. 20C RT 01 RW 03
雅加达,TOWER MILAN,-6.1867985,106.7576835,107.1,≥80米,公寓,官方(DPMPTSP),,"Jl. Pilar Mas Utama Kav. 28, Rt. 005 Rw. 003"
雅加达,Wisma Barito Pacific II,-6.1987877,106.7991932,107.1,≥80米,写字楼,官方(DPMPTSP),,Jl. Letjend S. Parman Kav. 60
雅加达,TOWER A,-6.2242174,106.8389497,106.9,≥80米,综合体,官方(DPMPTSP),,"Jl. Puri Casablanca No.1, RT.4/RW.12, Menteng Dalam, Tebet, Kota Jakarta Selatan, Daerah Khusus Ibukota Jakarta 12870"
雅加达,TOWER B,-6.2238586,106.8388143,106.7,≥80米,公寓,官方(DPMPTSP),,"Jl. Puri Casablanca No.1, RT.4/RW.12, Menteng Dalam, Tebet, Kota Jakarta Selatan, Daerah Khusus Ibukota Jakarta 12870"
雅加达,TOWER C,-6.2231295,106.8385192,106.7,≥80米,综合体,官方(DPMPTSP),,"Jl. Puri Casablanca No.1, RT.4/RW.12, Menteng Dalam, Tebet, Kota Jakarta Selatan, Daerah Khusus Ibukota Jakarta 12870"
雅加达,Emerald,-6.1482482,106.854418,106.7,≥80米,综合体,官方(DPMPTSP),JKT-031,Jl. Trembesi Blok D
雅加达,TOWER D,-6.2227711,106.8383786,106.6,≥80米,综合体,官方(DPMPTSP),,"Jl. Puri Casablanca No.1, RT.4/RW.12, Menteng Dalam, Tebet, Kota Jakarta Selatan, Daerah Khusus Ibukota Jakarta 12870"
雅加达,"Apartemen Green Lake Sunter, (Tower2) Northern Park Residences",-6.1438268,106.8767334,106.6,≥80米,综合体,官方(DPMPTSP),,"Jl. Danau Sunter Selatan No.15 Blok M1, RT.15/RW.16 Jl. Danau Sunter Selatan No.15 Blok M1, RT.15/RW.16"
雅加达,SOHO PANCORAN ( podium dan tower 2),-6.24274,106.8452476,106.3,≥80米,写字楼,官方(DPMPTSP),JKT-014,JL. MT HARYONO KAV 2-3
雅加达,PERMATA HIJAU RESIDENCE ( PHR ),-6.2245843,106.7873205,106.2,≥80米,公寓,官方(DPMPTSP),,"JL. ARTERI / JL. KALIMAYA NO.48 RT05/09 GROGOL UTARA, KEBAYORAN LAMA, JAKARTA SELATAN"
雅加达,REVENUE TOWER (DISTRICT 8 @SCBD),-6.2276138,106.8070471,106.1,≥80米,写字楼,官方(DPMPTSP),,JL. JENDERAL SUDIRMAN Kav. 52-53 Lot. 13 RT 005 RW 003
雅加达,SWISSBEL RESIDENCES,-6.2138445,106.8370536,106.0,≥80米,公寓,官方(DPMPTSP),,JL. EPICENTRUM BOULEVARD TIMUR RT.002 RW.005
雅加达,Groria,-6.1474482,106.8541097,105.8,≥80米,综合体,官方(DPMPTSP),JKT-028,Jl. Trembesi Blok D
雅加达,Soho Residence,-6.1749356,106.7897463,105.8,≥80米,综合体,官方(DPMPTSP),JKT-032,Jl. Let. Jend. S. Parman Kav. 28
雅加达,APARTEMEN BRANZ SIMATUPANG,-6.2935905,106.7865894,105.6,≥80米,综合体,官方(DPMPTSP),,JL. R.A. KARTINI NO 9 / JL. KAIMUN JAYA
雅加达,Apartemen Senayan City Residence,-6.2268727,106.7967272,105.6,≥80米,综合体,官方(DPMPTSP),,JL. Asia Afrika Lot.19 RT.02 RW.01 Kel. Gelora Kec. Tanah Abang Jakarta Pusat
雅加达,MAQNA RESIDENCE,-6.1971034,106.7619038,105.6,≥80米,住宅,官方(DPMPTSP),,JL. RAYA MERUYA ILIR NO.88. KOMPLEK BUSINESS PARK. KEBON JERUK JAKARTA BARAT
雅加达,PT. Gudang Garam Tbk,-6.1719707,106.8759887,105.4,≥80米,写字楼,官方(DPMPTSP),,"Jl. Jend. Ahmad Yani No.79, RT.5/RW.7, East Cempaka Putih, Cempaka Putih, Central Jakarta City, Jakarta 10510"
雅加达,Telkomsel Smart Office,-6.230932,106.8174038,105.1,≥80米,写字楼,官方(DPMPTSP),,"The Telkom Hub, Jl. Gatot Subroto No.Kav. 52, RT.6/RW.1"
雅加达,Apartemen The Lavande Residences,-6.2362346,106.8432217,105.0,≥80米,综合体,官方(DPMPTSP),,"Jl. Prof. DR. Soepomo No.231, RT.7/RW.1"
雅加达,Tower A,-6.2104007,106.8240647,105.0,≥80米,公寓,官方(DPMPTSP),,Jl. Setiabudi Raya No. 9
雅加达,MALL TAMAN ANGGREK,-6.1777874,106.792693,104.8,≥80米,商场,官方(DPMPTSP),,JALAN LETJEN S. PARMAN KAV. 21 RT. 012 RW. 001
雅加达,B,-6.155061,106.8531922,104.7,≥80米,综合体,官方(DPMPTSP),,Jl. Landas Pacu Utara Selatan RT 13 RW 6
雅加达,Cosmo Residence,-6.1951575,106.8172938,104.5,≥80米,公寓,官方(DPMPTSP),,Jl. Teluk Betung No.10
雅加达,"Tower 1 Eminence, Essence Dharmawangsa Apartment",-6.2593753,106.8048763,104.4,≥80米,综合体,官方(DPMPTSP),,"Jl. Darmawangsa-X No.86, RT.007 RW.019"
雅加达,Gedung Nusantara I,-6.210289,106.7985868,104.4,≥80米,未分类,官方(DPMPTSP),,—
雅加达,C,-6.1543849,106.853075,104.2,≥80米,综合体,官方(DPMPTSP),,Jl Landas Pacu Utara Blok A1  RT 13 RW 6
雅加达,Manhattan Tower,-6.1857835,106.7574541,104.2,≥80米,公寓,官方(DPMPTSP),,Jalan Pilar Mas Utama  Kavling 28  RT.005 RW.03
雅加达,Casa Grande Residence (Tower Selatan),-6.2237176,106.8418423,104.0,≥80米,综合体,官方(DPMPTSP),,Jl. Casablanca Raya Kav. 9 - 10
雅加达,Citywalk Gajah Mada,-6.1452928,106.8150959,103.9,≥80米,非住宅,官方(DPMPTSP),JKT-033,"Jl. Gajah Mada No. 211-212, RT. 014/RW. 001"
雅加达,Fraser Place Setiabudi (Tower 3),-6.2153795,106.8292092,103.8,≥80米,综合体,官方(DPMPTSP),,"Jl. Setiabudi No.2 (Jl. Jabon 2), RT 018/ RW 02, DKI Jakarta 12940"
雅加达,MENARA RAJAWALI,-6.227062,106.8263906,103.7,≥80米,写字楼,官方(DPMPTSP),,"Jl. DR. Ide Anak Agung Gde Agung, RT.5/RW.2"
雅加达,Apartemen Amethyst Tower,-6.1444945,106.8390018,103.6,≥80米,综合体,官方(DPMPTSP),,"Jl. Rajawali Selatan 2 No.1B, RT.7/RW.2"
雅加达,TOWER G,-6.3022586,106.8326954,103.4,≥80米,写字楼,官方(DPMPTSP),,Jl. TB. Simatupang Kav. 88 RT. 001 RW. 001
雅加达,Gedung Sapta Pesona,-6.1792587,106.8216103,103.2,≥80米,写字楼,官方(DPMPTSP),,"Jl. Medan Merdeka Barat No.17-19 2, RT.2/RW.3"
雅加达,MENARA BANK DANAMON,-6.2157276,106.8313556,103.1,≥80米,写字楼,官方(DPMPTSP),,"Jl. HR. Rasuna Said Blok C No. 10, RT 010 / RW 007"
雅加达,"Apartemen Green Lake Tower 1, (Southern Lake Residences)",-6.1447719,106.8752395,103.1,≥80米,综合体,官方(DPMPTSP),,"Komplek Podomoro Sport Centre, Jl. Danau Sunter Selatan Blok M - 1, RT.15/RW.16"
雅加达,Hotel Menara Peninsula,-6.1900158,106.7980182,103.1,≥80米,酒店,官方(DPMPTSP),,"JL. LETJEN. S. PARMAN NO. 78,  KEL. SLIPI, KEC. PALMERAH, JAKARTA BARAT"
雅加达,WTC 2,-6.2154841,106.8214384,103.0,≥80米,写字楼,官方(DPMPTSP),,Jl. Jenderal Sudirman Kav. 29-31
雅加达,APARTEMEN BRANZ SIMATUPANG,-6.2930616,106.7864025,103.0,≥80米,综合体,官方(DPMPTSP),,JL. R.A. KARTINI NO 9 / JL. KAIMUN JAYBA
雅加达,MNC BANK,-6.1833332,106.8307985,103.0,≥80米,未分类,官方(DPMPTSP),,Jl. Kebon Sirih
雅加达,Tower A,-6.1294933,106.8296138,102.9,≥80米,综合体,官方(DPMPTSP),,Jl. Lodan Raya No. 2A RT.  014/002
雅加达,BANGUNAN TERBENGKALAI,-6.2005749,106.8417376,102.8,≥80米,综合体,官方(DPMPTSP),JKT-034,JLN PEGANGSAAN BARAT NO 22
雅加达,Shanghai,-6.0935465,106.7932345,102.8,≥80米,综合体,官方(DPMPTSP),,Jalan Raya Pantai Mutiara
雅加达,Tower Dove,-6.1578129,106.7121474,102.8,≥80米,公寓,官方(DPMPTSP),,Jl. Daan Mogot KM. 16 RT. 009 RW. 001
雅加达,Metropolitan Tower,-6.2930385,106.7847291,102.7,≥80米,写字楼,官方(DPMPTSP),,Jl. R.A.Kartini
雅加达,Tower Bulgari,-6.1466068,106.85234,102.7,≥80米,综合体,官方(DPMPTSP),,"Jl. Benyamin Suaeb Blok D7, Kel. Pademangan Timur, Kec. Pademangan, Jakarta Utara, Daerah Khusus Ibukota Jakarta 14410"
雅加达,Sandalwood,-6.2374615,106.786113,102.6,≥80米,综合体,官方(DPMPTSP),,Jl.Pakubuwono VI No.68
雅加达,PERMATA BERLIAN RESIDENCE,-6.2239492,106.7816483,102.6,≥80米,综合体,官方(DPMPTSP),,"Jl. Permata Berlian No.V, RT.14/RW.2"
雅加达,New York,-6.0934488,106.7926761,102.6,≥80米,综合体,官方(DPMPTSP),,"Jl. Raya Pantai Mutiara Blok VA, Kel. Pluit, Kec. Penjaringan Jakarta utara"
雅加达,TOWER 1,-6.3070129,106.8405846,102.4,≥80米,综合体,官方(DPMPTSP),,JL. RAYA LENTENG AGUNG / JL. TANJUNG UTAMA / JL. NANGKA RT.012 RW.002
雅加达,Tower Sandalwood,-6.1495552,106.8520436,102.3,≥80米,综合体,官方(DPMPTSP),,"Jl. Damar Blok D6, Kel. Pademangan Timur, Kec. Pademangan, Jakarta Utara, Daerah Khusus Ibukota Jakarta 14410"
雅加达,A,-6.1551927,106.8524767,102.1,≥80米,综合体,官方(DPMPTSP),,Jl Landas Pacu Barat Blok A1 RT 13 RW 6
雅加达,AEON Mall Tanjung Barat,-6.3062408,106.8403563,101.8,≥80米,商场,官方(DPMPTSP),,Jl. Raya Lenteng Agung / Jl. Tanjung Utama / Jl. Nangka
雅加达,MENARA ANUGRAH,-6.2313336,106.8275793,101.7,≥80米,写字楼,官方(DPMPTSP),,"Taman E3.3, Lot. 8.6, Jl. Mega Kuningan Barat No.8.7, RT.1/RW.2, Kuningan, Daerah Khusus Ibukota Jakarta 12950"
雅加达,Gran Rubina Business Park,-6.2195444,106.8335283,101.4,≥80米,写字楼,官方(DPMPTSP),,"Jl. Epicentrum Utama Raya, RT.1/RW.5, Karet Kuningan, Kecamatan Setiabudi, Kota Jakarta Selatan, Daerah Khusus Ibukota Jakarta 12940"
雅加达,BOUGENVILLE,-6.1742719,106.7881467,101.3,≥80米,公寓,官方(DPMPTSP),,Jl. S. Parman Kav. 28
雅加达,HOTEL GRAND MERCURE KEMAYORAN,-6.1535704,106.8498201,101.2,≥80米,酒店,官方(DPMPTSP),,"JL.KOTA BANDAR BARU KEMAYORAN BLOK B6, Kav. 6"
雅加达,Office 1 Prudential (Tower E),-6.2240687,106.8429208,101.0,≥80米,写字楼,官方(DPMPTSP),JKT-035,Jl. Casablanca Raya Kav. 9 - 10
雅加达,City 57,-6.1981406,106.8189633,101.0,≥80米,综合体,官方(DPMPTSP),,"Jl. Tlk. Betung I No.49, Kb. Melati, Kecamatan Tanah Abang, Kota Jakarta Pusat, Daerah Khusus Ibukota Jakarta 10230"
雅加达,Cattleya,-6.1742657,106.7885945,101.0,≥80米,公寓,官方(DPMPTSP),,Jl. S. Parman Kav. 28
雅加达,Apartemen SCBD Suites,-6.2255242,106.8119776,100.9,≥80米,综合体,官方(DPMPTSP),,"Jl. Jend. Sudirman Kav. 52-53 Lot 23B, Senayan, Kby. Baru, Kota Jakarta Selatan, Daerah Khusus Ibukota Jakarta 12190, Indonesia"
雅加达,Gedung Pertamina,-6.1727632,106.8321725,100.8,≥80米,未分类,官方(DPMPTSP),,—
雅加达,MENARA BTN,-6.167287,106.8195388,100.8,≥80米,写字楼,官方(DPMPTSP),,JALAN GAJAH MADA NO. 1
雅加达,Wisma 77 Tower 2,-6.1900012,106.7987314,100.8,≥80米,写字楼,官方(DPMPTSP),,"Jl. Tali Raya No. 08, Kel. Slipi, Kec. Palmerah, Jakarta Barat"
雅加达,SAMESTA MAHATA TANJUNG BARAT,-6.3090525,106.838439,100.7,≥80米,公寓,官方(DPMPTSP),,JL. Raya Lenteng Agung RT  04 RW 01 No 55
雅加达,MENARA CITICON,-6.1927431,106.7978816,100.5,≥80米,写字楼,官方(DPMPTSP),,"Jl. Letjen S. Parman No.Kav 72 4, RT.4/RW.3"
雅加达,Veranda Residence,-6.1893632,106.756351,100.4,≥80米,综合体,官方(DPMPTSP),,Jl. Pesanggrahan No. 28 RT 003 RW 009
雅加达,Grand ITC Permata Hijau,-6.2206971,106.7837674,100.1,≥80米,综合体,官方(DPMPTSP),JKT-036,Jl. Letjen Soepeno No. 11
雅加达,BAYWALK MALL,-6.107989,106.7799335,100.1,≥80米,商场,官方(DPMPTSP),JKT-005,PLUIT KARANG AYU BLOK B1 UTARA
雅加达,Cottonwood,-6.2368537,106.7866597,100.0,≥80米,综合体,官方(DPMPTSP),,Jl. Pakubuwono VI  No. 68
雅加达,Basswood,-6.2368314,106.7859176,99.9,≥80米,综合体,官方(DPMPTSP),,Jl. Pakubuwono VI No. 68
雅加达,Apartemen Salemba Residence,-6.1948358,106.8559543,99.9,≥80米,综合体,官方(DPMPTSP),,"Jl. Salemba Tengah II No.10, RT.5/RW.8"
雅加达,Tower Oakwood,-6.1497008,106.8511766,99.9,≥80米,综合体,官方(DPMPTSP),,"Jl. Damar Blok D6, Kel. Pademangan Timur, Kec. Pademangan, Jakarta Utara, Daerah Khusus Ibukota Jakarta 14410"
雅加达,PERMATA BERLIAN RESIDENCE,-6.2236109,106.7820072,99.8,≥80米,综合体,官方(DPMPTSP),,"Jl. Permata Berlian No.V, RT.14/RW.2"
雅加达,InterContinental Hotel & Residence Jakarta Pondok Indah,-6.2645093,106.7829818,99.7,≥80米,酒店,官方(DPMPTSP),,Jl Metro Pondok Indah Kav IV
雅加达,Apartemen The Ascott Jakarta,-6.1948713,106.8184809,99.7,≥80米,公寓,官方(DPMPTSP),,Jl. Kebon Kacang Raya No. 2
雅加达,A,-6.1562624,106.852019,99.7,≥80米,综合体,官方(DPMPTSP),,Jl Landas Pacu Barat Kav A6 RT 13 RW 06
雅加达,A,-6.1553537,106.8517126,99.6,≥80米,综合体,官方(DPMPTSP),,Jl Bundaran Akbar No 28 RT 13 RW 06
雅加达,Graha Pratama Building,-6.2425207,106.8510846,99.5,≥80米,写字楼,官方(DPMPTSP),,Jl. Letjen M.T. Haryono Kav 15 Rt.011 Rw.05
雅加达,B,-6.1567147,106.8518999,99.5,≥80米,综合体,官方(DPMPTSP),JKT-037,Jl Landas Pacu Barat Kav A6 RT 13 RW 06
雅加达,Tower Lotus,-6.1469882,106.851944,99.4,≥80米,综合体,官方(DPMPTSP),,"Jl. Benyamin Suaeb Blok D7, Kel. Pademangan Timur, Kec. Pademangan, Jakarta Utara, Daerah Khusus Ibukota Jakarta 14410"
雅加达,MID POINT PLAZA,-6.1838866,106.8149991,99.1,≥80米,写字楼,官方(DPMPTSP),,"JL. KH. FACHRUDIN NO. 22, 24, 26 RT. 001 RW. 005"
雅加达,A,-6.154861,106.8515674,99.1,≥80米,综合体,官方(DPMPTSP),,Jl Bundaran Akbar No 28 RT 13 RW 06
雅加达,MEDITERANIA GAJAH MADA RESIDENCES TOWER BETHA,-6.1494614,106.8156761,99.0,≥80米,综合体,官方(DPMPTSP),,"JL. Gajah Mada No. 174, RT 009/RW 005, Keagungan, Taman Sari, Jakarta Barat, DKI Jakarta, 11130"
雅加达,Grand Palace Tower D,-6.1610909,106.8530623,98.9,≥80米,综合体,官方(DPMPTSP),,"JL.ANGKASA BLOK  I /H BENYAMIN SUEB,JAKARTA PUSAT"
雅加达,Tower 2,-6.1571857,106.8520944,98.9,≥80米,综合体,官方(DPMPTSP),,"Jl. Benyamin Suaeb Blok A6, RT.13/RW.6"
雅加达,Apartemen Bona Vista,-6.2983944,106.7845052,98.8,≥80米,综合体,官方(DPMPTSP),,"Jl. Bona Vista Raya No.10, RT.10/RW.6"
雅加达,Urban Signature,-6.3244915,106.885694,98.8,≥80米,公寓,官方(DPMPTSP),,"Jalan Penganten Ali, No.88"
雅加达,APARTEMEN PESONA BAHARI,-6.139259,106.827741,98.7,≥80米,综合体,官方(DPMPTSP),,"Jl. Mangga Dua Abdad No.1, RT.17/RW.5, Mangga Dua Sel., Kecamatan Sawah Besar, Kota Jakarta Pusat, Daerah Khusus Ibukota Jakarta 10730"
雅加达,Apartemen Maple Park Tower B,-6.1497326,106.8565325,98.7,≥80米,综合体,官方(DPMPTSP),,"Jl. HBR Motik No.2 18, RT.18/RW.5"
雅加达,Grand Palace Tower C,-6.1606579,106.8531191,98.6,≥80米,综合体,官方(DPMPTSP),,"Jl. Benyamin Suaeb No.1, RT.13/RW.6"
雅加达,Lembaga Ketahanan Nasional Republik Indonesia,-6.1819636,106.8284666,98.4,≥80米,未分类,官方(DPMPTSP),,—
雅加达,Robinson Apartement B,-6.1408149,106.7925812,98.4,≥80米,综合体,官方(DPMPTSP),,"Jl. Jemb. Dua Raya No.2A 5, RT.5/RW.4, Pejagalan, Kec. Penjaringan, Jkt Utara, Daerah Khusus Ibukota Jakarta 14450"
雅加达,SOVEREIGN PLAZA,-6.2930633,106.8031576,98.3,≥80米,写字楼,官方(DPMPTSP),,"Jl. TB Simatupang No.Kav. 36, RT.1/RW.2, Cilandak Bar., Kec. Cilandak, Kota Jakarta Selatan, Daerah Khusus Ibukota Jakarta 12430"
雅加达,Rio De Janeiro,-6.0952441,106.7914908,98.3,≥80米,综合体,官方(DPMPTSP),,JI. Raya Pantai Mutiara Blok VA
雅加达,Citywalk Gajah Mada (Holiday Inn & Suites Jakarta Gajah Mada),-6.1454803,106.8152279,98.3,≥80米,综合体,官方(DPMPTSP),JKT-033,"Jl. Gajah Mada No. 211-212 RT 001/RW 001, Glodok, Taman Sari, Jakarta Barat, DKI Jakarta, 11120"
雅加达,InterContinental Hotel & Residence Jakarta Pondok Indah,-6.2649398,106.7823812,98.1,≥80米,综合体,官方(DPMPTSP),,Jl. Metro Pondok Indah Kavling IV
雅加达,18 OFFICE PARK,-6.2992758,106.8315671,98.0,≥80米,写字楼,官方(DPMPTSP),,"JL. TB SIMATUPANG NO.18, RT.2/RW.1"
雅加达,London,-6.0936478,106.7920581,98.0,≥80米,综合体,官方(DPMPTSP),,"KOMPLEK PERUMAHAN PANTAI MUTIARA BLOK U,V,W KEL. PLUIT, KEC. PENJARINGAN, JAKARTA UTARA"
雅加达,Robinson Apartement A,-6.1411914,106.7926048,98.0,≥80米,综合体,官方(DPMPTSP),,"Jl. Jemb. Dua Raya No.2A 5, RT.5/RW.4, Pejagalan, Kec. Penjaringan, Jkt Utara, Daerah Khusus Ibukota Jakarta 14450"
雅加达,Tower A,-6.1532296,106.8525901,97.9,≥80米,综合体,官方(DPMPTSP),JKT-038,Jalan Landas Pacu Utara Kav. 1 RT.013 RW.06
雅加达,Tower B,-6.2103956,106.823721,97.8,≥80米,公寓,官方(DPMPTSP),,Jl. Setiabudi Raya No. 9
雅加达,Tower Cannary,-6.1580263,106.7117526,97.8,≥80米,综合体,官方(DPMPTSP),,Jl. Daan Mogot KM. 16 RT. 009 RW. 001
雅加达,Somerset Grand Citra,-6.2248667,106.8247395,97.7,≥80米,公寓,官方(DPMPTSP),,Ciputra World Jakarta Jl. Prof. DR. Satrio No. 1 RT 5 RW 2
雅加达,One Casablanca Residence,-6.2247931,106.8452425,97.7,≥80米,酒店,官方(DPMPTSP),,"Jl. Pal Batu 1 No.12 11, RT.11/RW.4, Menteng Dalam, Kec. Tebet, Kota Jakarta Selatan, Daerah Khusus Ibukota Jakarta 12870"
雅加达,Somerset Grand Citra,-6.2242435,106.8248115,97.5,≥80米,公寓,官方(DPMPTSP),,"Ciputra World Jakarta, Jl. Prof. DR. Satrio No.1, RT.5/RW.2"
雅加达,ITS Office Tower,-6.2635286,106.843896,97.5,≥80米,公寓,官方(DPMPTSP),,Jl. Raya Pasar Minggu KM.18 No.18 RT.001 RW.001
雅加达,apartemen slipi tower,-6.2006695,106.7977991,97.5,≥80米,综合体,官方(DPMPTSP),,Jl. Letjend. S. Parman No. 22-24 RT. 001/RW. 004
雅加达,Puri Garden Apartemen,-6.18534,106.7353211,97.4,≥80米,综合体,官方(DPMPTSP),,Jalan Kembangan Raya
雅加达,APARTEMEN SLIPI TOWER,-6.200406,106.7981794,97.4,≥80米,综合体,官方(DPMPTSP),,Jl. Letjend. S. Parman No. 22-24 RT. 001/RW. 004
雅加达,L'Avenue Tower B,-6.2484306,106.844223,96.9,≥80米,综合体,官方(DPMPTSP),,"Jl. KH Guru Amin KM. 16, RT.7/RW.2"
雅加达,ROYAL KUNINGAN HOTEL,-6.2067485,106.8304759,96.9,≥80米,商业类,官方(DPMPTSP),JKT-039,jl. Kuningan Persada No 2
雅加达,WORLD CAPITAL TOWER,-6.2294828,106.8267202,96.9,≥80米,写字楼,官方(DPMPTSP),,JL LINGKAR MEGA KUNINGAN BLOK E.1.1 LOT 4.4 (D) KEL KUNINGAN TIMUR KEC SETIABUDI JAKARTA SELATAN
雅加达,Grand Palace Tower B,-6.1602048,106.853336,96.9,≥80米,综合体,官方(DPMPTSP),,"Jl. Benyamin Suaeb No.1, RT.13/RW.6"
雅加达,Tower 2,-6.2080552,106.8179847,96.9,≥80米,公寓,官方(DPMPTSP),,"Jl. K.H. Mas Mansyur Kav. 24, RT. 012 / RW. 011, Karet Tengsin, Tanah Abang, Kota Jakarta Pusat, Daerah Khusus Ibukota Jakarta 10220"
雅加达,New York,-6.1392908,106.7283275,96.9,≥80米,综合体,官方(DPMPTSP),JKT-040,JL.LINGKAR LUAR BARAT KOMPLEKS TAMAN PALEM LESTARI
雅加达,Gedung L'Avenue Tower C (Apartemen Selatan),-6.248665,106.844885,96.8,≥80米,综合体,官方(DPMPTSP),,"Jl. Raya Pasar Minggu KM. 16, RT.7/RW.2"
雅加达,Grand Palace Tower A,-6.1603111,106.8527833,96.5,≥80米,综合体,官方(DPMPTSP),,"Jl. Benyamin Suaeb No.1, RT.13/RW.6"
雅加达,PASADENA,-6.1387076,106.728411,96.5,≥80米,综合体,官方(DPMPTSP),,JL. TAMAN PALEM LESTARI
雅加达,Apartemen Plaza Senayan Tower B,-6.2240465,106.8008447,96.3,≥80米,综合体,官方(DPMPTSP),,JL. Tinju No.1 Gelora Tanah Abang Jakarta Pusat
雅加达,THE PEAK SUDIRMAN,-6.2100382,106.8240003,96.2,≥80米,公寓,官方(DPMPTSP),JKT-003,Jl. Setiabudi Raya No. 9
雅加达,Apartemen Salemba Residence,-6.1953428,106.8557879,96.2,≥80米,综合体,官方(DPMPTSP),,"Jl. Salemba Tengah II No.10, RT.5/RW.8"
雅加达,The Gade Tower,-6.1908433,106.8453737,96.0,≥80米,写字楼,官方(DPMPTSP),JKT-041,Jl. Kramat Raya No.162
雅加达,Sona Topas,-6.2129076,106.8204596,95.9,≥80米,写字楼,官方(DPMPTSP),,Jl. Jend. Sudirman Kav.26
雅加达,17,-6.2164413,106.8366208,95.9,≥80米,公寓,官方(DPMPTSP),,"Jl. Taman Rasuna Timur  No.16, RT.016 RW.001, Menteng Atas, Kecamatan Setiabudi, Kota Jakarta Selatan"
雅加达,NORTH,-6.2163737,106.8372715,95.8,≥80米,公寓,官方(DPMPTSP),,Jl. Taman Rasuna Timur. RT.016 RW.010
雅加达,7,-6.2187244,106.8366739,95.8,≥80米,综合体,官方(DPMPTSP),,"Jl. Taman Rasuna Timur  No.16, RT.016 RW.001"
雅加达,Mawar,-6.2101499,106.818339,95.8,≥80米,公寓,官方(DPMPTSP),,"Jl. Jenderal Sudirman No.Kav 86, RT.10/RW.11"
雅加达,Grand Palace Tower E,-6.161524,106.8529831,95.8,≥80米,综合体,官方(DPMPTSP),,"JL.ANGKASA BLOK I / H BENYAMIN SUEB,JAKARTA PUSAT"
雅加达,10,-6.218007,106.8365774,95.6,≥80米,综合体,官方(DPMPTSP),,"Jl. Taman Rasuna Timur  No.16, RT.016 RW.001"
雅加达,Melati,-6.2101979,106.8187854,95.5,≥80米,公寓,官方(DPMPTSP),,"Jl. Jenderal Sudirman No.Kav 86, RT.10/RW.11"
雅加达,BAYWALK MALL,-6.1080838,106.7790933,95.5,≥80米,商场,官方(DPMPTSP),,JALAN PLUIT KARANG AYU B1 UTARA
雅加达,14,-6.217294,106.83663,95.3,≥80米,综合体,官方(DPMPTSP),,"Jl. Taman Rasuna Timur  No.16, RT.016 RW.001"
雅加达,Kementerian Desa Pembangunan Tertinggal dan Transmigrasi,-6.1743138,106.8215179,95.3,≥80米,未分类,官方(DPMPTSP),,—
雅加达,El Hotel,-6.1522844,106.8958858,95.1,≥80米,酒店,官方(DPMPTSP),,Komplek Apartement Paladian Park Jl. Raya Gading Kirana No Kav 1 Rt. 018/008
雅加达,Tower 1,-6.2072144,106.8177928,95.0,≥80米,公寓,官方(DPMPTSP),,"Jl. K.H. Mas Mansyur Kav. 24, RT. 012 / RW. 011, Karet Tengsin, Tanah Abang, Kota Jakarta Pusat, Daerah Khusus Ibukota Jakarta 10220"
雅加达,The Sultan Residence Tower 2,-6.2194058,106.8088768,94.8,≥80米,公寓,官方(DPMPTSP),,—
雅加达,The Park Residence,-6.152065,106.8954629,94.8,≥80米,综合体,官方(DPMPTSP),,Komplek Apartement Paladian Park Jl. Raya Gading Kirana No Kav 1 Rt. 018/008
雅加达,Apartemen Semanggi,-6.2023287,106.8017214,94.7,≥80米,综合体,官方(DPMPTSP),,Jl. Jend. Gatot Subroto Kav. 53 B
雅加达,Menara Danareksa,-6.1811895,106.8248724,94.7,≥80米,写字楼,官方(DPMPTSP),,Jl. Medan Merdeka Selatan No. 14 RT.11 RW.2
雅加达,Apartemen Maple Park Tower A,-6.1496087,106.8573466,94.7,≥80米,综合体,官方(DPMPTSP),,"Jl. HBR Motik No.2 18, RT.18/RW.5"
雅加达,TOWER C,-6.3011045,106.8330982,94.6,≥80米,写字楼,官方(DPMPTSP),,JL. TB. SIMATUPANG KAV. 88
雅加达,South,-6.2167203,106.8373107,94.6,≥80米,综合体,官方(DPMPTSP),,"Jl. Taman Rasuna Timur, RT.016/RW.010, Menteng Atas, Kecamatan Setiabudi, Kota Jakarta Selatan"
雅加达,Lucky Tower Residence,-6.1409539,106.8135435,94.5,≥80米,综合体,官方(DPMPTSP),,"Pintu Besar Selatan II/ Jl. Pancoran No.42A RT 001/RW 006, Pinangsia, Taman Sari, Jakarta Barat, DKI Jakarta, 11110"
雅加达,OCBC TOWER,-6.2242285,106.827946,94.4,≥80米,写字楼,官方(DPMPTSP),,Jl. Prof. Dr. Satrio Kav. 25
雅加达,ARUMAYA RESIDENCE,-6.2925458,106.7830383,94.3,≥80米,综合体,官方(DPMPTSP),,"JL. RA. KARTINI / Jl. LEBAK BULUS RAYA I KAV. 15, RT.1/RW.4"
雅加达,Tower B,-6.173971,106.8398936,94.3,≥80米,综合体,官方(DPMPTSP),JKT-042,Jl. Senen Raya No 135 - 137
雅加达,Gedung BRI I,-6.2169912,106.8144501,94.2,≥80米,写字楼,官方(DPMPTSP),,"Jl. Jend. Sudirman Kav. 44-46 No.14, RT.14/RW.1"
雅加达,Tower A,-6.1271594,106.8050013,94.2,≥80米,综合体,官方(DPMPTSP),JKT-043,Jl. Pakin Raya No.1
雅加达,Apartemen Pavilion Tower 3,-6.2070907,106.8183485,94.1,≥80米,公寓,官方(DPMPTSP),,"Jl. K.H. Mas Mansyur Kav. 24, RT. 012 / RW. 011, Karet Tengsin, Tanah Abang, Kota Jakarta Pusat, Daerah Khusus Ibukota Jakarta 10220"
雅加达,Tower G,-6.1524882,106.8967611,94.1,≥80米,综合体,官方(DPMPTSP),,Komplek Apartement Paladian Park Jl. Raya Gading Kirana No Kav 1 Rt. 018/008
雅加达,Tower B,-6.1510831,106.8960488,94.0,≥80米,综合体,官方(DPMPTSP),,Komplek Apartement Paladian Park Jl. Raya Gading Kirana No Kav 1 Rt. 018/008
雅加达,Tower F,-6.1522464,106.896363,94.0,≥80米,综合体,官方(DPMPTSP),,Komplek Apartement Paladian Park Jl. Raya Gading Kirana No Kav 1 Rt. 018/008
雅加达,Tower B,-6.1275428,106.8052029,94.0,≥80米,综合体,官方(DPMPTSP),JKT-043,Jl. Pakin Raya No.1
雅加达,Pondok Indah Office Tower 3,-6.2629698,106.7818651,93.9,≥80米,写字楼,官方(DPMPTSP),,Jl. Sultan Iskandar Muda
雅加达,Tower 4,-6.2079311,106.8185376,93.9,≥80米,公寓,官方(DPMPTSP),,"Jl. K.H. Mas Mansyur Kav. 24, Karet Tengsin, Tanah Abang, Jakarta Pusat"
雅加达,Pelindo Tower,-6.1218759,106.894025,93.8,≥80米,非住宅,官方(DPMPTSP),,Jalan Yos Sudarso Kav. 09 RT. 006 RW. 013
雅加达,Twin Hotel,-6.1827743,106.7973687,93.8,≥80米,酒店,官方(DPMPTSP),,Jl. Letjen S. Parman Kav. 93 dan 94
雅加达,Wisma Indocement,-6.2052026,106.8229617,93.7,≥80米,写字楼,官方(DPMPTSP),,Jl. Jendral Sudirman Kav. 70-71 RT 003 RW 003
雅加达,1,-6.2200027,106.837187,93.7,≥80米,公寓,官方(DPMPTSP),,"Jl. Taman Rasuna Timur  No.16, RT.016 RW.001"
雅加达,Deutsche  Bank Building,-6.1955522,106.8242796,93.7,≥80米,写字楼,官方(DPMPTSP),,"Jl. Imam Bonjol No. 80,"
雅加达,Tower C,-6.1515222,106.8957259,93.7,≥80米,综合体,官方(DPMPTSP),,Komplek Apartement Paladian Park Jl. Raya Gading Kirana No Kav 1 Rt. 018/008
雅加达,Tower A,-6.1513615,106.8965212,93.7,≥80米,综合体,官方(DPMPTSP),,Komplek Apartement Paladian Park Jl. Raya Gading Kirana No Kav 1 Rt. 018/008
雅加达,Dubai,-6.0937856,106.7915882,93.7,≥80米,综合体,官方(DPMPTSP),,JI. Raya Pantai Mutiara Blok VA
雅加达,PHE TOWER,-6.300187,106.8330462,93.5,≥80米,写字楼,官方(DPMPTSP),,JL TB. SIMATUPANG RT.003/RW.001
雅加达,Plaza Indonesia Extention - The Plaza,-6.1928652,106.8222433,93.3,≥80米,非住宅,官方(DPMPTSP),JKT-007,"Jl. M.H. Thamrin No.Kav. 28-30, Kel. Gondangdia, Kec. Menteng, Jakarta Pusat"
雅加达,Tower Utara,-6.1883187,106.7679942,93.1,≥80米,公寓,官方(DPMPTSP),,Jalan Panjang  No.1  RT.013 RW.04
雅加达,The Sultan Residence Tower 1,-6.2201401,106.8088762,92.9,≥80米,公寓,官方(DPMPTSP),,—
雅加达,GP Plaza,-6.2027828,106.7994208,92.9,≥80米,非住宅,官方(DPMPTSP),,—
雅加达,Tower Selatan,-6.1888394,106.7678775,92.9,≥80米,公寓,官方(DPMPTSP),,Jalan Panjang  No.1  RT.013 RW.04
雅加达,GKM Green Tower,-6.3024314,106.8362975,92.8,≥80米,写字楼,官方(DPMPTSP),,Jl. Let. Jend. TB. Simatupang No. 89G RT 010 RW 002
雅加达,Apartemen Pondok Indah Residences (Tower Maya),-6.2645346,106.7800894,92.8,≥80米,公寓,官方(DPMPTSP),,"Jl. Kartika Utama No. 47, RT. 006 RW. 003, Kel. Pondok Pinang, Kec. Kebayoran Lama, Jakarta Selatan"
雅加达,3,-6.2194258,106.8366937,92.7,≥80米,综合体,官方(DPMPTSP),,"Jl. Taman Rasuna Timur  No.16, RT.016 RW.001"
雅加达,Tower A,-6.1734423,106.8398614,92.7,≥80米,综合体,官方(DPMPTSP),,Jl. Senen Raya No 135-137
雅加达,Tower C,-6.1740018,106.8393741,92.7,≥80米,综合体,官方(DPMPTSP),,Jl. Senen Raya No. 135 - 137
雅加达,（无名）,-6.1266738,106.8292017,92.7,≥80米,未分类,官方(DPMPTSP),JKT-044,—
雅加达,Tower Albatoss,-6.1571314,106.7118984,92.6,≥80米,综合体,官方(DPMPTSP),,"Jl. Daan Mogot Km. 16, RT.009 RW.001"
雅加达,TOWER 2,-6.1494159,106.8338667,92.5,≥80米,综合体,官方(DPMPTSP),,JL. KARTINI RAYA NO. 57 RT/RW: 003/002
雅加达,Tower Bluejay,-6.157594,106.7118127,92.5,≥80米,综合体,官方(DPMPTSP),,"Jl. Daan Mogot Km. 16, RT.009 RW.001"
雅加达,Red Top,-6.1637236,106.8281423,92.4,≥80米,综合体,官方(DPMPTSP),,"Jl. Pecenongan No.72 2, RT.2/RW.4,"
雅加达,HOTEL FOUR SEASON,-6.232606,106.8194975,92.2,≥80米,酒店,官方(DPMPTSP),JKT-045,"Jl. Gatot Subroto No.Kav 18, RT.6/RW.1,"
雅加达,GRAND PAKUBUWONO TERRACE,-6.2376228,106.7690874,92.1,≥80米,综合体,官方(DPMPTSP),,JL CILEDUG RAYA NO 99 RT 16 RW 5
雅加达,"Tower 2 Eminence, Essence Dharmawangsa Apartment",-6.2593394,106.8042367,92.1,≥80米,综合体,官方(DPMPTSP),,"Jl. Darmawangsa-X No.86, RT.007 RW.016"
雅加达,L'Avenue Tower A,-6.2485751,106.8437094,92.0,≥80米,综合体,官方(DPMPTSP),,"Jl. KH Guru Amin KM. 16 , RT.7/RW.2"
雅加达,Santa MOnica Bay,-6.1497839,106.89063,92.0,≥80米,综合体,官方(DPMPTSP),,Komplek Kelapa Gading Square Jl. Boulevard Barat Kelapa Gading RW. 19
雅加达,Ultima,-6.2127956,106.8355972,91.7,≥80米,综合体,官方(DPMPTSP),,JL. KUNINGAN MULIA LOT. 15
雅加达,ALILA SCBD,-6.2254752,106.8086261,91.7,≥80米,综合体,官方(DPMPTSP),JKT-046,KAWASAN SCBD KAV. 52-53 LOT 11 A. JL JEND SUDIRMAN KAV 52-53
雅加达,Permata Kuningan,-6.2121693,106.8339509,91.6,≥80米,商业类,官方(DPMPTSP),,"Jln. Kuningan Mulia kav. 9C, RT 006 RW 002"
雅加达,Senopati Penthouse,-6.2292555,106.8042931,91.6,≥80米,综合体,官方(DPMPTSP),,"Jl. Senopati No.44, RT.1/RW.2, Senayan, Kec. Kby. Baru, Kota Jakarta Selatan, Daerah Khusus Ibukota Jakarta 12190"
雅加达,WISMA ASIA,-6.1891697,106.7977146,91.5,≥80米,写字楼,官方(DPMPTSP),,Jl. Jend. S. Parman No. 79
雅加达,Graha Kartika Tower,-6.167279,106.7921389,91.5,≥80米,酒店,官方(DPMPTSP),,"Jl. Kyai Tapa No.101 4, RT.4/RW.16, Tomang, Kec. Grogol petamburan, Kota Jakarta Barat, Daerah Khusus Ibukota Jakarta 11440"
雅加达,MULTIVISION TOWER,-6.2120196,106.8334707,91.4,≥80米,综合体,官方(DPMPTSP),,JL. KUNINGAN MULIA LOT. 9B
雅加达,Menara Bidakara 2,-6.2406956,106.8410957,91.3,≥80米,写字楼,官方(DPMPTSP),,"JL. GATOT SUBROTO KAV. 71-73, RT.8/RW.8"
雅加达,Edge 2,-6.2139115,106.8351013,91.3,≥80米,写字楼,官方(DPMPTSP),,Jl. H.Cokong No. 4
雅加达,APARTEMEN SIMPRUG TERAS,-6.2323056,106.7892078,91.2,≥80米,综合体,官方(DPMPTSP),,"Jl. Teuku Nyak Arief, RT.4/RW.2, Grogol Sel., Kec. Kby. Lama, Kota Jakarta Selatan"
雅加达,MENARA GLOBAL,-6.2314652,106.8216167,91.1,≥80米,写字楼,官方(DPMPTSP),,"Jalan Jend. Gatot Subroto Kav. 27, RT.03 / RW.03"
雅加达,Gedung Sutikno Slamet,-6.1728423,106.8390308,91.1,≥80米,未分类,官方(DPMPTSP),,—
雅加达,Pondok Indah Golf Apartemen (Orchid Tower),-6.2726489,106.7845129,91.0,≥80米,综合体,官方(DPMPTSP),,Jl. Metro Pondok Indah
雅加达,Ascott Menteng Jakarta,-6.1842723,106.8283316,90.9,≥80米,综合体,官方(DPMPTSP),,Jl. Kebon Sirih RT.008/RW.002 No. 45-47
雅加达,The Kensington Royal Suites,-6.1728805,106.8951658,90.9,≥80米,综合体,官方(DPMPTSP),,"Jl. Boulevard Raya No.1, RT.1/RW.1, Klp. Gading Tim., Kec. Klp. Gading, Jkt Utara, Daerah Khusus Ibukota Jakarta 14240"
雅加达,Prudential Tower,-6.209463,106.8225643,90.8,≥80米,写字楼,官方(DPMPTSP),,Jl. Jend. Sudirman Kav. 79
雅加达,Prudential Centre,-6.223849,106.8426729,90.7,≥80米,写字楼,官方(DPMPTSP),,"Kota Kasablanka Lantai 15, Jl. Raya Casablanca No.Raya Kav. 88, RT.14/RW.5, Menteng Dalam, Kec. Tebet, Kota Jakarta Selatan, Daerah Khusus Ibukota Jakarta 12870"
雅加达,Graha Kartika Tower,-6.1678547,106.7920473,90.7,≥80米,酒店,官方(DPMPTSP),,"Jl. Kyai Tapa No.101 4, RT.4/RW.16, Tomang, Kec. Grogol petamburan, Kota Jakarta Barat, Daerah Khusus Ibukota Jakarta 11440"
雅加达,11,-6.2176149,106.8371915,90.6,≥80米,综合体,官方(DPMPTSP),,"Jl. Taman Rasuna Timur  No.16, RT.016 RW.001"
雅加达,South Quarter Tower E,-6.2960301,106.7857342,90.6,≥80米,写字楼,官方(DPMPTSP),,Jl. R.A. Kartini No.Kav. 8
雅加达,Apartemen Kensington Royal Suites Tower D,-6.1731871,106.8957703,90.6,≥80米,综合体,官方(DPMPTSP),,Jl. Raya Kelapa Gading Boulevard No. 1
雅加达,Gedung The Tower,-6.2253331,106.8175162,90.5,≥80米,写字楼,官方(DPMPTSP),,"Jl. Gatot Subroto No.27, RT.2/RW.4, Karet Semanggi, Kecamatan Setiabudi, Kota Jakarta Selatan, Daerah Khusus Ibukota Jakarta 12930"
雅加达,9,-6.2182829,106.8372263,90.5,≥80米,综合体,官方(DPMPTSP),,"Jl. Taman Rasuna Timur  No.16, RT.016 RW.001"
雅加达,MENARA MULTIMEDIA,-6.1824179,106.8302879,90.5,≥80米,写字楼,官方(DPMPTSP),,JL. KEBON SIRIH NO. 12
雅加达,South Quarter Tower D,-6.2954769,106.7855857,90.4,≥80米,写字楼,官方(DPMPTSP),,Jl. R.A. Kartini No.Kav. 8
雅加达,Tower F,-6.2233645,106.8803235,90.4,≥80米,综合体,官方(DPMPTSP),,"Jl. Basuki Rahmat No.1A, RT.8/RW.10, Cipinang Besar Sel., Jatinegara, Kota Jakarta Timur, Daerah Khusus Ibukota Jakarta 13410"
雅加达,Menara Edelweiss,-6.1442459,106.8383684,90.3,≥80米,综合体,官方(DPMPTSP),,"Jl. Rajawali Selatan I No.7, RT.3/RW.2"
雅加达,APARTEMEN PANTAI MUTIARA,-6.0972767,106.7918685,90.2,≥80米,综合体,官方(DPMPTSP),,JL. PANTAI MUTIARA BLOK T RT 10 RW 16
雅加达,TOKOPEDIA CARE TOWER,-6.1730187,106.730257,90.2,≥80米,综合体,官方(DPMPTSP),,Jl. Lingkar Luar Barat No. 101
雅加达,APARTEMEN PESONA BAHARI,-6.1396425,106.8288955,90.1,≥80米,综合体,官方(DPMPTSP),,"Jl. Mangga Dua Abdad No.1, RT.17/RW.5, Mangga Dua Sel., Kecamatan Sawah Besar, Kota Jakarta Pusat, Daerah Khusus Ibukota Jakarta 10730"
雅加达,Nasdem Tower,-6.1930081,106.8359288,90.0,≥80米,写字楼,官方(DPMPTSP),,Jl. RP Soeroso No. 42-46 RT. 002 RW. 002
雅加达,PATRA JASA,-6.2333511,106.8233823,89.9,≥80米,写字楼,官方(DPMPTSP),,"Jl. Jend. Gatot Subroto Kav 32-34, RT.6/RW.3"
雅加达,Tower 1,-6.1499038,106.8339923,89.9,≥80米,综合体,官方(DPMPTSP),JKT-047,JL. KARTINI RAYA NO. 57 RT/RW: 003/002
雅加达,GRAHA SURVEYOR INDONESIA,-6.2392891,106.8323758,89.8,≥80米,写字楼,官方(DPMPTSP),,"Jl. Gatot Subroto No.Kav. 56, RT.1/RW.4,"
雅加达,WISMA BUMIPUTERA,-6.2075623,106.8226099,89.6,≥80米,写字楼,官方(DPMPTSP),,Jl. Jend Sudirman Kav 75
雅加达,Apatemen Hayam Wuruk,-6.1515007,106.8189557,89.6,≥80米,综合体,官方(DPMPTSP),,"Jl. Hayam Wuruk No.108 RT.001 RW. 009, Maphar, Taman Sari, Jakarta Barat, DKI Jakarta, 11160"
雅加达,MEDITERANIA GAJAH MADA RESIDENCES TOWER ALPHA,-6.1491665,106.8158207,89.6,≥80米,综合体,官方(DPMPTSP),,"JL. Gajah Mada No. 174, RT 009/RW 005, Keagungan, Taman Sari, Jakarta Barat, DKI Jakarta, 11130"
雅加达,Hotel Mandarin Oriental,-6.1961751,106.823709,89.5,≥80米,酒店,官方(DPMPTSP),,Jl. JENDRAL SUDIRMAN NO 1 RT 01 RW 05
雅加达,Tower Fastron,-6.1778569,106.8321336,89.5,≥80米,写字楼,官方(DPMPTSP),,"Jl. Medan Merdeka Tim. No.11-13, RT.6/RW.1"
雅加达,Apartemen Pesona Bahari,-6.1394848,106.8283661,89.5,≥80米,综合体,官方(DPMPTSP),,"Jl. Mangga Dua Abdad No.1, RT.17/RW.5"
雅加达,MNC Studios Tower 1,-6.1935906,106.7670925,89.5,≥80米,写字楼,官方(DPMPTSP),,"MNC Studios Tower 1 Jalan Raya Perjuangan No 1 Komplek RCTI Kebon jeruk, RT 5 RW 10"
雅加达,Tower G,-6.2233607,106.8810211,89.5,≥80米,综合体,官方(DPMPTSP),,Jl. Basuki Rahmat No.1A
雅加达,APARTEMEN PANTAI MUTIARA,-6.098808,106.7916756,89.1,≥80米,综合体,官方(DPMPTSP),,JL. PANTAI MUTIARA BLOK T RT 10 RW 16
雅加达,WTC 1,-6.215225,106.8203619,89.0,≥80米,写字楼,官方(DPMPTSP),,Jl. Jendral Sudirman Kav. 29-31
雅加达,Tower Pertamax,-6.1775647,106.8325995,89.0,≥80米,写字楼,官方(DPMPTSP),,"Jl. Medan Merdeka Tim. No.11-13, RT.6/RW.1"
雅加达,Wisma Atlet Tower 9,-6.133893,106.8458878,89.0,≥80米,综合体,官方(DPMPTSP),,"Jl. Rajawali Utara, Kel. Pademangan Timur, Kec. Pademangan, Jakarta Utara, Daerah Khusus Ibukota Jakarta 14410"
雅加达,Casablanca Mansion 3BR,-6.2223441,106.8452727,88.7,≥80米,综合体,官方(DPMPTSP),,"Jl. Raya Casablanca No.Kav.9, Menteng Dalam, Kec. Tebet, Kota Jakarta Selatan, Daerah Khusus Ibukota Jakarta 12870"
雅加达,Apartemen Ambassade Residences,-6.2225529,106.8308995,88.6,≥80米,公寓,官方(DPMPTSP),,"Jl. Denpasar Raya No.Kav. 5 7, RT.16/RW.4, Kuningan, Karet Kuningan, Setiabudi, South Jakarta City, Jakarta 12950"
雅加达,Gedung Aston Priority Simatupang Hotel & Conference Center,-6.3013315,106.8348124,88.6,≥80米,酒店,官方(DPMPTSP),,"Jl. TB Simatupang No.kav 9, RT.002/RW.002, Kebagusan, Ps. Minggu, Kota Jakarta Selatan, Daerah Khusus Ibukota Jakarta 12520"
雅加达,ONE PARK RESIDENCE TOWER C,-6.2465291,106.7890618,88.5,≥80米,综合体,官方(DPMPTSP),,JL. KYAI MOH. SYAFII HADZAMI NO. 01 RT 1 RW 10
雅加达,Apartemen Puri Raya (Park Royale) Tower 2,-6.2124779,106.8097719,88.4,≥80米,酒店,官方(DPMPTSP),,"Jl. Gatot Subroto Kav. 35-37-39  No.114, RT.9/RW.2"
雅加达,Apartemen Capitol Suites,-6.1802742,106.8391031,88.3,≥80米,综合体,官方(DPMPTSP),,Jl. KKO Usman dan Harun Kav. 22-24
雅加达,Miami Bay,-6.1493306,106.8906187,88.2,≥80米,综合体,官方(DPMPTSP),,Komplek Kelapa Gading Square Jl. Boulevard Barat Kelapa Gading RW. 19
雅加达,Hawaian Bay,-6.1492108,106.8909684,88.2,≥80米,综合体,官方(DPMPTSP),,Komplek Kelapa Gading Square Jl. Boulevard Barat Kelapa Gading RW. 19
雅加达,Tower D,-6.2236566,106.8793032,88.1,≥80米,综合体,官方(DPMPTSP),,Jl. Basuki Rahmat No.1A
雅加达,Rusunawa PD Jaya Pasar Rumput,-6.2080488,106.8406411,88.0,≥80米,公寓,官方(DPMPTSP),,Jl. Lkr. Ps. Rumput No.38
雅加达,Apartemen Hampton Park-Tower A,-6.2818961,106.7903518,87.9,≥80米,综合体,官方(DPMPTSP),,"Jl. Terogong Raya No.18, RT.7/RW.10"
雅加达,E2,-6.1638173,106.8758315,87.9,≥80米,综合体,官方(DPMPTSP),,JL. LETJEN. SUPRAPTO KAV. 3 RT 01-06/RW 08
雅加达,Santa Monica Bay,-6.1500559,106.8903152,87.9,≥80米,综合体,官方(DPMPTSP),,Komplek Kelapa Gading Square Jl. Boulevard Barat Kelapa Gading RW. 19
雅加达,Tower E,-6.2236762,106.8801082,87.9,≥80米,综合体,官方(DPMPTSP),,Jl. Basuki Rahmat No.1A
雅加达,16,-6.2173426,106.8362704,87.8,≥80米,综合体,官方(DPMPTSP),,"Jl. Taman Rasuna Timur  No.16, RT.016 RW.001"
雅加达,6,-6.2187714,106.8363112,87.8,≥80米,公寓,官方(DPMPTSP),,"Jl. Taman Rasuna Timur  No.16, RT.016 RW.001"
雅加达,Tower B,-6.1625654,106.8929641,87.8,≥80米,综合体,官方(DPMPTSP),,Jl. Boulevard Bukit Gading Raya No. 15 Rt. 015/003
雅加达,San Fransisco,-6.1508201,106.8899496,87.8,≥80米,综合体,官方(DPMPTSP),,Komplek Kelapa Gading Square Jl. Boulevard Barat Kelapa Gading RW. 19
雅加达,The Talavera Suite,-6.2908449,106.8036695,87.7,≥80米,写字楼,官方(DPMPTSP),,Jl. TB. Simatupang Kav. 22-26
雅加达,hotel,-6.1746536,106.8946333,87.6,≥80米,酒店,官方(DPMPTSP),,"Jl. Boulevard Raya No.1, Klp. Gading Tim., Kec. Klp. Gading, Jkt Utara, Daerah Khusus Ibukota Jakarta 14240"
雅加达,ASPEN TOWER D,-6.3041403,106.7961829,87.5,≥80米,综合体,官方(DPMPTSP),,JL. RS. FATMAWATI NO. 1 RT 001 RW 001
雅加达,Kementerian Perhubungan,-6.1752532,106.8316276,87.5,≥80米,未分类,官方(DPMPTSP),,—
雅加达,15,-6.2169469,106.8365877,87.4,≥80米,公寓,官方(DPMPTSP),,"Jl. Taman Rasuna Timur  No.16, RT.016 RW.001"
雅加达,SCARLET,-6.1904789,106.8742525,87.4,≥80米,综合体,官方(DPMPTSP),,Jl. Jend. A. Yani Kav.49
雅加达,4,-6.2194718,106.8364033,87.3,≥80米,综合体,官方(DPMPTSP),,"Jl. Taman Rasuna Timur  No.16, RT.016 RW.001"
雅加达,"Tower A, B dan mall",-6.223878,106.8781164,87.3,≥80米,综合体,官方(DPMPTSP),,Jl. Basuki Rahmat No.1A
雅加达,MNC Studios Tower 3,-6.1949356,106.7667439,87.2,≥80米,写字楼,官方(DPMPTSP),,"MNC Studios Tower 3 Jalan Raya Perjuangan No 1 Komplek RCTI Kebon jeruk, RT 11 RW 10"
雅加达,Hotel Harris & Yello - Hayam Wuruk,-6.1642725,106.8212475,87.0,≥80米,非住宅,官方(DPMPTSP),,"Jl. Hayam Wuruk No.6, RT.6/RW.2, Gambir, Kota Jakarta Pusat, Daerah Khusus Ibukota Jakarta 10120"
雅加达,The Plaza Semanggi,-6.2202191,106.8142175,86.9,≥80米,商业/店铺,官方(DPMPTSP),,"Jl. Jend. Sudirman No. 50, RT. 001/ RW. 004, Kel. Karet Semanggi, Kec. Setiabudi, Kota Jakarta Selatan, Daerah Khusus Ibukota Jakarta 12930"
雅加达,Apartemen Bona Vista,-6.2988116,106.7845768,86.9,≥80米,综合体,官方(DPMPTSP),,"Jl. Bona Vista Raya No.10, RT.10/RW.6"
雅加达,Orchid,-6.1891839,106.8742506,86.9,≥80米,综合体,官方(DPMPTSP),,Jl. Jend. A. yani Kav.49
雅加达,Penelope,-6.1896705,106.8743429,86.8,≥80米,综合体,官方(DPMPTSP),,Jl. Jend. A. Yani Kav.49
雅加达,Wisma Atlet Tower 9,-6.1341749,106.8456009,86.8,≥80米,综合体,官方(DPMPTSP),,"Jl. Rajawali Utara, Kel. Pademangan Timur, Kec. Pademangan, Jakarta Utara, Daerah Khusus Ibukota Jakarta 14410"
雅加达,Apartemen Plaza Senayan Tower D,-6.2232253,106.7998814,86.7,≥80米,综合体,官方(DPMPTSP),,JL. Tinju No.1 Gelora Tanah Abang Jakarta Pusat
雅加达,C2,-6.1648079,106.8754844,86.6,≥80米,综合体,官方(DPMPTSP),,JL. LETJEN. SUPRAPTO KAV. 3 RT 01-06/ RW 08
雅加达,The Plaza Office Tower,-6.193539,106.8222136,86.5,≥80米,酒店,官方(DPMPTSP),JKT-048,"Jl. MH. Thamrin Kav. 28-30, Kel. Gondangdia, Kec. Menteng, Jakarta Pusat"
雅加达,E1,-6.163712,106.8761954,86.3,≥80米,综合体,官方(DPMPTSP),,JL. LETJEN. SUPRAPTO KAV. 3 RT 01-06/RW 08
雅加达,SUMMITMAS 1,-6.2267045,106.8036302,86.2,≥80米,写字楼,官方(DPMPTSP),,JL. JEND. SUDIRMAN KAV. 61-62
雅加达,A1,-6.1656737,106.8754751,86.2,≥80米,综合体,官方(DPMPTSP),,JL. LETJEN. SUPRAPTO KAV. 3 RT 01-06/RW 08
雅加达,Apartemen Sunter Icon,-6.1347819,106.8534238,86.2,≥80米,综合体,官方(DPMPTSP),,"Jl. Griya Sejahtera No.1, RT.8/RW.4"
雅加达,A2,-6.1657983,106.8750944,86.1,≥80米,综合体,官方(DPMPTSP),,JL. LETJEN. SUPRAPTO KAV. 3 RT 01-06/RW 08
雅加达,Apartemen Sunter Icon,-6.1346739,106.854027,86.1,≥80米,综合体,官方(DPMPTSP),,"Jl. Griya Sejahtera No.1, RT.8/RW.4"
雅加达,C1,-6.1646722,106.8758812,86.0,≥80米,综合体,官方(DPMPTSP),,JL. LETJEN. SUPRAPTO KAV. 3 RT 01-06/RW 08
雅加达,Wisma 76,-6.1908459,106.798296,86.0,≥80米,写字楼,官方(DPMPTSP),,Jl. Letjend S. Parman No. 76
雅加达,Wisma Atlet Blok D10 Tower 1,-6.1510324,106.8576634,85.8,≥80米,非住宅,官方(DPMPTSP),,Jl. Landasan Pacu Timur
雅加达,Casa Goya Park Residences,-6.201498,106.77833,85.7,≥80米,综合体,官方(DPMPTSP),,Jalan Raya Kebon Jeruk RT 4 RW 9
雅加达,Apartemen Hampton Park-Tower B,-6.2826563,106.7908014,85.6,≥80米,综合体,官方(DPMPTSP),,"Jl. Terogong Raya No.18, RT.7/RW.10"
雅加达,Arandra Residence,-6.1767508,106.8656844,85.6,≥80米,综合体,官方(DPMPTSP),JKT-049,"Jl. Cempaka Putih Raya No.1 1, RT.1/RW.6, Cemp. Putih Tim., Kec. Cemp. Putih, Kota Jakarta Pusat, Daerah Khusus Ibukota Jakarta 10510"
雅加达,Kirana Two Office Tower,-6.1649505,106.9143401,85.6,≥80米,写字楼,官方(DPMPTSP),,"Jl. Boulevard Timur No.88 5, RT.5/RW.2"
雅加达,APARTEMEN,-6.1718329,106.7875117,85.5,≥80米,酒店,官方(DPMPTSP),,Jl. Letjen S. Parman Kav. 3 RT. 007 RW. 002
雅加达,Plaza Oleos,-6.2982852,106.829893,85.4,≥80米,写字楼,官方(DPMPTSP),,Jl. TB Simatupang Kav. 53
雅加达,BLOK - A,-6.187453,106.8144575,85.4,≥80米,商场,官方(DPMPTSP),,JL. K.H FACHRUDIN
雅加达,HOTEL,-6.1714352,106.787798,85.4,≥80米,酒店,官方(DPMPTSP),,Jl. Letjen S. Parman Kav. 3 RT. 007 RW. 002
雅加达,INDOMOBIL TOWER,-6.242551,106.8645483,85.4,≥80米,写字楼,官方(DPMPTSP),,JL. LETJEN M.T HARYONO KAV. 9-11
雅加达,VICTORY,-6.1764966,106.8656835,85.3,≥80米,综合体,官方(DPMPTSP),JKT-049,"Arandra Residence, Jl. Cempaka Putih Raya No.1 1, RT.1/RW.6, Cemp. Putih Tim., Kec. Cemp. Putih, Kota Jakarta Pusat, Daerah Khusus Ibukota Jakarta 10510"
雅加达,The Empire,-6.2621605,106.8126889,85.2,≥80米,未分类,官方(DPMPTSP),JKT-022,—
雅加达,APPARTEMEN KEBAYORAN ICON,-6.2377016,106.7783212,85.1,≥80米,综合体,官方(DPMPTSP),,"JALAN CILEDUG RAYA NO.35, RT.5/RW.2"
雅加达,Mall Ciputral World,-6.2240546,106.8233313,84.9,≥80米,商业/店铺,官方(DPMPTSP),,"Jl. Prof. DR. Satrio Kav. 3-5, RT.18/RW.05, Kuningan, Karet Kuningan, Kecamatan Setiabudi, Kota Jakarta Selatan, Daerah Khusus Ibukota Jakarta 12940"
雅加达,TOWER A,-6.2458076,106.7885301,84.9,≥80米,综合体,官方(DPMPTSP),,"Jl. KH. Moh. Syafi'i Hadzami No.1, RT.1/RW.10"
雅加达,Emporium Pluit Mall,-6.1277109,106.7903836,84.9,≥80米,商场,官方(DPMPTSP),,Jl. Pluit Selatan Raya RT 023 RW 008
雅加达,Hayam Wuruk Plaza Tower,-6.1522669,106.8179496,84.9,≥80米,其他,官方(DPMPTSP),,"Jl. Hayam Wuruk No.108 RT.001 RW. 009, Maphar, Taman Sari, Jakarta Barat, DKI Jakarta, 11160"
雅加达,South Quarter Tower A,-6.2938921,106.7843405,84.8,≥80米,写字楼,官方(DPMPTSP),,Jl. R.A. Kartini No.Kav. 8
雅加达,Apartemen City Home Gading River View,-6.1505502,106.8901124,84.8,≥80米,公寓,官方(DPMPTSP),JKT-050,Jl. Boulevard Barat Raya
雅加达,Wisma Atlet Blok D10 Tower 1,-6.1506026,106.8582015,84.8,≥80米,非住宅,官方(DPMPTSP),,Jl. Landasan Pacu Timur
雅加达,INEWS,-6.1851262,106.8318437,84.7,≥80米,写字楼,官方(DPMPTSP),,Jl. K.H Wahid Hasyim no. 36-38
雅加达,Apartemen Hampton Park-Tower C,-6.2822414,106.7910054,84.6,≥80米,综合体,官方(DPMPTSP),,"Jl. Terogong Raya No.18, RT.7/RW.10"
雅加达,（无名）,-6.1262981,106.8291748,84.6,≥80米,未分类,官方(DPMPTSP),,—
雅加达,South Quarter Tower C,-6.2947267,106.7852281,84.5,≥80米,写字楼,官方(DPMPTSP),,Jl. R.A. Kartini No.Kav. 8
雅加达,South Quarter Tower B,-6.2938819,106.785136,84.5,≥80米,写字楼,官方(DPMPTSP),,Jl. R.A. Kartini No.Kav. 8
雅加达,Apartmen Plaza Senayan Tower A,-6.2245842,106.8008139,84.5,≥80米,综合体,官方(DPMPTSP),,JL. Tinju No.1 Gelora Tanah Abang Jakarta Pusat
雅加达,Summitmas II,-6.2262084,106.8042747,84.4,≥80米,写字楼,官方(DPMPTSP),,Jl. Jend. Sudirman Kav.61-62
雅加达,12,-6.2172253,106.837164,84.3,≥80米,公寓,官方(DPMPTSP),,"Jl. Taman Rasuna Timur  No.16, RT.016 RW.001"
雅加达,Casa Goya Park Residences,-6.2008616,106.7779807,84.1,≥80米,综合体,官方(DPMPTSP),,Jalan Raya Kebon Jeruk RT 4 RW 9
雅加达,Wisma Atlet Blok D10 Tower 6,-6.1520423,106.8601294,83.9,≥80米,非住宅,官方(DPMPTSP),,Jl. Landasan Pacu Timur
雅加达,SOHO RESIDENCES,-6.1753295,106.7901382,83.9,≥80米,综合体,官方(DPMPTSP),JKT-032,"Jl. Letjen S. Parman No.Kav. 28 3, RT.3/RW.5, Tj. Duren Sel., Kec. Grogol petamburan, Kota Jakarta Barat, Daerah Khusus Ibukota Jakarta 11470"
雅加达,Apartemen Hayam Wuruk,-6.1516605,106.8186672,83.9,≥80米,综合体,官方(DPMPTSP),,"Jl. Hayam Wuruk No.108 RT.001 RW. 009, Maphar, Taman Sari, Jakarta Barat, DKI Jakarta, 11160"
雅加达,GRHA MERAH PUTIH,-6.2300518,106.818579,83.7,≥80米,写字楼,官方(DPMPTSP),,"The Telkom Hub, Jl. Gatot Subroto No.Kav. 52, RT.6/RW.1"
雅加达,Apartemen Bumimas,-6.2808405,106.7952066,83.5,≥80米,综合体,官方(DPMPTSP),,"Jl. Terogong Raya No.18 3, RT.3/RW.10"
雅加达,Tower Richmond,-6.1529292,106.9081984,83.5,≥80米,综合体,官方(DPMPTSP),,Jl. Raya Kelapa Nias Blok. GN Rt. 001/006
雅加达,Gading Mediterania Residence,-6.1630766,106.8927183,83.4,≥80米,综合体,官方(DPMPTSP),,Jl. Boulevard Bukit Gading Raya No. 15 Rt. 015/003
雅加达,Tower Regent,-6.1525601,106.9075781,83.4,≥80米,综合体,官方(DPMPTSP),,"Jl, Raya Kelapa Nias Blok. GN RT. 001/006"
雅加达,Tower 8,-6.1872101,106.7579241,83.4,≥80米,公寓,官方(DPMPTSP),,"Jl. Pilar Mas Utama  Kav. 28 Blok. S, Rt. 005 Rw. 003"
雅加达,Mayapada Tower 1,-6.2137152,106.8200747,83.3,≥80米,写字楼,官方(DPMPTSP),,"Jl. Jend. Sudirman Kav. 28, Kel. Karet, Kec. Setiabudi, Jakarta Selatan"
雅加达,Sampoerna Strategic Square Tower Selatan,-6.2169063,106.8182576,83.3,≥80米,未分类,官方(DPMPTSP),JKT-013,—
雅加达,Manhattan,-6.1503912,106.8899441,83.3,≥80米,综合体,官方(DPMPTSP),JKT-050,Komplek Kelapa Gading Square Jl. Boulevard Barat Kelapa Gading RW. 19
雅加达,Rusunawa PD Jaya Pasar Rumput,-6.2074539,106.8409928,83.2,≥80米,公寓,官方(DPMPTSP),,Jl. Lkr. Ps. Rumput No.38
雅加达,SAMESTA MAHATA TANJUNG BARAT,-6.3084099,106.8386518,83.1,≥80米,公寓,官方(DPMPTSP),,"Jl. Raya Lenteng Agung No.55,RT.4 RW.1"
雅加达,（无名）,-6.1258689,106.8290368,83.1,≥80米,未分类,官方(DPMPTSP),JKT-051,—
雅加达,NERINE,-6.1888748,106.8733199,83.0,≥80米,综合体,官方(DPMPTSP),,Jl. Jend. A. Yani Kav.49
雅加达,Magnolia,-6.1896712,106.8735,83.0,≥80米,综合体,官方(DPMPTSP),,Jl. Jend. A. Yani Kav.49
雅加达,Rusunawa Pulo Jahe Tower A,-6.1961251,106.9289164,83.0,≥80米,公寓,官方(DPMPTSP),,Jl. Gedong Songo Kavling DPRD Pulo Jahe RT 6 RW 5
雅加达,SUDIRMAN TOWER CONDOMINIUM Tower C,-6.2197654,106.8161585,82.9,≥80米,综合体,官方(DPMPTSP),,"Jalan Garnisun Dalam No.8, RT.5/RW.4, Karet Semanggi, Setia Budi, Kota Jakarta Selatan, Daerah Khusus Ibukota Jakarta 12930"
雅加达,Plaza Sentral,-6.2169352,106.8163586,82.9,≥80米,写字楼,官方(DPMPTSP),,"JL. JENDRAL SUDIRMAN NO. KAV 47-48, RT.5/RW.4"
雅加达,GRAND SAHID JAYA,-6.2110238,106.8197947,82.9,≥80米,酒店,官方(DPMPTSP),,Jalan Jenderal Sudirman No.Kav.86
雅加达,BLOK - A,-6.1873814,106.814951,82.8,≥80米,商场,官方(DPMPTSP),,JL. KH. FACHRUDIN
雅加达,Rusunawa Pulo Jahe Tower B,-6.1966134,106.9287636,82.7,≥80米,公寓,官方(DPMPTSP),,Jl. Gedong Songo Kavling DPRD Pulo Jahe RT 6 RW 5
雅加达,Twin Hotel,-6.1824801,106.7976,82.6,≥80米,酒店,官方(DPMPTSP),,Jl. Letjen S. Parman Kav 93 dan 94
雅加达,8,-6.2186399,106.8373433,82.2,≥80米,公寓,官方(DPMPTSP),,"Jl. Taman Rasuna Timur  No.16, RT.016 RW.001"
雅加达,Apartemen Cervinno,-6.2250171,106.8510847,82.2,≥80米,综合体,官方(DPMPTSP),,Jl. KH Abdullah Syafei No.27 Rt.003 Rw.01
雅加达,Apartemen Permata Senayan,-6.2093125,106.7959458,82.2,≥80米,公寓,官方(DPMPTSP),,"Jl. Palmerah Selatan No.20A-21, RT.1/RW.7, Gelora, Tanah Abang, Kota Jakarta Pusat, Daerah Khusus Ibukota Jakarta 10270"
雅加达,APARTEMEN FORESQUE RESIDENCE RAGUNAN,-6.3039679,106.816891,82.1,≥80米,综合体,官方(DPMPTSP),,JL. SACO NO.181 RT 001 RW 004
雅加达,Wisma Atlet Blok D10 Tower 3,-6.1503387,106.859425,82.0,≥80米,非住宅,官方(DPMPTSP),JKT-052,Jl. Landasan Pacu Timur
雅加达,APARTEMEN PANTAI MUTIARA,-6.0984604,106.7918813,81.9,≥80米,公寓,官方(DPMPTSP),,JL. PANTAI MUTIARA BLOK T RT 10 RW 16
雅加达,Menara Radius Prawiro,-6.1822887,106.8217277,81.8,≥80米,未分类,官方(DPMPTSP),,—
雅加达,TOWER SATU,-6.1870098,106.7581409,81.8,≥80米,公寓,官方(DPMPTSP),,"JL. Pilar Mas Utama Kav. 28 Blok, S, Rt. 005 Rw. 003"
雅加达,ASPEN TOWER C,-6.3035814,106.796176,81.6,≥80米,综合体,官方(DPMPTSP),,JL. RS. FATMAWATI NO. 1 RT 001 RW 001
雅加达,2,-6.2197931,106.8364452,81.5,≥80米,公寓,官方(DPMPTSP),,"Jl. Taman Rasuna Timur  No.16, RT.016 RW.001"
雅加达,Cendana,-6.1533723,106.851561,81.5,≥80米,综合体,官方(DPMPTSP),JKT-053,Jl. Benyamin Sueb RT 09 RW 13
雅加达,ASPEN TOWER B,-6.3030782,106.7961535,81.4,≥80米,综合体,官方(DPMPTSP),,JL. RS. FATMAWATI NO. 1 RT 001 RW 001
雅加达,Merlynn Park Hotel Jakarta,-6.1658891,106.8153681,81.4,≥80米,酒店,官方(DPMPTSP),,Jl. KH. Hasyim Ashari No.29-31
雅加达,RA SUITES,-6.2913289,106.7958174,81.3,≥80米,综合体,官方(DPMPTSP),,"Jl. TB Simatupang No.30, Cilandak Bar., Kec. Cilandak, Kota Jakarta Selatan, Daerah Khusus Ibukota Jakarta 12430"
雅加达,Eboni,-6.153689,106.8513571,81.3,≥80米,综合体,官方(DPMPTSP),,Jl. H. Benyamin Suaeb RT 09 RW 12
雅加达,Rusun Pasar Rumput,-6.2076612,106.8413151,81.2,≥80米,公寓,官方(DPMPTSP),,JL ABDUL MUIS NO.66
雅加达,WISMA ASIA II,-6.1890938,106.7984714,81.2,≥80米,写字楼,官方(DPMPTSP),,Jakarta Barat Kb. Jeruk Kota Jakarta Barat Daerah Khusus Ibukota Jakarta
雅加达,Tower C,-6.223616,106.8786398,81.1,≥80米,综合体,官方(DPMPTSP),,Jl. Basuki Rahmat No.1A
雅加达,ASPEN TOWER A,-6.3033326,106.7955467,81.0,≥80米,综合体,官方(DPMPTSP),,"Jl. RS Fatmawati No. 1, RT. 001 RW. 001"
雅加达,T-Plaza,-6.2022356,106.8073317,80.9,≥80米,综合体,官方(DPMPTSP),,"Jl. Penjernihan 1 No.1 Kav. 1, RT.10/RW.6"
雅加达,Graha Binakarsa,-6.2189519,106.8319431,80.8,≥80米,写字楼,官方(DPMPTSP),,"Jl. H. R. Rasuna Said Kav. C-18, RT.2/RW.5, Karet Kuningan, Kecamatan Setiabudi, Kota Jakarta Selatan, Daerah Khusus Ibukota Jakarta 12940"
雅加达,PLAZA FX SUDIRMAN,-6.2245771,106.8037371,80.8,≥80米,商场,官方(DPMPTSP),JKT-012,JL. Jenderal Sudirman No.1 Gelora Tanah Abang
雅加达,Gedung Tipikal BI,-6.1819317,106.8209737,80.8,≥80米,未分类,官方(DPMPTSP),,—
雅加达,Apartemen Bumimas,-6.2813089,106.7951226,80.7,≥80米,综合体,官方(DPMPTSP),,"Jl. Terogong Raya No.18 3, RT.3/RW.10"
雅加达,Dirjen Kebudayaan KEMENBUDRISTEK Gedung E,-6.2252272,106.8018152,80.6,≥80米,写字楼,官方(DPMPTSP),,JL. Jenderal Sudirman No.1 Gelora Tanah Abang
雅加达,Apartemen Pluit Sea View,-6.1200801,106.807632,80.5,≥80米,综合体,官方(DPMPTSP),,Jl. Muara Baru Raya Rt. 005 Rw. 003
雅加达,Kantor Sarana Jaya,-6.1795301,106.8198392,80.4,≥80米,写字楼,官方(DPMPTSP),JKT-054,Jl. Tanah Abang Timur No. 13
雅加达,Soltarra Apartmen,-6.2750163,106.8317349,80.3,≥80米,酒店,官方(DPMPTSP),JKT-027,"Jl. Condet Pejaten No.1, Pejaten Bar., Ps. Minggu, Kota Jakarta Selatan, Daerah Khusus Ibukota Jakarta 12510"
雅加达,TOWER CATTLEYA,-6.3238016,106.8910119,80.3,≥80米,综合体,官方(DPMPTSP),,JL. BINA MARGA NO 88 RT 3 RW 6
雅加达,Wisma MRA,-6.2916504,106.7965521,80.2,≥80米,写字楼,官方(DPMPTSP),,"Jl. TB Simatupang No.19, RT.7/RW.9, Cilandak Bar., Kec. Cilandak, Kota Jakarta Selatan, Daerah Khusus Ibukota Jakarta 12430"
雅加达,TOWER III,-6.2270779,106.8120138,80.2,≥80米,综合体,官方(DPMPTSP),,SUDIRMAN CENTRAL BUSINESS DISTRICT (SCBD) JL. JENDRAL SUDIRMAN KAV 52-53 RT/004 RW/001
雅加达,Apartemen pluit sew view,-6.1213424,106.807158,80.2,≥80米,综合体,官方(DPMPTSP),,Jl. Muara Baru Raya Rt. 005 Rw. 003
雅加达,GRAHA ELNUSA,-6.2899684,106.8096672,80.1,≥80米,写字楼,官方(DPMPTSP),,JL. TB. SIMATUPANG KAV. 1B
雅加达,RSUD Tarakan Jakarta,-6.1719765,106.81044,80.1,≥80米,医院,官方(DPMPTSP),JKT-055,"No.7, RT.11/RW.4,"
雅加达,Wisma Bakrie II,-6.212417,106.8298344,80.0,≥80米,写字楼,官方(DPMPTSP),,Jl. H. R. Rasuna Said Kav. B-2
雅加达,CIBIS NINE,-6.2950711,106.8153129,80.0,≥80米,写字楼,官方(DPMPTSP),,JL. CILANDAK KKO RT.13 RW.05
雅加达,Menara PNM,-6.2136791,106.8345093,80.0,≥80米,写字楼,官方(DPMPTSP),,Jl. H. Cokong No.1 Kav.1
雅加达,MALL ONE BELPARK,-6.3047266,106.795048,79.9,≥64米,商场,官方(DPMPTSP),,"JL. RS. FATMAWATI NO. 1 RT 001 RW 001,"
雅加达,Tower 2,-6.2126201,106.8190537,79.9,≥64米,酒店,官方(DPMPTSP),,Jalan Jendral Sudirman No.Kav.18-20
雅加达,Bugenvil,-6.1883259,106.8731013,79.9,≥64米,综合体,官方(DPMPTSP),,"Jln. A. Yani No.Kav 49, RT.13/RW.9,"
雅加达,TOWER C,-6.1923503,106.756332,79.9,≥64米,综合体,官方(DPMPTSP),,"Jl. Pesanggrahan No.33 10, RT.10/RW.5, Meruya Utara, Kec. Kembangan, Kota Jakarta Barat, Daerah Khusus Ibukota Jakarta 11620"
雅加达,Moven PICK,-6.165663,106.8262058,79.8,≥64米,酒店,官方(DPMPTSP),,Jl. Pecenongan Kav 7-17
雅加达,CRYSAN,-6.18801,106.8724983,79.7,≥64米,综合体,官方(DPMPTSP),,"Jln. A. Yani No.Kav 49, RT.13/RW.9,"
雅加达,Bougenvil,-6.188008,106.8732194,79.7,≥64米,综合体,官方(DPMPTSP),,"Jln. A. Yani No.Kav 49, RT.13/RW.9"
雅加达,Tamara Center,-6.2120879,106.8209348,79.6,≥64米,写字楼,官方(DPMPTSP),,"Jl. Jend. Sudirman Kav 24, RT.10/RW.1"
雅加达,TOWER C,-6.1575329,106.7363679,79.6,≥64米,综合体,官方(DPMPTSP),,Jl. Daan Mogot KM 13
雅加达,Tower A,-6.1571683,106.7363861,79.6,≥64米,综合体,官方(DPMPTSP),,Jl. Daan Mogot KM 13
雅加达,Menara Sudirman,-6.2257988,106.8047568,79.4,≥64米,写字楼,官方(DPMPTSP),,"Jl. Jend. Sudirman No.Kav 60, RT.5/RW.3, Senayan, Kby. Baru, Kota Jakarta Selatan, Daerah Khusus Ibukota Jakarta 12190, Indonesia"
雅加达,Direktorat Jendral Pajak Madya,-6.1818962,106.8334377,79.4,≥64米,未分类,官方(DPMPTSP),,—
雅加达,TOWER E,-6.1944309,106.7578053,79.4,≥64米,综合体,官方(DPMPTSP),,Jl Pesanggrahan No. 33 RT 010 RW 005
雅加达,Tower B,-6.1572983,106.7358031,79.4,≥64米,综合体,官方(DPMPTSP),,Jl. Daan Mogot KM 13
雅加达,Sainath Tower,-6.1558887,106.8448118,79.3,≥64米,写字楼,官方(DPMPTSP),,Jl. Angkasa Kemayoran Blok B9 No. 7
雅加达,CRYSAN,-6.1883056,106.8717763,79.2,≥64米,综合体,官方(DPMPTSP),,"Jl. Jend. A.Yani Kav.49, Kel. Rawasari Kec. Cempaka Putih Jakarta Pusat"
雅加达,DEA TOWER 2,-6.2282221,106.8241059,79.1,≥64米,写字楼,官方(DPMPTSP),,Jl. Mega Kuningan Barat Kav. E.4.3 No. 1 RT 014/RW 01
雅加达,Gedung Menara II BTN,-6.2097331,106.8313694,79.1,≥64米,商业类,官方(DPMPTSP),,"JL. HR. RASUNA SAID, KELURAHAN GUNTUR, KECAMATAN SETIABUDI, JAKARTA SELATAN"
雅加达,（无名）,-6.1261496,106.8285821,79.1,≥64米,未分类,官方(DPMPTSP),,—
雅加达,SMESCO Indonesia,-6.2421729,106.8364595,79.0,≥64米,未分类,官方(DPMPTSP),,—
雅加达,PINO,-6.1880112,106.8717763,79.0,≥64米,综合体,官方(DPMPTSP),,"Jl. Jend. A.Yani Kav.49, Kel. Rawasari Kec. Cempaka Putih Jakarta Pusat"
雅加达,NEW YORK,-6.1392589,106.7279664,79.0,≥64米,综合体,官方(DPMPTSP),JKT-040,JL.LINGKAR LUAR BARAT KOMPLEKS TAMAN PALEM LESTARI
雅加达,GEDUNG TMT 1,-6.2931099,106.8152067,78.9,≥64米,写字楼,官方(DPMPTSP),,Jl. Cilandak KKO No. 1
雅加达,Sentral Senayan I,-6.2241663,106.7994907,78.8,≥64米,综合体,官方(DPMPTSP),,JL. Asia Afrika NO.8 Kel. Gelora Kec. Tanah Abang Jakarta Pusat
雅加达,BELLEVUE PLACE,-6.2424815,106.8538907,78.7,≥64米,综合体,官方(DPMPTSP),,JL. LETJEN MT. HARYONO KAV.21 RT.010/ RW.010
雅加达,Ultima,-6.2124399,106.8358026,78.7,≥64米,综合体,官方(DPMPTSP),JKT-056,JL. KUNINGAN MULIA LOT. 15
雅加达,Plaza Marein,-6.208763,106.8224325,78.5,≥64米,写字楼,官方(DPMPTSP),,Jl. Jend. Sudirman No.Kav 76-78
雅加达,APARTEMEN PANTAI MUTIARA,-6.0976807,106.7918916,78.5,≥64米,综合体,官方(DPMPTSP),,JL. PANTAI MUTIARA BLOK T RT 10 RW 16
雅加达,FAGGIO,-6.1882628,106.8709359,78.4,≥64米,综合体,官方(DPMPTSP),,JL. Jend. A. Yani Kav.49
雅加达,Menara Kanaya,-6.343171,106.9030925,78.4,≥64米,公寓,官方(DPMPTSP),,JL. CILANGKAP RAYA RT. 006 RW. 001
雅加达,Kirana Three Office Tower,-6.1739906,106.8944197,78.3,≥64米,写字楼,官方(DPMPTSP),,"Jl. Kirana Avenue, RW.5, Klp. Gading Tim., Kec. Klp. Gading, Jkt Utara, Daerah Khusus Ibukota Jakarta 14240"
雅加达,Siloam Hospitals TB Simatupang,-6.2923252,106.784591,78.3,≥64米,医院,官方(DPMPTSP),,Jl. R.A. Kartini No.8
雅加达,Tower F,-6.3020629,106.8340957,78.2,≥64米,写字楼,官方(DPMPTSP),,"Jl. Letjend. T.B. Simatupang Kav.88, Jakarta 12520"
雅加达,Pejaten Park Residence,-6.2818296,106.8268599,78.2,≥64米,综合体,官方(DPMPTSP),,"Jl. Taman Margasatwa Raya No.21, RT.1/RW.11"
雅加达,Green Pramuka Tower F,-6.1879517,106.8710544,78.2,≥64米,未分类,官方(DPMPTSP),,JL. Jend. A. Yani
雅加达,DIPO TOWER,-6.2027912,106.8011455,78.0,≥64米,写字楼,官方(DPMPTSP),,JL. JEND. GATOT SUBROTO KAV.51-52 RT. 001 RW. 007
雅加达,Jakarta International Stadium,-6.1258618,106.8602517,77.9,≥64米,非住宅,官方(DPMPTSP),,Jl. RE Martadinata / Jl. Rumah Sakit Koja RT.001/RW.012
雅加达,APARTEMEN POINT 8,-6.1568602,106.7175035,77.8,≥64米,公寓,官方(DPMPTSP),,JL. RAYA DAAN MOGOT
雅加达,Tower Arlington,-6.3136516,106.9226514,77.7,≥64米,未分类,官方(DPMPTSP),,—
雅加达,Apartemen Pluit sea view,-6.1191778,106.8074664,77.6,≥64米,综合体,官方(DPMPTSP),,Jl. Muara Baru Raya Rt. 005 Rw. 003
雅加达,GEDUNG SARINAH,-6.1877039,106.8238766,77.5,≥64米,商场,官方(DPMPTSP),,JL. MH THAMRIN NO. 11 RT 008 RW 004
雅加达,Gedung A. Yani,-6.1779516,106.8207554,77.5,≥64米,未分类,官方(DPMPTSP),,—
雅加达,Sunter Park View TOWER A,-6.1570799,106.8828966,77.5,≥64米,综合体,官方(DPMPTSP),,"Jl. Yos Sudarso No.30a, RT.3/RW.11, Sunter Jaya"
雅加达,Tower A,-6.1633765,106.8925583,77.4,≥64米,综合体,官方(DPMPTSP),,Jl. Boulevard Bukit Gading Raya No. 15 Rt. 015/003
雅加达,Tower C,-6.1615787,106.8935374,77.2,≥64米,综合体,官方(DPMPTSP),,Jl. Boulevard Bukit Gading Raya Rt. 015/003
雅加达,AGRO PLAZA,-6.2291427,106.8338033,77.0,≥64米,写字楼,官方(DPMPTSP),,"Jalan Haji R. Rasuna Said No.KavX2 -1, RT.7/RW.4"
雅加达,RPX CENTER,-6.2802939,106.7718825,77.0,≥64米,写字楼,官方(DPMPTSP),JKT-057,JL. CIPUTAT RAYA RT 005 RW 008
雅加达,Mina Bahari 2,-6.1792632,106.8336143,77.0,≥64米,未分类,官方(DPMPTSP),,—
雅加达,tower B apartemen sunter parkview,-6.1574485,106.8835416,77.0,≥64米,综合体,官方(DPMPTSP),,"Jl. Yos Sudarso No.78 3, RT.3/RW.11, Sunter Jaya"
雅加达,Pakubuwono Terrace Lobby Selatan,-6.2369657,106.7692846,76.9,≥64米,住宅类,官方(DPMPTSP),,jl. ciledug raya no.99
雅加达,GRAHA IRAMA,-6.233662,106.8319574,76.9,≥64米,写字楼,官方(DPMPTSP),,Jl. HR. Rasuna Said Blok X-1 Kav. 1-2
雅加达,Apartemen Parama,-6.2915239,106.7874005,76.8,≥64米,综合体,官方(DPMPTSP),,JL. RA KARTINI RT 16/06
雅加达,THE PRIME Office Suites,-6.1427529,106.8900284,76.8,≥64米,写字楼,官方(DPMPTSP),,Jl. Yos Sudarso No.30
雅加达,Hi Hotel Senen,-6.1758631,106.8422451,76.7,≥64米,酒店,官方(DPMPTSP),,"Komplek Pasar Senen, Jl. Pasar Senen No.3 Blok.3"
雅加达,MNC VISION TOWER,-6.1640954,106.763502,76.5,≥64米,写字楼,官方(DPMPTSP),,JL PANJANG ARTERI BLOK Z3 NO. 14 RT. 005 RW 008
雅加达,TOWER SAPPHIRE,-6.2040713,106.9491958,76.5,≥64米,公寓,官方(DPMPTSP),,JL. SENTRA PRIMER TIMUR RT. 005 RW. 008
雅加达,Sheraton Grand Jakarta Gandaria City Hotel,-6.2452063,106.7831397,76.2,≥64米,酒店,官方(DPMPTSP),,Jl. Sultan Iskandar Muda
雅加达,AD Premier Office Park,-6.2963494,106.8259365,76.1,≥64米,写字楼,官方(DPMPTSP),,Jl. TB Simatupang No. 05 RT 001 RW 007
雅加达,Sekretariat RW 09,-6.1243821,106.7952686,76.1,≥64米,未分类,官方(DPMPTSP),,—
雅加达,APARTEMENT FOUR WINDS OF SENAYAN,-6.2232833,106.7895788,76.0,≥64米,公寓,官方(DPMPTSP),,Jl. Tentara Pelajar/ Jl. Permata Hijau Rt.007/009
雅加达,Graha Sucofindo,-6.2519402,106.8419626,76.0,≥64米,写字楼,官方(DPMPTSP),,JL. KH Guru Amin Kav. 34 RT.004 RW.01
雅加达,T-PLAZA,-6.202692,106.8075353,76.0,≥64米,综合体,官方(DPMPTSP),,"Jl. Penjernihan 1 No.1 Kav. 1, RT.10/RW.6"
雅加达,JS Luwansa Hotel,-6.2231557,106.8332257,75.9,≥64米,酒店,官方(DPMPTSP),,"Jl. H. R. Rasuna Said No.22 Kav. C, RT.2/RW.5, Karet Kuningan, Kecamatan Setiabudi, Kota Jakarta Selatan, Daerah Khusus Ibukota Jakarta 12940"
雅加达,Living Star,-6.3431031,106.8709528,75.9,≥64米,综合体,官方(DPMPTSP),,"Jl. Lapangan Tembak No.10, RT.4/RW.4,"
雅加达,Tower Wellington,-6.1527452,106.9078274,75.6,≥64米,综合体,官方(DPMPTSP),,Jl. Raya Kelapa Nias Blok. GN Rt. 001/006
雅加达,Taman Kemayoran Condominium,-6.1538927,106.8522716,75.4,≥64米,未分类,官方(DPMPTSP),JKT-058,—
雅加达,Masjid Jami Al-Hurriyyah,-6.1494372,106.8565059,75.4,≥64米,未分类,官方(DPMPTSP),,—
雅加达,RATU PRABU 2,-6.2915173,106.8085361,75.2,≥64米,写字楼,官方(DPMPTSP),,"Jl. Let. Jend. TB Simatupang Kav. 1B, RT.003/RW.003"
雅加达,Akasia,-6.1278075,106.7892517,75.2,≥64米,综合体,官方(DPMPTSP),,"Jl. Pluit Selatan Raya, RT.23/RW.8, Penjaringan, Kota Jkt Utara, Daerah Khusus Ibukota Jakarta 14440"
雅加达,TOWER KOTO,-6.2527547,106.8615135,75.0,≥64米,综合体,官方(DPMPTSP),,"l. Pengadegan Timur I No.30 12, RT.2/RW.1, Pengadegan, Kec. Pancoran, Kota Jakarta Selatan, Daerah Khusus Ibukota Jakarta 12770"
雅加达,MNC News Center,-6.1853649,106.83171,75.0,≥64米,非住宅,官方(DPMPTSP),,Jl. KH. Wahid Hasyim No. 36-38
雅加达,Miami,-6.0947809,106.7913494,75.0,≥64米,综合体,官方(DPMPTSP),,Jalan Raya Pantai Mutiara
雅加达,（无名）,-6.1270825,106.8288655,75.0,≥64米,未分类,官方(DPMPTSP),,—
雅加达,Apartmen Beverly Tower,-6.2909321,106.7865437,74.9,≥64米,综合体,官方(DPMPTSP),,"Jl. R.A.Kartini, RT.16/RW.6, Cilandak Bar., Cilandak, Kota Jakarta Selatan, Daerah Khusus Ibukota Jakarta 12430"
雅加达,Luxury Apartemen,-6.2318449,106.7924641,74.9,≥64米,综合体,官方(DPMPTSP),,Jl. Sinabung
雅加达,Signature Park Apartment,-6.2424896,106.8544333,74.8,≥64米,综合体,官方(DPMPTSP),,Jl. Letjen M.T. Haryono RT.10 RW.9 No.Kav. 22-23
雅加达,（无名）,-6.229229,106.8040029,74.8,≥64米,未分类,官方(DPMPTSP),,—
雅加达,BLOK D,-6.108498,106.8997989,74.5,≥64米,医院,官方(DPMPTSP),,"Jl. Deli No. 4, RT.11/RW.7"
雅加达,Menara MTH,-6.2425616,106.8551126,74.3,≥64米,写字楼,官方(DPMPTSP),,Jl. Letjend MT Haryono Kav. 23
雅加达,APARTEMEN GREEN PALM RESIDENCE,-6.1751472,106.7153301,74.1,≥64米,综合体,官方(DPMPTSP),,JL. RAYA KRESEK NO. 11
雅加达,Mall Puri Indah 2,-6.1876783,106.7397431,74.1,≥64米,综合体,官方(DPMPTSP),,JL KOMPLEK PERUM PURI INDAH KEL KEMBANGAN JAKARTA BARAT
雅加达,SKYLINE BUILDING/ MENARA CAKRAWALA,-6.1865691,106.8236418,74.0,≥64米,写字楼,官方(DPMPTSP),,"Jl. M.H. Thamrin No.9, Jakarta 10230"
雅加达,Apartemen Menara Kebon Jeruk,-6.1864251,106.7780512,74.0,≥64米,综合体,官方(DPMPTSP),,Jl. Arjuna Utara No. 16 RT. 001 RW. 002
雅加达,BLOK - B,-6.1879838,106.8140598,73.9,≥64米,商场,官方(DPMPTSP),,"Jl. KH. Fachrudin No. 78, 80, 82"
雅加达,Apartemen Maple Park,-6.1492687,106.8574875,73.9,≥64米,公寓,官方(DPMPTSP),,—
雅加达,MASPION PLAZA,-6.1413987,106.833917,73.9,≥64米,写字楼,官方(DPMPTSP),,JL. GUNUNG SAHARI NO. 18
雅加达,TOWER B,-6.2372617,106.9409026,73.8,≥64米,综合体,官方(DPMPTSP),,Jalan H. Naman RT. 02 RW. 02
雅加达,Wisma Nugra Santana,-6.2083667,106.821314,73.7,≥64米,写字楼,官方(DPMPTSP),,Jalan Jenderal Sudirman No.Kav.7-8 RT/RW 009/011
雅加达,TOWER ABU - ABU,-6.2048863,106.9496769,73.7,≥64米,公寓,官方(DPMPTSP),JKT-059,JL. SENTRA PRIMER TIMUR RT. 013/015 RW. 006
雅加达,TOWER MERAH,-6.204453,106.9494134,73.6,≥64米,公寓,官方(DPMPTSP),,JL. SENTRA PRIMER TIMUR NO. 6 RT. 013/015 RW. 006
雅加达,Tower D,-6.2483217,106.8107123,73.5,≥64米,综合体,官方(DPMPTSP),,JL. PRAPANCA RAYA RT 01 RW 14
雅加达,Apartemen Sky Terrace Lagoon Condo,-6.1511321,106.7130089,73.5,≥64米,综合体,官方(DPMPTSP),JKT-060,Jl. Tanah Lot No 2 RT 08 RW 12
雅加达,Fraser Residence Menteng Jakarta,-6.1848065,106.8345324,73.4,≥64米,综合体,官方(DPMPTSP),,Jl. Menteng Raya No. 60
雅加达,Woodland Park Residence,-6.2556487,106.8567769,73.3,≥64米,综合体,官方(DPMPTSP),,"Jl. Raya Kalibata No.22, RT.6/RW.7, Rawajati, Kec. Pancoran, Kota Jakarta Selatan, Daerah Khusus Ibukota Jakarta 12750"
雅加达,A,-6.1567118,106.8517744,73.3,≥64米,综合体,官方(DPMPTSP),JKT-037,Jl Landas Pacu Barat Kav A6 RT 13 RW 06
雅加达,TOWER II,-6.226931,106.8123467,73.2,≥64米,综合体,官方(DPMPTSP),,"Jl. Jend. Sudirman Kav. 52-53 Lot.20,"
雅加达,Woodland Park Residence,-6.2551958,106.856877,73.1,≥64米,综合体,官方(DPMPTSP),,"Jl. Raya Kalibata No.22, RT.6/RW.7, Rawajati, Kec. Pancoran, Kota Jakarta Selatan, Daerah Khusus Ibukota Jakarta 12750"
雅加达,Pejaten Park Residence,-6.2822749,106.8267772,73.1,≥64米,综合体,官方(DPMPTSP),,"Jl. Taman Margasatwa Raya No.21, RT.1/RW.11"
雅加达,BRI,-6.1681856,106.8277573,73.0,≥64米,未分类,官方(DPMPTSP),,—
雅加达,Win Premier Hotel,-6.1478553,106.8335302,73.0,≥64米,酒店,官方(DPMPTSP),,Jl. Raya Mangga Besar no. 183
雅加达,Aston Pluit,-6.1242347,106.7948157,73.0,≥64米,酒店,官方(DPMPTSP),,Pluit Selatan Raya No. 1
雅加达,Luminary Tower,-6.1984859,106.821321,72.9,≥64米,写字楼,官方(DPMPTSP),,Jl. M.H. Thamrin No.10
雅加达,MNC Studios Tower 2,-6.1941848,106.7670788,72.8,≥64米,写字楼,官方(DPMPTSP),,"MNC Studios Tower 2 Jalan Raya Perjuangan No 1 Komplek RCTI Kebon jeruk, RT 5 RW 10"
雅加达,Hotel Pangeran Jayakarta,-6.1474247,106.8172448,72.8,≥64米,酒店,官方(DPMPTSP),,"Jl. Labu No.1 RT 002/RW 006, Mangga Besar, Taman Sari, Jakarta Barat, DKI Jakarta, 11180"
雅加达,Rumah Sakit Yarsi,-6.1698981,106.8692626,72.7,≥64米,医院,官方(DPMPTSP),,Jl. Letjend Suprapto Kav. 13 RT 010 RW 005
雅加达,Pondok Indah Office Tower 2,-6.2621674,106.7819865,72.6,≥64米,写字楼,官方(DPMPTSP),,Jl. Sultan Iskandar Muda
雅加达,Niaz Emerald Apartment,-6.2916845,106.802125,72.6,≥64米,综合体,官方(DPMPTSP),,"Jl. T.B. Simatupang Kav.20, Jakarta 12430"
雅加达,Gedung Utama,-6.2403132,106.8036915,72.5,≥64米,写字楼,官方(DPMPTSP),,Jl. Trunojoyo Blok M I No. 135 RT 005 RW 002
雅加达,Kantor Pusat/Kantor Utama,-6.2260552,106.8149597,72.5,≥64米,综合体,官方(DPMPTSP),,"Jl. Gatot Subroto Kav. 40-42 No.77, RT. 007/RW.001"
雅加达,TOWER B,-6.179697,106.7519874,72.5,≥64米,公寓,官方(DPMPTSP),,"Jalan Kedoya Garden No. 1, Rt. 005 Rw. 005"
雅加达,TOWER A,-6.1799453,106.7515663,72.4,≥64米,公寓,官方(DPMPTSP),,"Jalan Kedoya Garden No. 1, Rt. 005 Rw. 005"
雅加达,The Hive Tamansari,-6.2447511,106.8753592,72.4,≥64米,酒店,官方(DPMPTSP),,Jl. DI. Panjaitan Kav. 3-4 RT 007/RW 011
雅加达,Rumah Sakit Yarsi,-6.1698769,106.8696306,72.4,≥64米,医院,官方(DPMPTSP),,Jl. Letjend Suprapto Kav. 13 RT 010 RW 005
雅加达,Rusunami Perum Perumnas Sentraland Cengkareng Blok Bunaken/Blok B,-6.1400288,106.738595,72.3,≥64米,公寓,官方(DPMPTSP),,JL PEDONGKELAN RT 004 RW 014
雅加达,MENARA CARAKA,-6.2262809,106.8253359,72.2,≥64米,写字楼,官方(DPMPTSP),,"Jl. DR. Ide Anak Agung Gde Agung No.1, RT.5/RW.2"
雅加达,Apartemen Nirvana Residence,-6.2658752,106.8152731,72.2,≥64米,综合体,官方(DPMPTSP),,Jl. Kemang Raya No.72 RT 13 RW 002
雅加达,GEDUNG RUSUNAMI,-6.2373868,106.9417034,72.2,≥64米,综合体,官方(DPMPTSP),,Jalan H. Naman RT. 02 RW. 02
雅加达,Rusunami Perum Perumnas Sentraland Cengkareng Blok Bunaken/Blok B,-6.139836,106.7382487,72.1,≥64米,住宅,官方(DPMPTSP),,JL PEDONGKELAN RT 004 RW 014
雅加达,Wisma Korindo,-6.2439642,106.8441572,72.0,≥64米,写字楼,官方(DPMPTSP),,Jl. MT. Haryono Kav. 62 RT 002/ RW 002
雅加达,Office Tower,-6.1497387,106.8506549,72.0,≥64米,写字楼,官方(DPMPTSP),,"Jl. Benyamin Suaeb Blok D6,Kel. Pademangan Timur, Kec. Pademangan, Jakarta Utara, Daerah Khusus Ibukota Jakarta 14410"
雅加达,Titanium Square,-6.3413656,106.8700827,71.9,≥64米,综合体,官方(DPMPTSP),,"Jl. Raya Bogor KM. 26,7 RT 002 RW 004"
雅加达,Tower A,-6.2477208,106.8116683,71.8,≥64米,综合体,官方(DPMPTSP),,Jl. Prapanca Raya Blok P RT 04 RW 14
雅加达,TOWER B,-6.3021648,106.843421,71.8,≥64米,写字楼,官方(DPMPTSP),,"Jl. TB Simatupang No.1 10, RT.10/RW.4, Tj. Bar., Kec. Jagakarsa, Kota Jakarta Selatan"
雅加达,Gedung Merah Putih KPK,-6.2077783,106.8308314,71.8,≥64米,写字楼,官方(DPMPTSP),,JL. KUNINGAN PERSADA KAV. 4
雅加达,Tower E,-6.1307531,106.7961956,71.8,≥64米,公寓,官方(DPMPTSP),,Jl. Tnjung Wangi RW.006
雅加达,B1 DAN B2,-6.1929801,106.7567135,71.8,≥64米,综合体,官方(DPMPTSP),,Jl Pesanggrahan No. 10 RT 010 RW 005
雅加达,Tower A,-6.1304023,106.7953388,71.7,≥64米,公寓,官方(DPMPTSP),,Jl. Tnjung Wangi RW.006
雅加达,Tower F,-6.1303716,106.7961748,71.7,≥64米,公寓,官方(DPMPTSP),,Jl. Tnjung Wangi RW.006
雅加达,Tower B,-6.1307726,106.7953596,71.7,≥64米,公寓,官方(DPMPTSP),,Jl. Tnjung Wangi RW.006
雅加达,TOWER BARIANG,-6.2513801,106.861618,71.6,≥64米,综合体,官方(DPMPTSP),,"Jl. Pengadegan Timur I No.30 12, RT.8/RW.1, Pengadegan, Kec. Pancoran, Kota Jakarta Selatan, Daerah Khusus Ibukota Jakarta 12770"
雅加达,PERWATA TOWER,-6.1267122,106.788771,71.6,≥64米,写字楼,官方(DPMPTSP),,Jl. Pluit Selatan Raya Kav 1 RT. 21/RW. 08
雅加达,The Kensington Office Tower,-6.1728686,106.8969564,71.6,≥64米,写字楼,官方(DPMPTSP),,Jl. Raya Kelapa Gading Boulevard No. 1
雅加达,TOWER CHANIAGO,-6.2519371,106.8613184,71.5,≥64米,综合体,官方(DPMPTSP),,"l. Pengadegan Timur I No.30 12, RT.2/RW.1, Pengadegan, Kec. Pancoran, Kota Jakarta Selatan, Daerah Khusus Ibukota Jakarta 12770"
雅加达,Tower B,-6.2481057,106.8115811,71.4,≥64米,综合体,官方(DPMPTSP),,Jl. Prapanca Raya Blok P RT 3 RW 14
雅加达,Gedung Utama,-6.1721522,106.835832,71.4,≥64米,酒店,官方(DPMPTSP),,Jl. Lapangan Banteng Selatan No.1
雅加达,PLAZA MUTIARA,-6.2275197,106.8273589,71.3,≥64米,写字楼,官方(DPMPTSP),,"Jl. Lingkar Mega Kuningan Kav. E 1.2 No. 1 & 2, RT.5/RW.2"
雅加达,Mangkuluhur ARTOTEL Suites,-6.2216544,106.8149801,71.3,≥64米,未分类,官方(DPMPTSP),,"Jl. Gatot Subroto Kav. II No.3, RT.1/RW.4, Karet Semanggi, Kecamatan Setiabudi, Kota Jakarta Selatan, Daerah Khusus Ibukota Jakarta 12930"
雅加达,HOTEL POP,-6.1559634,106.9091984,71.3,≥64米,酒店,官方(DPMPTSP),,"Jl. Boulevard Raya No.13, RT.13/RW.18, Klp. Gading Tim., Kec. Klp. Gading, Jkt Utara, Daerah Khusus Ibukota Jakarta 14240"
雅加达,BLU Balai Kesehatan Penerbangan,-6.154553,106.8434955,71.3,≥64米,医院,官方(DPMPTSP),JKT-061,Jalan Merpati 3 Blok B 11 Kav 4 No. 10 RW 010
雅加达,T-Plaza,-6.2019718,106.8079644,71.2,≥64米,综合体,官方(DPMPTSP),,"Jl. Penjernihan 1 No.1 Kav. 1, RT.10/RW.6"
雅加达,Mina Bahari 3,-6.179217,106.8349877,71.1,≥64米,未分类,官方(DPMPTSP),,—
雅加达,Cowell Tower,-6.1753871,106.8400319,71.0,≥64米,写字楼,官方(DPMPTSP),,Jl. Senen Raya No. 135
雅加达,SOHO RESIDENCES,-6.1750397,106.7898794,71.0,≥64米,综合体,官方(DPMPTSP),JKT-032,Jl. Letjen S. Parman
雅加达,KUNINGAN CITY,-6.2243935,106.8289337,70.9,≥64米,未分类,官方(DPMPTSP),JKT-004,"Jl. Prof. DR. Satrio No.Kav. 18, Kuningan, Karet Kuningan, Kecamatan Setiabudi, Kota Jakarta Selatan, Daerah Khusus Ibukota Jakarta 12940"
雅加达,Menara Era,-6.1727623,106.8403538,70.9,≥64米,写字楼,官方(DPMPTSP),,Jl. Senen Raya No 135 - 137
雅加达,Tower B 21 Lantai,-6.181589,106.9052344,70.9,≥64米,综合体,官方(DPMPTSP),,JL. PERINTIS KEMERDEKAAN KAV 99
雅加达,Pecatu,-6.1513701,106.7130164,70.8,≥64米,综合体,官方(DPMPTSP),JKT-060,Jl. Tanah Lot No 2 RT 08 RW 12
雅加达,Dahlia,-6.1541763,106.9181332,70.7,≥64米,综合体,官方(DPMPTSP),,Jl. Pegangsaan Dua No. 3 RT/RW 002/003
雅加达,Alamanda,-6.1536451,106.9173111,70.7,≥64米,综合体,官方(DPMPTSP),,Jl. Pegangsaan Dua No. 3 RT/RW 002/003
雅加达,Apartemen Laguna,-6.1229804,106.7987253,70.7,≥64米,公寓,官方(DPMPTSP),,—
雅加达,HK TOWER,-6.2454485,106.8731719,70.7,≥64米,写字楼,官方(DPMPTSP),,JL. LETJEN MT HARYONO KAV. 8-9 RT. 012 RW. 011
雅加达,WIKA TOWER II,-6.2421124,106.8765227,70.7,≥64米,写字楼,官方(DPMPTSP),,"JL.DI PANJAITAN KAV 9-10 CIPINANG CEMPEDAK, JATINEGARA, KOTA JAKARTA TIMUR"
雅加达,Apartemen Mediterania Lagoon Residence,-6.1534504,106.8526362,70.6,≥64米,综合体,官方(DPMPTSP),JKT-038,Jalan Landas Pacu Utara Kav. 1 RT.013 RW.06
雅加达,emerald,-6.1543607,106.917575,70.6,≥64米,综合体,官方(DPMPTSP),,Jl. Pegangsaan Dua No. 3 RT/RW 002/003
雅加达,TOWER EVEREST,-6.2023411,106.7634959,70.6,≥64米,综合体,官方(DPMPTSP),,"Jl. Lapangan Bola 1, RT.8/RW.7, TOWER EVEREST"
雅加达,Hotel Ciputra,-6.1682813,106.7865987,70.6,≥64米,酒店,官方(DPMPTSP),,Jalan Letjen S. Parman RT.011 RW.001
雅加达,Apartemen Wisma Gading Permai Tower B,-6.1679807,106.9011221,70.5,≥64米,综合体,官方(DPMPTSP),,Jl. Boulevard Raya Blok CN.1
雅加达,The Veranda Resort Apartment,-6.2997991,106.7728558,70.4,≥64米,综合体,官方(DPMPTSP),,"Jl. Lb. Bulus Pd. No.8, RT.1/RW.4, Lb. Bulus, Kec. Cilandak, Kota Jakarta Selatan, Daerah Khusus Ibukota Jakarta 12440"
雅加达,HOTEL SENTRAL,-6.1921624,106.864697,70.4,≥64米,酒店,官方(DPMPTSP),,Jl. Pramuka No.63/64
雅加达,Chrysant,-6.1534375,106.9178949,70.4,≥64米,公寓,官方(DPMPTSP),,Jl. Pegangsaan Dua No. 3 RT/RW 002/003
雅加达,YODYA TOWER,-6.2428836,106.8761487,70.4,≥64米,写字楼,官方(DPMPTSP),,JL. DI PANJAITAN KAV. 8 RT.003 RW.011
雅加达,TOWER UTARA PAKUBUWONO TERRACE,-6.2365069,106.7691331,70.3,≥64米,综合体,官方(DPMPTSP),,"Jalan Ciledug Raya No.99, RT.16/RW.5, Cipulir, Kebayoran Lama, RT.12/RW.5"
雅加达,TOWER GREEN,-6.2453842,106.8661639,70.3,≥64米,综合体,官方(DPMPTSP),,Jl. MT. Haryono Kav. 20 RT. 04 RW. 01
雅加达,RUSUN ASN PUPR,-6.2869809,106.7730564,70.2,≥64米,公寓,官方(DPMPTSP),,JL. SAPTA TARUNA RAYA
雅加达,TOWER B,-6.3073284,106.8356553,70.1,≥64米,公寓,官方(DPMPTSP),,"Apartemen Kebagusan City, Jl. Baung, RT.1/RW.3, Kebagusan, Ps. Minggu, Kota Jakarta Selatan, Daerah Khusus Ibukota Jakarta 12520"
雅加达,TOWER TOSKA,-6.2051451,106.9496377,70.1,≥64米,公寓,官方(DPMPTSP),JKT-059,JL. SENTRA PRIMER TIMUR RT. 013/015 RW. 006
雅加达,Allianz Tower / WTC 6,-6.2148275,106.8191594,70.0,≥64米,写字楼,官方(DPMPTSP),,"Jalan Jend. Sudirman Kav 29-31, RT.8/RW.3, RT.8/RW.3"
雅加达,Wisma Atlet Tower 10,-6.1331566,106.8457241,70.0,≥64米,综合体,官方(DPMPTSP),,"Jl. Rajawali Utara, Kel. Pademangan Timur, Kec. Pademangan, Jakarta Utara, Daerah Khusus Ibukota Jakarta 14410"
雅加达,BLOK -B,-6.1879416,106.8144218,69.9,≥64米,商场,官方(DPMPTSP),,"Jl. KH. Fachrudin No. 78, 80, 82"
雅加达,Menara Ravindo,-6.1836697,106.8255814,69.9,≥64米,写字楼,官方(DPMPTSP),,JL. KEBON SIRIH NO.75
雅加达,The Media Hotel and Towers,-6.147155,106.8352566,69.9,≥64米,酒店,官方(DPMPTSP),,Jl. Gn. Sahari No.3 RT.16/RW.3
雅加达,Tower J,-6.2219529,106.8812457,69.9,≥64米,综合体,官方(DPMPTSP),,Jl. Basuki Rachmat No. 1A RT. 08 RW. 10
雅加达,World Trade Center ( WTC 5 ),-6.2141202,106.8197218,69.8,≥64米,写字楼,官方(DPMPTSP),,"Jl. Jend. Sudirman Kav.29-30, Jakarta 12920"
雅加达,apartemen sunter parkview,-6.1570375,106.8838129,69.8,≥64米,综合体,官方(DPMPTSP),JKT-062,JL YOS SUDARSO
雅加达,Fontana,-6.1475326,106.8545345,69.8,≥64米,未分类,官方(DPMPTSP),JKT-028,—
雅加达,BAYWALK MALL,-6.108234,106.7803314,69.7,≥64米,商场,官方(DPMPTSP),JKT-005,PLUIT KARANG AYU BLOK B1 UTARA
雅加达,Wisma Atlet Tower 8,-6.1346761,106.8459484,69.7,≥64米,综合体,官方(DPMPTSP),,"Jl. Rajawali Utara, Kel. Pademangan Timur, Kec. Pademangan, Jakarta Utara, Daerah Khusus Ibukota Jakarta 14410"
雅加达,Hotel Grand Mercure Harmoni,-6.1601259,106.8199396,69.6,≥64米,酒店,官方(DPMPTSP),,Jl. Hayam Wuruk No.36-37
雅加达,apartemen sunter parkview,-6.1567449,106.8833343,69.6,≥64米,综合体,官方(DPMPTSP),,JL YOS SUDARSO
雅加达,NEO SOHO MALL,-6.1748709,106.7900972,69.5,≥64米,商场,官方(DPMPTSP),,Jl. Letjen S. Parman Kav.28
雅加达,H RESIDENCE,-6.2452867,106.8723788,69.5,≥64米,酒店,官方(DPMPTSP),,Jl. MT. Haryono Kav. 6-7
雅加达,Direktorat Jendral Pajak Madya,-6.1812467,106.8334917,69.4,≥64米,未分类,官方(DPMPTSP),,—
雅加达,Control Building SCBD,-6.2246921,106.8115741,69.1,≥64米,写字楼,官方(DPMPTSP),,Jl. Jend. Sudirman Kav. 52-53
雅加达,Apartemen Metro Sunter,-6.134342,106.8724486,69.1,≥64米,综合体,官方(DPMPTSP),,Jl. Metro Kencana Raya
雅加达,Apartemen Laguna,-6.123493,106.7990179,69.1,≥64米,公寓,官方(DPMPTSP),JKT-063,—
雅加达,TOWER EBONI,-6.2631275,106.8445211,69.0,≥64米,公寓,官方(DPMPTSP),,Jl.Raya Pasar Minggu Km.18 RT. 001 / 001
雅加达,TOWER MAHONI NIFARRO PARK,-6.2635423,106.8445258,69.0,≥64米,公寓,官方(DPMPTSP),,Jl.Raya Pasar Minggu Km.18 RT. 001 / 001
雅加达,（无名）,-6.1099016,106.7912579,69.0,≥64米,未分类,官方(DPMPTSP),,—
雅加达,Harco Glodok,-6.1435546,106.8158326,69.0,≥64米,商场,官方(DPMPTSP),,"Jl. Hayam Wuruk Kav. 2-5, Kel. Mangga Besar, Kec. Taman Sari, Jakarta Barat"
雅加达,Hotel Santika Premier Hayam Wuruk,-6.1493218,106.8179516,69.0,≥64米,酒店,官方(DPMPTSP),,"Jl. Hayam Wuruk No.125 RT 005/RW 006, Mangga Besar, Taman Sari, Jakarta Barat, DKI Jakarta, 11180"
雅加达,Apartemen Menara Marina Tower C,-6.1095504,106.7916486,68.9,≥64米,综合体,官方(DPMPTSP),,"Jl. Pluit Pantai Samudra II, Pantai Mutiara RT.9/RW.5,"
雅加达,DEA TOWER 1,-6.2285876,106.8241149,68.8,≥64米,写字楼,官方(DPMPTSP),,Jl. Mega Kuningan Barat Kav. E.4.3 No. 1 RT 014/RW 01
雅加达,Apartemen Simprug Indah,-6.2340454,106.7869969,68.8,≥64米,公寓,官方(DPMPTSP),,"Jl. Raya Teuku Nyak Arif, RT. 03/RW. 02"
雅加达,HOTEL ALOFT SOUTH,-6.2913611,106.8162787,68.8,≥64米,酒店,官方(DPMPTSP),JKT-064,Jl. TB Simatupang No.8-9 RT.002/002
雅加达,RSUD KOJA Gedung A,-6.1086354,106.9002271,68.8,≥64米,医院,官方(DPMPTSP),,Jl. Deli No. 4 RT.011 RW.007
雅加达,Hotel Atlet Century Park,-6.2232527,106.8028542,68.7,≥64米,酒店,官方(DPMPTSP),,Jl. Pintu Satu Senayan
雅加达,Bougenville,-6.1535402,106.9175811,68.7,≥64米,综合体,官方(DPMPTSP),,Jl. Pegangsaan Dua No. 3 RT/RW 002/003
雅加达,Shangri-La Residences,-6.2023103,106.8172523,68.6,≥64米,公寓,官方(DPMPTSP),JKT-029,Jalan Jenderal Sudirman No.Kav.1 RT.10 RW.09
雅加达,The Honey Lady,-6.1269753,106.7900974,68.6,≥64米,写字楼,官方(DPMPTSP),,Jl. Pluit Selatan Raya RT 023 RW 008
雅加达,TOWER A DAN B,-6.1936769,106.7570291,68.6,≥64米,综合体,官方(DPMPTSP),,Jl Pesanggrahan No. 33 RT 008 RW 005
雅加达,WISMA SLIPI,-6.1867026,106.7964149,68.6,≥64米,写字楼,官方(DPMPTSP),,"Jl. Letjen S. Parman No.Kav. 12, RT.12/RW.1, Kemanggisan, Palmerah, Kota Jakarta Barat, Daerah Khusus Ibukota Jakarta 11480"
雅加达,Hotel Grandhika Iskandarsyah,-6.2444288,106.8040849,68.4,≥64米,酒店,官方(DPMPTSP),,"Jl. Iskandarsyah Raya No.65, RT.5/RW.2"
雅加达,Lippo Tower Holland Village,-6.1675706,106.8757933,68.4,≥64米,综合体,官方(DPMPTSP),,"Jl. Letjen. Suprapto Kav. 60 No.1, RT.10/RW.7, Cempaka Putih Timur, Cempaka Putih, Jakarta Pusat, 10510"
雅加达,Tower C,-6.2483954,106.8111659,68.3,≥64米,综合体,官方(DPMPTSP),,"Jl. Prapanca Raya, RT 002 RW 014"
雅加达,IBIS STYLES,-6.1835748,106.8151929,68.2,≥64米,酒店,官方(DPMPTSP),,JL. H. FACHRUDIN NO. 22
雅加达,Grand Kebon Sirih,-6.1834114,106.8292586,68.1,≥64米,写字楼,官方(DPMPTSP),,"Jl. Kebon Sirih No. 35, RT. 12 RW 02"
雅加达,PROPAN TOWER,-6.1731482,106.7296073,68.1,≥64米,综合体,官方(DPMPTSP),,JL. LINGKAR LUAR BARAT NO. 101
雅加达,Synthesis Tower 2,-6.2403488,106.8371519,68.0,≥64米,写字楼,官方(DPMPTSP),,Jl. Gatot Subroto Kav. 64 No. 177A
雅加达,GEDUNG KOSONG,-6.2913314,106.8160302,68.0,≥64米,住宅类,官方(DPMPTSP),JKT-064,JL. TB. SIMATUPANG NO.17A
雅加达,Binus Square Hall Of Residence,-6.1917219,106.7813367,68.0,≥64米,综合体,官方(DPMPTSP),,Jalan Budi Raya No 21 RT 1 RW 5
雅加达,Le Parc Townhomes,-6.1980181,106.8209851,67.9,≥64米,综合体,官方(DPMPTSP),,Jl. M.H. Thamrin No.10
雅加达,GEDUNG IBNU SUTOWO,-6.2110455,106.829844,67.8,≥64米,写字楼,官方(DPMPTSP),,Jl. HR. Rasuna Said Kav B5
雅加达,Tower B,-6.2005493,106.8516682,67.8,≥64米,综合体,官方(DPMPTSP),,"Jl. Matraman Raya No. 30 E, Kel. Kenari, Kec. Senen, Jakarta Pusat"
雅加达,TAVIA HERITAGE HOTEL,-6.1737215,106.8608218,67.7,≥64米,酒店,官方(DPMPTSP),,Jl. Letjen Suprapto No. 1 Rt 1 Rw 3
雅加达,Tower A,-6.2007057,106.8513814,67.7,≥64米,综合体,官方(DPMPTSP),,"Jl. Matraman Raya No. 30 E, Kel. Kenari, Kec. Senen, Jakarta Pusat, DKI Jakarta"
雅加达,Apartemen Menteng Prada,-6.1983591,106.8421155,67.7,≥64米,综合体,官方(DPMPTSP),,Jl. Pegangsaan Timur No. 15A
雅加达,ADHI TOWER,-6.2438417,106.8634048,67.7,≥64米,写字楼,官方(DPMPTSP),,JL. LETJEN MT. HARYONOKAV. 27 RT.006 RW.014
雅加达,Mall Ciputral World 1 (Podium),-6.2243024,106.8234946,67.6,≥64米,商业/店铺,官方(DPMPTSP),,Jl. Prof. Dr. Satrio Kav. 3-5
雅加达,Menara Merdeka,-6.178598,106.8210648,67.5,≥64米,未分类,官方(DPMPTSP),,—
雅加达,Tower C,-6.200111,106.8520991,67.5,≥64米,公寓,官方(DPMPTSP),,JL. MATRAMAN RAYA NO. 30 E
雅加达,Swiss-Belinn Simatupang,-6.2903756,106.7791369,67.4,≥64米,酒店,官方(DPMPTSP),,"Jl. R.A.Kartini No.32, RT.9/RW.7, Lb. Bulus, Cilandak, Kota Jakarta Selatan, Daerah Khusus Ibukota Jakarta 12440"
雅加达,THAMRIN OFFICE TOWER,-6.1894056,106.8225654,67.4,≥64米,写字楼,官方(DPMPTSP),,"Jl. M.H. Thamrin No.20, RT.8/RW.4, Gondangdia, Kec. Menteng, Kota Jakarta Pusat, Daerah Khusus Ibukota Jakarta 10350"
雅加达,Musholah Baitul Ridho,-6.1247445,106.8001934,67.2,≥64米,未分类,官方(DPMPTSP),,—
雅加达,TOWER T,-6.2388007,106.7625027,67.1,≥64米,综合体,官方(DPMPTSP),,"Jl. Ulujami Raya No.10A, Ulujami, Kec. Pesanggrahan, Kota Jakarta Selatan, Daerah Khusus Ibukota Jakarta 12250"
雅加达,Kebayoran Apartment,-6.2390135,106.762893,67.0,≥64米,综合体,官方(DPMPTSP),,"Jl. Ulujami Raya No.10A, Ulujami, Kec. Pesanggrahan, Kota Jakarta Selatan, Daerah Khusus Ibukota Jakarta 12250"
雅加达,Tower B,-6.2580332,106.757801,67.0,≥64米,综合体,官方(DPMPTSP),,Jl. Bintaro Permai Raya No. 5 RT 005 RW 003
雅加达,Apartemen Puri Raya (Park Royale) Tower 2,-6.2128439,106.8092471,67.0,≥64米,酒店,官方(DPMPTSP),,"Jl. Gatot Subroto Kav. 35-37-39  No.114, RT.9/RW.2"
雅加达,GRAHA BNPB,-6.1930202,106.8686259,67.0,≥64米,写字楼,官方(DPMPTSP),,"Jl. Pramuka Jaya No.38, RT.11/RW.5, Utan Kayu Utara, Kec. Matraman, Kota Jakarta Timur, Daerah Khusus Ibukota Jakarta 13120"
雅加达,Gedung Graha Mustika Ratu,-6.2421214,106.8422524,66.9,≥64米,写字楼,官方(DPMPTSP),,JL. GATOT SUBROTO NO. 74-75 RT.002/RW.001
雅加达,BULOG,-6.2371997,106.8293829,66.9,≥64米,写字楼,官方(DPMPTSP),,"Jl. Gatot Subroto No.Kav 49, RT.5/RW.4, Kuningan Tim., Kecamatan Setiabudi, Kota Jakarta Selatan"
雅加达,Apartemen Puri Raya (Park Royale) Tower 1,-6.213359,106.8091244,66.9,≥64米,酒店,官方(DPMPTSP),,Jl. Gatot Subroto Kav. 35-37-39
雅加达,Monte Carlo,-6.0942707,106.7913063,66.9,≥64米,综合体,官方(DPMPTSP),,Jalan Raya Pantai Mutiara
雅加达,Apartemen Fountain Park,-6.2453691,106.8437286,66.8,≥64米,综合体,官方(DPMPTSP),,Jl. KH. Guru Amin NO.2 RT.002 RW.002
雅加达,Graha Paramita,-6.2242562,106.8312342,66.8,≥64米,写字楼,官方(DPMPTSP),,"Jl. Denpasar Raya, RT.7/RW.4, Kuningan, Karet Kuningan, Kecamatan Setiabudi, Kota Jakarta Selatan, Daerah Khusus Ibukota Jakarta 12950"
雅加达,Pondok Indah Golf Apartemen Tower Lavender,-6.273521,106.7845053,66.8,≥64米,综合体,官方(DPMPTSP),,Jl. metro Kencana IV
雅加达,Tower H,-6.2225459,106.8812049,66.6,≥64米,综合体,官方(DPMPTSP),,Jl. Basuki Rahmat No. 1 A Rt. 008/10
雅加达,Alila SCBD Jakarta,-6.2256161,106.8084816,66.5,≥64米,未分类,官方(DPMPTSP),JKT-046,KAWASAN SCBD LOT 11 A. JL JEND SUDIRMAN KAV 52-53
雅加达,"Sari Pacific, Autograph Collection",-6.1858931,106.8238874,66.4,≥64米,酒店,官方(DPMPTSP),JKT-065,Jl. M. H Thamrin No. 6
雅加达,BAYWALK MALL,-6.1072357,106.7782174,66.4,≥64米,商场,官方(DPMPTSP),JKT-006,JALAN PLUIT KARANG AYU BLOK B1 UTARA
雅加达,Graha Kirana,-6.1507744,106.8875174,66.4,≥64米,写字楼,官方(DPMPTSP),,Jl. Yos Sudarso No. 88
雅加达,TOWER B,-6.2460863,106.7888491,66.3,≥64米,综合体,官方(DPMPTSP),,"Jl. KH. Moh. Syafi'i Hadzami No.1, RT.1/RW.10"
雅加达,CENTRO CITY TOWER B,-6.1634287,106.7716311,66.2,≥64米,综合体,官方(DPMPTSP),,Jl. DAAN MOGOT Inspeksi Kali Sekretaris / Jl. Macan Kav. 4-5 RT 010 RW 001
雅加达,1,-6.1904628,106.7977465,66.2,≥64米,写字楼,官方(DPMPTSP),,Jl. Letjen S. Parman No. Kav. 77
雅加达,Apartemen Teluk Intan (Tower Topaz),-6.1274248,106.7765769,66.1,≥64米,综合体,官方(DPMPTSP),,"Jl. Moa No.7, RT.7/RW.16, Pejagalan, Kec. Penjaringan, Jkt Utara, Daerah Khusus Ibukota Jakarta 14450"
雅加达,Hotel Double Tree by Hilton,-6.1989495,106.843171,66.0,≥64米,酒店,官方(DPMPTSP),,"JL PEGANGGSAAN TIMUR NO.17 ,KEL CIKINI KEC MENTENG JAKARTA PUSAT"
雅加达,Apartemen Kensington Royal Suites Tower B,-6.1723299,106.8954249,66.0,≥64米,综合体,官方(DPMPTSP),,Jl. Raya Kelapa Gading Boulevard No. 1
雅加达,Tower A,-6.1569412,106.7359381,66.0,≥64米,综合体,官方(DPMPTSP),,Jl. Daan Mogot KM 13
雅加达,TOWER A 19 LANTAI,-6.1809813,106.9051644,66.0,≥64米,综合体,官方(DPMPTSP),,JL. PERINTIS KEMERDEKAAN KAV 99
雅加达,Tower A,-6.174087,106.83979,65.9,≥64米,综合体,官方(DPMPTSP),JKT-042,Jl. Senen Raya No. 135 - 137
雅加达,Hotel Lumire,-6.1759568,106.8404464,65.8,≥64米,酒店,官方(DPMPTSP),,Jl. Senen Raya No. 135
雅加达,Apartemen Laguna,-6.1233844,106.7986243,65.8,≥64米,公寓,官方(DPMPTSP),,—
雅加达,Hotel ST Regis,-6.2065318,106.8276902,65.7,≥64米,酒店,官方(DPMPTSP),,"Jl. H. R. Rasuna Said No.4 Kav. B,"
雅加达,Mercure Jakarta Simatupang,-6.2908687,106.7800389,65.7,≥64米,酒店,官方(DPMPTSP),,JL. RA. KARTINI NO. 18
雅加达,Wisma Argo Manunggal,-6.2291443,106.8200523,65.5,≥64米,写字楼,官方(DPMPTSP),,"Jl. Gatot Subroto No.Kav. 22, RT.2/RW.2, Karet Semanggi, Kecamatan Setiabudi, Kota Jakarta Selatan, Daerah Khusus Ibukota Jakarta 12930"
雅加达,Kem Tower,-6.1548936,106.8444695,65.5,≥64米,写字楼,官方(DPMPTSP),,Jalan Selangit Blok B 10 Kav 2
雅加达,TOWER C,-6.3076678,106.8356529,65.4,≥64米,公寓,官方(DPMPTSP),,"Apartemen Kebagusan City, Jl. Baung, RT.1/RW.3, Kebagusan, Ps. Minggu, Kota Jakarta Selatan, Daerah Khusus Ibukota Jakarta 12520"
雅加达,Grand Palace Tower C,-6.1607299,106.8527276,65.3,≥64米,综合体,官方(DPMPTSP),,"Jl. Benyamin Suaeb No.1, RT.13/RW.6"
雅加达,BLOK - B,-6.1879031,106.8150012,65.3,≥64米,商场,官方(DPMPTSP),,"Jl. KH. Fachrudin No. 78, 80, 82"
雅加达,DUSIT ORION MANGGA DUA DAN HOTEL LE GRANDEUR,-6.1371499,106.8254855,65.3,≥64米,商场,官方(DPMPTSP),,"JL. MANGGA DUA RAYA RT.01/12; KEL. MANGGA DUA SELATAN; KEC. SAWAH BESAR, JAKARTA PUSAT"
雅加达,APARTEMEN LAGUNA PLUIT,-6.1232534,106.7990636,65.3,≥64米,综合体,官方(DPMPTSP),JKT-063,"JL. PLUIT TIMUR BLOK MM, RT. 011/ RW. 019"
雅加达,Binus Square Hall Of Residence,-6.1911489,106.7817876,65.3,≥64米,综合体,官方(DPMPTSP),,Jalan Budi Raya No 21 RT 1 RW 5
雅加达,TOWER LIGHT,-6.2448099,106.8664005,65.3,≥64米,综合体,官方(DPMPTSP),,"JL. MT. Haryono Kav. 20, RT. 04 RW. 01"
雅加达,Niaz Emerald Apartment,-6.2916654,106.8028554,65.2,≥64米,综合体,官方(DPMPTSP),,"Jl. TB Simatupang No.Kav 20, RT.3/RW.1, Cilandak Bar., Kec. Cilandak, Kota Jakarta Selatan, Daerah Khusus Ibukota Jakarta 12430"
雅加达,Oasis Amir Hotel,-6.1743989,106.8388781,65.2,≥64米,酒店,官方(DPMPTSP),,Jl. Senen Raya No. 135 - 137
雅加达,Apartemen Mangga Dua Court,-6.1380024,106.8239091,65.2,≥64米,综合体,官方(DPMPTSP),,Jl. Mangga Dua Dalam RT. 6 RW. 12
雅加达,（无名）,-6.1259122,106.8288132,65.2,≥64米,未分类,官方(DPMPTSP),JKT-051,—
雅加达,APARTEMEN MANGGA DUA COURT,-6.1382209,106.8247065,65.1,≥64米,综合体,官方(DPMPTSP),,Jl. Mangga Dua Dalam RT. 6 RW. 12
雅加达,WTC Mangga Dua,-6.1333379,106.8305336,65.1,≥64米,商业/店铺,官方(DPMPTSP),,Jl. Gunung Sahari Raya No.8
雅加达,WISMA IKPT,-6.2423772,106.8605749,65.0,≥64米,写字楼,官方(DPMPTSP),,"Jl. Letjen M.T. Haryono Kav.No. 4 Seb - 5 Seb, Jakarta 12830"
雅加达,"Swiss-Belresidences Kalibata, Jakarta",-6.2553744,106.8558699,65.0,≥64米,酒店,官方(DPMPTSP),,Jl. Kalibata Raya No 22
雅加达,TOWER D,-6.1538965,106.7923626,65.0,≥64米,综合体,官方(DPMPTSP),,"JL. PROF DR, LATUMENTEN RT 1 RW 1"
雅加达,Jakarta International Stadium,-6.124411,106.8602432,64.9,≥64米,非住宅,官方(DPMPTSP),,Jl. RE Martadinata / Jl. Rumah Sakit Koja RT.001/RW.012
雅加达,WASKITA RAJAWALI TOWER,-6.24272,106.8651488,64.8,≥64米,写字楼,官方(DPMPTSP),,Jl M.T Haryono Kav.12
雅加达,APARTEMEN PATI POLRI PRESISI,-6.2508682,106.8021245,64.7,≥64米,公寓,官方(DPMPTSP),,"Jl. Wijaya XVI No.8, RT.3/RW.3"
雅加达,APARTEMEN BUKIT GOLF TOWER,-6.274972,106.7852055,64.7,≥64米,综合体,官方(DPMPTSP),,JL. METRO KENCANA IV
雅加达,The Sultan Hotel & Residence Jakarta,-6.2184698,106.808931,64.7,≥64米,酒店,官方(DPMPTSP),,"Jl. Gatot Subroto, RT.1/RW.3, Gelora, Tanah Abang, Kota Jakarta Pusat, Daerah Khusus Ibukota Jakarta 10270"
雅加达,WEST POINT,-6.1634587,106.7726669,64.7,≥64米,写字楼,官方(DPMPTSP),,GG MACAN NO 2 RT 010 RW 001
雅加达,GRAN MELIA,-6.235089,106.8304535,64.6,≥64米,酒店,官方(DPMPTSP),,Jl. H. R. Rasuna Said Kav. X.O No. 1-4
雅加达,Woodland Park Residence,-6.254996,106.856256,64.5,≥64米,综合体,官方(DPMPTSP),,"Jl. Raya Kalibata No.22, RT.6/RW.7, Rawajati, Kec. Pancoran, Kota Jakarta Selatan, Daerah Khusus Ibukota Jakarta 12750"
雅加达,APARTEMEN BUKIT GOLF TOWER B,-6.2755682,106.7852808,64.5,≥64米,综合体,官方(DPMPTSP),,JL. METRO KENCANA IV
雅加达,Hotel Mercure,-6.1490197,106.8174407,64.5,≥64米,酒店,官方(DPMPTSP),,"Jl. Hayam Wuruk No.123 RT/RW 003/006 Kel. Mangga Besar, Kec. Taman Sari, Jakarta Barat, DKI Jakarta, 11180"
雅加达,WISMA HAYAM WURUK,-6.1632243,106.8204481,64.4,≥64米,写字楼,官方(DPMPTSP),,"JL. HAYAM WURUK NO. 8 WISMA HAYAM WURUKÂ  KEL. KEBON KELAPA, KEC. GAMBIR, JAKARTA PUSAT"
雅加达,Menara Hijau,-6.2439683,106.8573334,64.2,≥64米,写字楼,官方(DPMPTSP),,"Jl. Letjend.  M.T. Haryono, Kav. 33 RT. 003 RW 002"
雅加达,Apartemen Gardenia Boulevard (Tower A),-6.2837709,106.8276156,64.2,≥64米,综合体,官方(DPMPTSP),,Jl. Warung Jati Barat No.13 RT/RW 002/003
雅加达,ALOFT HOTEL,-6.1863281,106.8272989,64.2,≥64米,酒店,官方(DPMPTSP),,"Jl. KH. Wahid Hasyim No.92, RT.14/RW.3, Kb. Sirih, Menteng, Kota Jakarta Pusat, Daerah Khusus Ibukota Jakarta 10340"
雅加达,Tower B,-6.1537332,106.852687,64.2,≥64米,综合体,官方(DPMPTSP),,Jalan Landas Pacu Utara Kav. 1 RT.013 RW.06
雅加达,Red Top,-6.163566,106.8272562,64.2,≥64米,酒店,官方(DPMPTSP),,"Jalan Pecenongan No.72, Kebon Kelapa, Gambir, RT.2/RW.4, Kb. Klp., Gambir, Kota Jakarta Pusat, Daerah Khusus Ibukota Jakarta 10120"
雅加达,Ra Premiere Simatupang,-6.2936263,106.8022641,64.1,≥64米,酒店,官方(DPMPTSP),,"JL. INTAN RT.001/002, KEL. CILANDAK BARAT, KEC. CILANDAK JAKARTA SELATAN"
雅加达,Gedung Plaza Galeon,-6.1983813,106.8227091,64.1,≥64米,写字楼,官方(DPMPTSP),,JL. M H THAMRIN KAV. 8-9
雅加达,Grand Indonesia West Mall,-6.1952021,106.8194443,64.1,≥64米,商场,官方(DPMPTSP),,Jl. Teluk Betung
雅加达,Lembaga Ketahanan Nasional Republik Indonesia,-6.1824636,106.8284924,64.1,≥64米,未分类,官方(DPMPTSP),,—
雅加达,Plaza Indonesia dan Grand Hyatt,-6.1934552,106.8223028,64.0,≥64米,非住宅,官方(DPMPTSP),JKT-048,Jl. MH. Thamrin Kav. 28-30
雅加达,GARDENIA,-6.1570765,106.7193716,64.0,≥64米,综合体,官方(DPMPTSP),,"JL. RAYA DAAN MOGOT, KM. 14"
雅加达,Wyndham,-6.2242626,106.8398294,63.9,≥48米,综合体,官方(DPMPTSP),,JL. CASABLANCA
雅加达,Papyrus,-6.1269515,106.7891368,63.9,≥48米,综合体,官方(DPMPTSP),,"Jl. Pluit Selatan Raya, RT.23/RW.8, Kodepos 14440"
雅加达,Wisma Mitra Sunter,-6.1502039,106.8863791,63.7,≥48米,写字楼,官方(DPMPTSP),,Jl. Yos Sudarso Kav 89
雅加达,Grand Paragon,-6.1517753,106.8163054,63.6,≥48米,商场,官方(DPMPTSP),,"Jl. Gajah Mada No. 126 RT 013 RW 08, Keagungan, Taman Sari, Jakarta Barat, DKI Jakarta, 11130"
雅加达,BPJS Ketenagakerjaan Grha Bpjamsostek,-6.2260848,106.8180517,63.5,≥48米,写字楼,官方(DPMPTSP),,"Jl. Gatot Subroto Kav. 14-15 No.79, Kel. Karet Semanggi, Kec. Setiabudi, Kota Adm. Jakarta Selatan"
雅加达,Menara Topas,-6.1883649,106.82265,63.5,≥48米,写字楼,官方(DPMPTSP),,Jl. M.H. Thamrin No. 28-30 RT 008 RW 004
雅加达,Taman Kemayoran Condominium,-6.1535031,106.8522026,63.4,≥48米,未分类,官方(DPMPTSP),,—
雅加达,Apartemen Teluk Intan (Tower Sapphire),-6.1282781,106.777284,63.4,≥48米,综合体,官方(DPMPTSP),,Jl. Moa Teluk Gong
雅加达,Hotel All Seasons Jakarta Thamrin,-6.2014042,106.8221672,63.3,≥48米,酒店,官方(DPMPTSP),,"Jl. Talang Betutu No. 2, RT.11/RW.20, Kebon Melati, Tanah Abang, Kota Jakarta Pusat, Daerah Khusus Ibukota Jakarta 10320"
雅加达,TOWER C,-6.1685747,106.9011196,63.3,≥48米,综合体,官方(DPMPTSP),,Jl. Boulevard Raya Blok CN.1
雅加达,Woodland Park Residence,-6.2556759,106.8562149,63.2,≥48米,综合体,官方(DPMPTSP),,"Jl. Raya Kalibata No.22, RT.6/RW.7, Rawajati, Kec. Pancoran, Kota Jakarta Selatan, Daerah Khusus Ibukota Jakarta 12750"
雅加达,Permata Gandaria,-6.2450408,106.7882898,63.1,≥48米,综合体,官方(DPMPTSP),,"Jl.  Gandaria I No. 88, RT. 001/ RW. 010, Kel. Kramat Pela, Kec. Kebayoran Lama, Jakarta Selatan"
雅加达,TOWER MONT BLANC,-6.2010443,106.7629291,63.1,≥48米,综合体,官方(DPMPTSP),,Jl. Kebon Jeruk Indah Utama RT.8/RW.7 Tower Mont Blanc
雅加达,LA City Apartemen (LA-HUB),-6.3290898,106.8363141,63.0,≥48米,综合体,官方(DPMPTSP),,Jl. Raya Lenteng Agung No.39 RT.10/RW.4
雅加达,Tower A5,-6.1389428,106.8461185,63.0,≥48米,公寓,官方(DPMPTSP),,"Jl. Rajawali Utara, Kel. Pademangan Timur, Kec. Pademangan, Jakarta Utara, Daerah Khusus Ibukota Jakarta 14410"
雅加达,Graha Unilever Sudah Tutup,-6.2264717,106.8183271,62.9,≥48米,写字楼,官方(DPMPTSP),,"Jl. Gatot Subroto No. Kav 15, Karet Semanggi, Kecamatan Setiabudi, Kota Jakarta Selatan, Daerah Khusus Ibukota Jakarta 12930"
雅加达,Tower A2,-6.1364355,106.8459893,62.9,≥48米,公寓,官方(DPMPTSP),,"Jl. Rajawali Utara, Kel. Pademangan Timur, Kec. Pademangan, Jakarta Utara, Daerah Khusus Ibukota Jakarta 14410"
雅加达,TOWER  A,-6.3070249,106.8354017,62.8,≥48米,公寓,官方(DPMPTSP),,"Apartemen Kebagusan City, Jl. Baung, RT.1/RW.3, Kebagusan, Ps. Minggu, Kota Jakarta Selatan, Daerah Khusus Ibukota Jakarta 12520"
雅加达,Tower A4,-6.1384086,106.8460934,62.8,≥48米,公寓,官方(DPMPTSP),,"Jl. Rajawali Utara, Kel. Pademangan Timur, Kec. Pademangan, Jakarta Utara, Daerah Khusus Ibukota Jakarta 14410"
雅加达,Tower D,-6.1283804,106.8289982,62.8,≥48米,综合体,官方(DPMPTSP),,Jl. Lodan Raya No. 2A RT. 014/002
雅加达,MILLENIUM HOTEL SIRIH JAKARTA,-6.1827182,106.8168405,62.7,≥48米,酒店,官方(DPMPTSP),,JL.H FACHRUDDIN NO. 3
雅加达,Tower A3,-6.1374279,106.8460513,62.7,≥48米,公寓,官方(DPMPTSP),,"Jl. Rajawali Utara, Kel. Pademangan Timur, Kec. Pademangan, Jakarta Utara, Daerah Khusus Ibukota Jakarta 14410"
雅加达,MENARA MANDIRI WIJAYA KUSUMA,-6.1580991,106.7700811,62.7,≥48米,写字楼,官方(DPMPTSP),,JL. RAYA DAAN MOGOT NO. 3 RT/RW. 005/008
雅加达,MTH SQUARE,-6.243781,106.8693573,62.7,≥48米,综合体,官方(DPMPTSP),,JALAN OTTO ISKANDAR DINATA NO. 390
雅加达,Apartemen Sky Terrace Lagoon Condo,-6.1515725,106.7128293,62.6,≥48米,公寓,官方(DPMPTSP),,Jl. Tanah Lot No 2 RT 08 RW 12
雅加达,Tower A,-6.2840721,106.8275078,62.5,≥48米,综合体,官方(DPMPTSP),,Jl. Warung Jati Barat No.13 RT/RW 002/003
雅加达,Apartemen Wisma Gading Permai Tower A,-6.1676727,106.9016339,62.5,≥48米,综合体,官方(DPMPTSP),,Jl. Boulevard Raya Blok CN.1
雅加达,Menara FIF,-6.2925616,106.7835454,62.4,≥48米,写字楼,官方(DPMPTSP),,Jl. TB. Simatupang Kav.15
雅加达,Thamrin City,-6.1947021,106.8163548,62.4,≥48米,商场,官方(DPMPTSP),,Jl. Thamrin Boulevard
雅加达,Padma,-6.1270568,106.7896745,62.4,≥48米,综合体,官方(DPMPTSP),,"Jl. Pluit Selatan Raya, RT.23/RW.8, Kodepos 14440"
雅加达,Graha MR 21 (Graha Jasindo),-6.1845629,106.8358497,62.2,≥48米,写字楼,官方(DPMPTSP),,Jl. Menteng Raya
雅加达,The Media Hotel and Towers,-6.1469087,106.8349635,62.2,≥48米,酒店,官方(DPMPTSP),,Jl. Gn. Sahari No.3 RT.16/RW.3
雅加达,WTC MANGGA DUA,-6.1342959,106.8307902,62.2,≥48米,商场,官方(DPMPTSP),,Jl. Mangga Dua Raya No. 8 RT. 011/005
雅加达,Gedung Kosong,-6.193306,106.7813916,62.2,≥48米,综合体,官方(DPMPTSP),,Jalan Kemanggisan Raya RT 1 RW 5
雅加达,WTC MANGGA DUA,-6.1337105,106.8305237,62.1,≥48米,商场,官方(DPMPTSP),,Jl. Mangga Dua Raya No. 8 RT. 011/005
雅加达,GRAHA INTI FAUZI,-6.2759147,106.829638,62.0,≥48米,写字楼,官方(DPMPTSP),,"Jl. Buncit Raya No.22, RT.2/RW.7, Pejaten Bar., Ps. Minggu, Kota Jakarta Selatan, Daerah Khusus Ibukota Jakarta 12510"
雅加达,（无名）,-6.2182644,106.8095201,62.0,≥48米,未分类,官方(DPMPTSP),,—
雅加达,BALLROOM AND HOTEL,-6.1861962,106.8173383,61.9,≥48米,酒店,官方(DPMPTSP),,Jl. KH. Wahid Hasyim No. 73-75 RT. 009 RW. 007
雅加达,Landmark Pluit,-6.1240642,106.7989218,61.7,≥48米,写字楼,官方(DPMPTSP),JKT-066,Jl. Pluit Selatan Raya
雅加达,RS Murni Teguh Sudirman Jakarta,-6.20947,106.8194373,61.7,≥48米,医院,官方(DPMPTSP),,Jalan Jenderal Sudirman Sahid City No.Kav.86 RT.13 RW.11
雅加达,Apartemen Eksekutif Menteng TOWER A1,-6.1979292,106.8400965,61.6,≥48米,综合体,官方(DPMPTSP),,"Jl. Pegangsaan Barat No. 6 - 12 Kel. Menteng, Kec. Menteng, Jakarta Pusat;"
雅加达,Kondominium Juanda,-6.1655148,106.8294094,61.6,≥48米,综合体,官方(DPMPTSP),,"Jl. Ir H Juanda I no 6, Kelurahan kebon kelapa"
雅加达,Apartemen Palm Court (Blok 2),-6.2364915,106.8252802,61.5,≥48米,综合体,官方(DPMPTSP),,"Jalan Gatot Subroto Kav.26-27, RT.3/RW.2"
雅加达,Apartemen Eksekutif Menteng TOWER A2,-6.1982893,106.8403637,61.5,≥48米,综合体,官方(DPMPTSP),,"Jl. Pegangsaan Barat No. 6 - 12 Kel. Menteng, Kec. Menteng, Jakarta Pusat;"
雅加达,Apartemen Eksekutif Menteng tower B2,-6.1991123,106.8409911,61.4,≥48米,综合体,官方(DPMPTSP),,"Jl. Pegangsaan Barat KAV. No. 6 â€“ 12, Kelurahan Menteng, Kecamatan Menteng, Jakarta Pusat"
雅加达,Apartemen Eksekutif Menteng TOWER B1,-6.198764,106.8407217,61.4,≥48米,综合体,官方(DPMPTSP),,"Jl. Pegangsaan Barat No.12, RT.16/RW.5"
雅加达,Gedung B,-6.2441903,106.8030506,61.3,≥48米,写字楼,官方(DPMPTSP),,"Jl. Iskandarsyah Raya No.1A, RT.2/RW.1, Melawai, Kec. Kby. Baru, Kota Jakarta Selatan, Daerah Khusus Ibukota Jakarta 12160"
雅加达,KUNINGAN CITY,-6.2245784,106.8293906,61.2,≥48米,商业/店铺,官方(DPMPTSP),,"Jl. Prof. DR. Satrio No.Kav. 18, Kuningan, Karet Kuningan, Kecamatan Setiabudi, Kota Jakarta Selatan, Daerah Khusus Ibukota Jakarta 12940"
雅加达,Cyber 1,-6.2387365,106.8240556,61.2,≥48米,写字楼,官方(DPMPTSP),,"Jl. Kuningan Barat Raya No. 8, RT.1/RW.3"
雅加达,ITC CEMPAKA MAS MEGA GROSIR,-6.1653462,106.8770263,61.2,≥48米,写字楼,官方(DPMPTSP),,JL. LETJEN. SUPRAPTO KAV. 1/ YOS SUDARSO
雅加达,RUSUN POLSEK MENTENG,-6.1957636,106.8380219,61.2,≥48米,公寓,官方(DPMPTSP),,JL SUTAN SYAHRIR NO 1 KEL GONDANGDIA KEC MENTENG JAKARTA PUSAT
雅加达,Gedung VII Manggala Wanabakti,-6.2068995,106.8005627,61.2,≥48米,未分类,官方(DPMPTSP),,—
雅加达,THE CITY RESORT RESIDENCE GEDUNG ORCHID,-6.135457,106.732119,61.2,≥48米,综合体,官方(DPMPTSP),,JL BOULEVARD RAYA RW 014
雅加达,Mall Ciputral World 1 (Podium),-6.2246085,106.823036,61.1,≥48米,商业/店铺,官方(DPMPTSP),,Jl. Prof. Dr. Satrio Kav. 3-5
雅加达,TOWER A,-6.2580755,106.7588435,61.1,≥48米,综合体,官方(DPMPTSP),,Jl. Bintaro Permai Raya No. 5 RT 005 RW 003
雅加达,THE CITY RESORT RESIDENCE GEDUNG MARIGO,-6.135837,106.7321114,61.1,≥48米,综合体,官方(DPMPTSP),,JL BOULEVARD RAYA  RW 014
雅加达,TOWE 6 & 7,-6.1607585,106.717392,61.0,≥48米,公寓,官方(DPMPTSP),,JL. RAYA DAAN MOGOT
雅加达,Apartemen Casablanca,-6.2232286,106.8455031,60.9,≥48米,综合体,官方(DPMPTSP),,"Jalan Casablanca Kav. 12, RT. 14 / RW. 5, Menteng Dalam, Tebet, Jakarta Selatan 12870"
雅加达,STC Senayan,-6.2278711,106.7988045,60.9,≥48米,商场,官方(DPMPTSP),,JL. Asia Afrika NO.1 Kel. Gelora Kec. Tanah Abang Jakarta Pusat
雅加达,Grand Indonesia,-6.1959707,106.8219168,60.8,≥48米,商场,官方(DPMPTSP),,JL. MH THAMRIN NO 1. JAKARTA PUSAT
雅加达,Grand Indonesia,-6.1955371,106.8214891,60.8,≥48米,商场,官方(DPMPTSP),,JL. MH THAMRIN NO 1. JAKARTA PUSAT
雅加达,Tower C,-6.1314741,106.7951708,60.8,≥48米,公寓,官方(DPMPTSP),,Jl. Tnjung Wangi RW.006
雅加达,Sekolah Kristen Ketapang 1,-6.1599739,106.8141505,60.8,≥48米,未分类,官方(DPMPTSP),,—
雅加达,APARTEMEN MT. HARYONO RESIDENCE,-6.2430973,106.8680145,60.8,≥48米,公寓,官方(DPMPTSP),,"JL OTTO ISKANDAR DINATA No. 60, RT. 4 / RW. 12, Bidara Cina, Jatinegara, RT.11/RW.12, RT.11/RW.12, Kp. Melayu, Jatinegara, Kota Jakarta Timur, Daerah Khusus Ibukota Jakarta 13330"
雅加达,APARTEMEN Mediterania Lagoon Residence,-6.1536336,106.8529996,60.7,≥48米,综合体,官方(DPMPTSP),JKT-067,Jalan Convair Kav. 1 RT.013 RW.06
雅加达,HOTEL NEO+,-6.2379314,106.7779579,60.6,≥48米,酒店,官方(DPMPTSP),,JL CILEDUG RAYA NO 35
雅加达,Aryaduta Hotel Jakarta,-6.181654,106.8354759,60.6,≥48米,酒店,官方(DPMPTSP),,Jl. Prajurit KKO Usman dan Harun Kav. No. 44-48 RT.007 RW. 001
雅加达,Tower D,-6.1316924,106.7955991,60.6,≥48米,公寓,官方(DPMPTSP),,Jl. Tnjung Wangi RW.006
雅加达,APARTEMEN KALIBATA CITY TOWER TULIP / GREEN PALACE,-6.2564741,106.8500085,60.5,≥48米,综合体,官方(DPMPTSP),,"Jl. Raya Kalibata No.1, RT.7/RW.11, Rawajati, Pancoran, Kota Jakarta Selatan, Daerah Khusus Ibukota Jakarta 12750"
雅加达,The Mansion (Bougenville),-6.1474765,106.8543112,60.5,≥48米,非住宅,官方(DPMPTSP),JKT-028,Komp. Kemayoran Blok D7-2 dan Blok D4-1/2
雅加达,THE CITY RESORT RESIDENCE GEDUNG ALAMANDA,-6.1358116,106.7313288,60.5,≥48米,综合体,官方(DPMPTSP),,JL BOULEVARD RAYA RT 014
雅加达,TOWER A,-6.154364,106.7926656,60.5,≥48米,综合体,官方(DPMPTSP),,JL. PROF LATUMENTEN RT 1 RW 1
雅加达,TOWER B,-6.15424,106.7920838,60.5,≥48米,综合体,官方(DPMPTSP),,"JL. PROF DR, LATUMENTEN RT 1 RW 1"
雅加达,Gedung Utama,-6.1726043,106.8350652,60.4,≥48米,酒店,官方(DPMPTSP),,Jl. Lapangan Banteng Selatan No.1
雅加达,Mayapada Hospital,-6.2979481,106.7856967,60.4,≥48米,医院,官方(DPMPTSP),,Jl. Lebak Bulus I Kav. 29 RT.006/RW.04
雅加达,Golden Boutique Hotel,-6.1582118,106.8380364,60.3,≥48米,酒店,官方(DPMPTSP),,"Jl. Angkasa No.1, RT.7/RW.5"
雅加达,The CEO Building (Cilandak Executive Office),-6.2913079,106.7974277,60.2,≥48米,写字楼,官方(DPMPTSP),,Jl. TB. Simatupang No. 18 C
雅加达,Tower B,-6.2236212,106.8779879,60.1,≥48米,综合体,官方(DPMPTSP),,Jl. Basuki Rahmat No.1A
雅加达,1,-6.246757,106.8143102,60.0,≥48米,综合体,官方(DPMPTSP),,Jl. Bangka Raya No.45A RT 11 RW 11
雅加达,T-PLAZA,-6.2024295,106.8078168,60.0,≥48米,综合体,官方(DPMPTSP),,"Jl. Penjernihan 1 No.1 Kav. 1, RT.10/RW.6"
雅加达,Gedung Utama,-6.1722443,106.8354523,60.0,≥48米,酒店,官方(DPMPTSP),,Jl. Lapangan Banteng Selatan No.1
雅加达,HOTEL KIMAYA SLIPI JAKARTA,-6.1993001,106.7992827,60.0,≥48米,酒店,官方(DPMPTSP),,"Jl. Letjen S. Parman Kavling 59, Slipi, Kec. Palmerah, Kota Jakarta Barat, Daerah Khusus Ibukota Jakarta 11410"
雅加达,TAMANSARI HIVE OFFICE,-6.245382,106.8750874,60.0,≥48米,写字楼,官方(DPMPTSP),,Jl. DI Panjaitan Kav. 2
雅加达,Apartemen Kalibata City Green Palace Tower P (PALEM),-6.2571002,106.8499601,59.9,≥48米,综合体,官方(DPMPTSP),,"Apartemen Kalibata City Green Palace Tower P (PALEM) Jl. Raya Kalibata No.1, RT.4/RW.11, Rawajati, Pancoran, Kota Jakarta Selatan, Daerah Khusus Ibukota Jakarta 12750"
雅加达,Apartemen Kalibata City Tower N (NUSA INDAH),-6.2577101,106.8499277,59.9,≥48米,综合体,官方(DPMPTSP),,"Apartemen Kalibata City Tower N (NUSA INDAH) Jl. Raya Kalibata No.1, RT.3/RW.11, Rawajati, Pancoran, Kota Jakarta Selatan, Daerah Khusus Ibukota Jakarta 12750"
雅加达,Apartemen Kalibata City Tower M (MAWAR),-6.2578107,106.850459,59.9,≥48米,综合体,官方(DPMPTSP),,"Apartemen Kalibata City Tower M (MAWAR) Jl. Raya Kalibata No.1, RT.2/RW.11, Rawajati, Pancoran, Kota Jakarta Selatan, Daerah Khusus Ibukota Jakarta 12750"
雅加达,WTC MANGGA DUA,-6.133881,106.8310232,59.9,≥48米,商场,官方(DPMPTSP),,Jl. Mangga Dua Raya No. 8 RT. 011/005
雅加达,TOWER ATHENA,-6.2004202,106.7627495,59.9,≥48米,综合体,官方(DPMPTSP),,Jl. Kebon Jeruk Indah Utama RT.8/RW.7 TOWER ATHENA
雅加达,Grand Indonesia West Mall,-6.1948982,106.8198215,59.8,≥48米,商场,官方(DPMPTSP),,Jl. Teluk Betung
雅加达,RUSUNAWA SEMPER BARAT,-6.135179,106.9284793,59.8,≥48米,公寓,官方(DPMPTSP),,JL Belibis 5 RT19 RW 04
雅加达,PT JGC INDONESIA,-6.293045,106.8022254,59.7,≥48米,写字楼,官方(DPMPTSP),,Jl. TB. Simatupang 7B
雅加达,FLAMBOYAN,-6.1564073,106.7193735,59.7,≥48米,综合体,官方(DPMPTSP),,JL DAAN MOGOT KM 14
雅加达,（无名）,-6.1266648,106.8291308,59.6,≥48米,未分类,官方(DPMPTSP),JKT-044,—
雅加达,Emporium Pluit Mall,-6.1272875,106.7904185,59.5,≥48米,商场,官方(DPMPTSP),,Jl. Pluit Selatan Raya RT 023 RW 008
雅加达,2,-6.2472846,106.8143881,59.4,≥48米,综合体,官方(DPMPTSP),,Jl. Bangka Raya No.45A RT 7 RW 11
雅加达,Rusunawa Tower B,-6.2229652,106.865477,59.4,≥48米,公寓,官方(DPMPTSP),,"Jl Jatinegara Barat No 142 Kel. Kampung Melayu, Kec. Jatinegara, Kota Adm. Jakarta Timur, 13320"
雅加达,Tower C2,-6.2062911,106.9302439,59.4,≥48米,公寓,官方(DPMPTSP),,"Jl. Raya Penggilingan, Komplek PIK"
雅加达,Tower C1,-6.2059174,106.9302496,59.3,≥48米,公寓,官方(DPMPTSP),,"Jl. Raya Penggilingan, Komplek PIK"
雅加达,Apartemen Gateway Pesanggrahan,-6.2373695,106.7479711,59.2,≥48米,综合体,官方(DPMPTSP),,Jl. Ciledug Raya RT.004 RW.003
雅加达,Senayan City,-6.2276853,106.7967819,59.2,≥48米,商场,官方(DPMPTSP),,"Jl. Asia Afrika Lot. 19, RT.1/RW.3, Gelora, Tanah Abang, Kota Jakarta Pusat, Daerah Khusus Ibukota Jakarta 10270"
雅加达,Apartemen Mitra Sunter,-6.1500467,106.885688,59.2,≥48米,综合体,官方(DPMPTSP),,"Jl. Mitra Sunter Bulevar Jl. Yos Sudarso Kav 85 No.89 Blok C2, Sunter Jaya, Kec. Tj. Priok, Jkt Utara, Daerah Khusus Ibukota Jakarta 14350"
雅加达,Apartemen Ratu Plaza,-6.2263312,106.8016295,59.1,≥48米,综合体,官方(DPMPTSP),,Jl. Jenderal Sudirman No.Kav.9
雅加达,（无名）,-6.1510575,106.8557886,59.1,≥48米,未分类,官方(DPMPTSP),,—
雅加达,WTC MANGGA DUA,-6.132605,106.830663,59.1,≥48米,商场,官方(DPMPTSP),,Jl. Mangga Dua Raya No. 8 RT. 011/005
雅加达,Rusunawa Tower Cakung Barat,-6.1700157,106.9323085,59.1,≥48米,公寓,官方(DPMPTSP),,Jl. Inspeksi Pol PPD Tower C RT.001 RW.007
雅加达,Rumah Susun Cakung Barat,-6.1696951,106.9323043,59.1,≥48米,公寓,官方(DPMPTSP),,Jl. Inspeksi Pol PPD
雅加达,Tower B,-6.3007658,106.8331574,59.0,≥48米,写字楼,官方(DPMPTSP),,Jl. Letjen T.B. Simatupang Kav. 88
雅加达,Solterra Apartmen,-6.2750593,106.8317158,59.0,≥48米,酒店,官方(DPMPTSP),JKT-027,"Jl. Condet Pejaten No.1, Pejaten Bar., Ps. Minggu, Kota Jakarta Selatan, Daerah Khusus Ibukota Jakarta 12510"
雅加达,Lippo Tower Holland Village,-6.1677368,106.8768104,59.0,≥48米,综合体,官方(DPMPTSP),,Holland Village Jalan Letnan Jenderal Suprapto Kav. 60 No. 1
雅加达,Mitsubishi,-6.1249208,106.7987471,59.0,≥48米,未分类,官方(DPMPTSP),JKT-068,—
雅加达,Tower A,-6.2225734,106.8653376,59.0,≥48米,公寓,官方(DPMPTSP),,"Jl Jatinegara Barat No 142 Kel. Kampung Melayu, Kec. Jatinegara, Kota Adm. Jakarta Timur, 13320"
雅加达,TOWER HIJAU,-6.2045277,106.9498453,59.0,≥48米,公寓,官方(DPMPTSP),,JL. SENTRA PRIMER TIMUR RT. 013/015 RW. 006
雅加达,Apartemen Palm Court (Blok 1),-6.2369288,106.8248747,58.9,≥48米,综合体,官方(DPMPTSP),,"Jalan Gatot Subroto Kav.26-27, RT.3/RW.2"
雅加达,Hotel Fashion,-6.1490202,106.83534,58.9,≥48米,酒店,官方(DPMPTSP),,"Jl. Gn. Sahari 12 No.2A, RT.16/RW.3"
雅加达,（无名）,-6.1510087,106.8564119,58.9,≥48米,未分类,官方(DPMPTSP),,—
雅加达,TOWER KUNING,-6.2049044,106.9500609,58.9,≥48米,公寓,官方(DPMPTSP),,JL. SENTRA PRIMER TIMUR RT. 013/015 RW. 006
雅加达,Oxygen Moratelindo,-6.2243947,106.8509587,58.8,≥48米,写字楼,官方(DPMPTSP),,Jl. KH Abdullah Syafei No.37a Rt.003 Rw.01
雅加达,Sudio TVRI Senayan,-6.2128091,106.8012591,58.8,≥48米,写字楼,官方(DPMPTSP),JKT-069,JL. Gerbang Pemuda No.8 Senayan RT.02 RW.01 Gelora Tanah Abang Jakarta Pusat
雅加达,Studio TVRI Senayan,-6.2124979,106.8012468,58.8,≥48米,写字楼,官方(DPMPTSP),,JL. Gerbang Pemuda No.8 Senayan RT.02 RW.01 Gelora Tanah Abang Jakarta Pusat
雅加达,Gedung Pusat Operasional TVRI,-6.2130703,106.8012371,58.8,≥48米,未分类,官方(DPMPTSP),JKT-069,—
雅加达,TamanSari Parama Boutique Office,-6.1867085,106.8276518,58.8,≥48米,写字楼,官方(DPMPTSP),,"Jl. KH. Wahid Hasyim No. 84-86-88,"
雅加达,TOWER ORANGE,-6.2047483,106.949261,58.8,≥48米,公寓,官方(DPMPTSP),,JL. SENTRA PRIMER TIMUR RT. 013/015 RW. 006
雅加达,RUSUNAWA CIPINANG BESAR UTARA,-6.2181215,106.8852408,58.8,≥48米,公寓,官方(DPMPTSP),,JL CIPINANG PULO KEC CIPINANG BESAR UTARA KEC JATINEGARA JAKARTA TIMUR
雅加达,WISMA MANDIRI Tower I BSI (BANK SYARIAH INDONESIA),-6.1840538,106.8236129,58.7,≥48米,写字楼,官方(DPMPTSP),,"Jl. MH. Thamrin No.5, Jakarta 10340"
雅加达,Tower B1,-6.2064247,106.9293891,58.7,≥48米,公寓,官方(DPMPTSP),,"Jl. Penggilingan, RT. 6/RW. 10, Penggilingan, Kec. Cakung, Kota Jakarta Timur, Daerah Khusus Ibukota Jakarta 13940"
雅加达,Tower C3,-6.2066437,106.9303989,58.7,≥48米,公寓,官方(DPMPTSP),,"Jl. Raya Penggilingan, Komplek PIK"
雅加达,PLAZA BANK INDEX,-6.192249,106.8235442,58.6,≥48米,写字楼,官方(DPMPTSP),,Jl. MH. Thamrin No. 57
雅加达,Plaza Indonesia dan Grand Hyatt,-6.193525,106.8219199,58.6,≥48米,非住宅,官方(DPMPTSP),,Jl. MH. Thamrin Kav. 28-30
雅加达,RUMAH SAKIT PUSAT OTAK NASIONAL PROF. DR. DR. MAHAR MARDJONO JAKARTA (RS PON JAKARTA) GEDUNG A DAN B,-6.2466199,106.8704174,58.6,≥48米,医院,官方(DPMPTSP),,Jl. Letjen MT Haryono Kav. 11 RT 001 RW 006
雅加达,Transport HUB Dukuh Atas NO 38,-6.2018118,106.8237481,58.5,≥48米,写字楼,官方(DPMPTSP),,Jl. JUANA NO 38
雅加达,Tower D,-6.1562543,106.7284254,58.5,≥48米,公寓,官方(DPMPTSP),,Jl. Lingkar Luar Barat
雅加达,Tower B2,-6.2058301,106.9293706,58.5,≥48米,公寓,官方(DPMPTSP),,"Jl. Penggilingan, RT. 6/RW. 10, Penggilingan, Kec. Cakung, Kota Jakarta Timur, Daerah Khusus Ibukota Jakarta 13940"
雅加达,Rumah Susun PIK Pulo Gadung Tahap II,-6.2058372,106.9285717,58.5,≥48米,公寓,官方(DPMPTSP),,"Jl. Penggilingan, RT. 6/RW. 10, Penggilingan, Kec. Cakung, Kota Jakarta Timur, Daerah Khusus Ibukota Jakarta 13940"
雅加达,Prince Centre,-6.2065586,106.8215062,58.4,≥48米,写字楼,官方(DPMPTSP),,Jalan Jenderal Sudirman No.Kav.3-4
雅加达,BPKP PUSAT,-6.1927718,106.8709002,58.4,≥48米,写字楼,官方(DPMPTSP),,Jl. Pramuka No. 33 Rt 10/08
雅加达,Tower A4,-6.20645,106.9285797,58.4,≥48米,公寓,官方(DPMPTSP),JKT-070,"Jl. Penggilingan, RT. 6/RW. 10, Penggilingan, Kec. Cakung, Kota Jakarta Timur, Daerah Khusus Ibukota Jakarta 13940"
雅加达,GRANADI,-6.2307739,106.8335882,58.3,≥48米,写字楼,官方(DPMPTSP),,Jl. H.R Rasuna Said Blok X-1 Kav. 8-9
雅加达,Plaza 89,-6.2178977,106.8304018,58.3,≥48米,写字楼,官方(DPMPTSP),,"Jl. H. R. Rasuna Said No.X-7, RT.6/RW.7, Kuningan, Karet Kuningan, Kecamatan Setiabudi, Kota Jakarta Selatan, Daerah Khusus Ibukota Jakarta 12940"
雅加达,THE CITY RESORT RESIDENCE GEDUNG BOUGENVILLE,-6.1354962,106.7312885,58.3,≥48米,综合体,官方(DPMPTSP),,JL BOULEVARD RAYA RW 014
雅加达,（无名）,-6.1675847,106.9251374,58.3,≥48米,未分类,官方(DPMPTSP),,—
雅加达,KUNINGAN CITY,-6.2249233,106.8301468,58.2,≥48米,商业/店铺,官方(DPMPTSP),,"Jl. Prof. DR. Satrio No.Kav. 18, Kuningan, Karet Kuningan, Kecamatan Setiabudi, Kota Jakarta Selatan, Daerah Khusus Ibukota Jakarta 12940"
雅加达,HOTEL NOVOTEL CIKINI,-6.1955358,106.8405885,58.2,≥48米,酒店,官方(DPMPTSP),,JL.Cikini Raya No.107-109
雅加达,Gedung Sarana Jaya,-6.1796271,106.8199415,58.2,≥48米,写字楼,官方(DPMPTSP),JKT-054,"Jl. Budi Kemuliaan I no. 1, RT.2/RW.3"
雅加达,TOWER B CLUSTER DAHLIA,-6.1996894,106.964463,58.2,≥48米,公寓,官方(DPMPTSP),,JL. INSPEKSI BKT TIMUR RT. 002/003 RW. 017
雅加达,HOTEL BIDAKARA,-6.2401815,106.8419474,58.1,≥48米,酒店,官方(DPMPTSP),,"Jl. Gatot Subroto Kav. 71-73, RT. 001 RW. 004"
雅加达,TOWER 1,-6.216473,106.764812,58.1,≥48米,综合体,官方(DPMPTSP),,Jl. Raya Pos Pengumben Rt. 001/06
雅加达,The Gloria Suites Jakarta,-6.1670035,106.7952731,58.1,≥48米,酒店,官方(DPMPTSP),,"Jl. Kyai Tapa No.215 5, RT.5/RW.9, Tomang, Kec. Grogol petamburan, Kota Jakarta Barat, Daerah Khusus Ibukota Jakarta 11450"
雅加达,casa,-6.2236894,106.8980405,58.1,≥48米,公寓,官方(DPMPTSP),,Jl. Pahlawan Revolusi No. 2
雅加达,Hotel Ibis Djakarta Harmoni,-6.1604593,106.819986,58.0,≥48米,酒店,官方(DPMPTSP),,Jl. Hayam Wuruk No. 35 RT 014 RW 001
雅加达,Apartemen Metro Sunter,-6.1339023,106.872424,58.0,≥48米,综合体,官方(DPMPTSP),,Jl. Metro Kencana Raya
雅加达,Gedung Terbengkalai,-6.1930767,106.7810748,58.0,≥48米,综合体,官方(DPMPTSP),,Jalan Kemanggisan Raya RT 1 RW 5
雅加达,Menara Sentraya Office Park,-6.2448728,106.8034784,57.9,≥48米,写字楼,官方(DPMPTSP),,JL. Sultan Iskandarsyah II No.2
雅加达,APARTEMEN TAMANSARI SUDIRMAN EXECUTIVE RESIDENCE TOWER B,-6.2166323,106.8214401,57.9,≥48米,公寓,官方(DPMPTSP),,"JL. BEK MURAD NO.42 KEL. KARET KUNINGAN, KEC. SETIABUDI, JAKARTA SELATAN"
雅加达,Bank Danamon,-6.1811068,106.8346902,57.9,≥48米,未分类,官方(DPMPTSP),,—
雅加达,Apartemen Metro Sunter,-6.1343266,106.872834,57.9,≥48米,综合体,官方(DPMPTSP),,Jl. Metro Kencana Raya
雅加达,Mall Ciputral World 1 (Podium),-6.224077,106.8227714,57.8,≥48米,非住宅,官方(DPMPTSP),,Jl. Prof. Dr. Satrio Kav. 3-5
雅加达,"Sari Pacific Jakarta, Autograph Collection",-6.1856543,106.8238084,57.8,≥48米,酒店,官方(DPMPTSP),JKT-065,Jl. M.H. Thamrin No.6
雅加达,TOWER A,-6.1861909,106.9703805,57.8,≥48米,公寓,官方(DPMPTSP),,JL. INSPEKSI KANAL TIMUR (BKT) RT.014 RW.002
雅加达,Thamrin City,-6.1943248,106.8149474,57.7,≥48米,商场,官方(DPMPTSP),JKT-019,Jl. K.H. Mas Mansyur
雅加达,Ex Transportasi Gas Indonesia,-6.1830786,106.8330366,57.7,≥48米,写字楼,官方(DPMPTSP),,Jl. Kebon Sirih Raya No. 1
雅加达,CITRA PLAZA B3,-6.1570535,106.8485002,57.7,≥48米,写字楼,官方(DPMPTSP),,Jalan Angkasa No. 7
雅加达,rusunzwz,-6.1532461,106.8296141,57.7,≥48米,公寓,官方(DPMPTSP),,"Jl. Karang Anyar No. 33, RT. 2/RW. 7, Karang Anyar, Kecamatan Sawah Besar, Kota Jakarta Pusat, Daerah Khusus Ibukota Jakarta 10740"
雅加达,TOWER 2,-6.1603764,106.7162867,57.7,≥48米,公寓,官方(DPMPTSP),,Jl. DAAN MOGOT
雅加达,TOWER B,-6.1865735,106.9704938,57.7,≥48米,公寓,官方(DPMPTSP),,JL. INSPEKSI KANAL TIMUR (BKT) RT.015 RW.002
雅加达,（无名）,-6.2181951,106.8101121,57.6,≥48米,未分类,官方(DPMPTSP),,—
雅加达,Gedung E,-6.1992345,106.8509125,57.6,≥48米,其他,官方(DPMPTSP),,"Jl. Salemba Raya No.28A, RT.5/RW.6, Kenari, Kec. Senen, Kota Jakarta Pusat, Daerah Khusus Ibukota Jakarta 10430"
雅加达,GEDUNG OFFICE ARCADE TOWER A,-6.1167663,106.7570447,57.6,≥48米,写字楼,官方(DPMPTSP),,JL. PANTAI INDAH UTARA 2 BLOK C1-C2
雅加达,TOWER 1,-6.1607054,106.7162051,57.6,≥48米,公寓,官方(DPMPTSP),,Jl. RAYA DAAN MOGOT
雅加达,Recapital Building,-6.2408609,106.8045433,57.5,≥48米,写字楼,官方(DPMPTSP),,"Jl. Aditiyawarman Raya No. 55, RT.2/RW.2, Melawai, Kec. Kby. Baru, Kota Jakarta Selatan, Daerah Khusus Ibukota Jakarta"
雅加达,Mall Ciputral World 1 (Podium),-6.2250073,106.8230041,57.5,≥48米,商业/店铺,官方(DPMPTSP),,Jl. Prof. Dr. Satrio Kav. 3-5
雅加达,Graha BIP,-6.2294769,106.8204167,57.5,≥48米,写字楼,官方(DPMPTSP),,"Jl. Gatot Subroto No.23, RT.2/RW.2, Karet Semanggi, Kecamatan Setiabudi, Kota Jakarta Selatan, Daerah Khusus Ibukota Jakarta 12930"
雅加达,Pondok Indah Golf Apartemen (Tower Jasmine),-6.2743547,106.7849004,57.5,≥48米,综合体,官方(DPMPTSP),,Jl. Metro Pondok Indah
雅加达,Tower 1,-6.213034,106.818934,57.5,≥48米,酒店,官方(DPMPTSP),,Jalan Jenderal Sudirman No.Kav.18-20
雅加达,TOWER 2,-6.2164556,106.7652624,57.5,≥48米,综合体,官方(DPMPTSP),,Jl. Raya Pos Pengumben Rt. 001/06
雅加达,Tower C,-6.2033174,106.9395659,57.5,≥48米,公寓,官方(DPMPTSP),,Jl Ulin Elok RW 09
雅加达,PT NTT INDONESIA NEXCENTER,-6.2378346,106.8235153,57.4,≥48米,写字楼,官方(DPMPTSP),,"Jl. Kuningan Barat Raya No.8, RT.1/RW.3"
雅加达,Thamrin City,-6.195074,106.8154659,57.4,≥48米,商场,官方(DPMPTSP),,Jl. Thamrin Boulevard
雅加达,Emporium Pluit Mall,-6.128081,106.7904919,57.4,≥48米,商场,官方(DPMPTSP),,Jl. Pluit Selatan Raya RT 023 RW 008
雅加达,Tower 1,-6.1442768,106.9474931,57.4,≥48米,公寓,官方(DPMPTSP),,Jalan Rorotan 6 Gg Swadaya
雅加达,Tower B1,-6.2055707,106.9292658,57.4,≥48米,公寓,官方(DPMPTSP),,"Jl. Penggilingan, RT. 6/RW. 10, Penggilingan, Kec. Cakung, Kota Jakarta Timur, Daerah Khusus Ibukota Jakarta 13940"
雅加达,Apartemen Kalibata City Tower S (SAKURA),-6.2565157,106.8509643,57.3,≥48米,综合体,官方(DPMPTSP),,Jl.TMP Kalibata
雅加达,Jaya,-6.186454,106.8227313,57.3,≥48米,写字楼,官方(DPMPTSP),,Jl. M.H. Thamrin No.12 RT 002 RW 001
雅加达,TOWER C,-6.1503913,106.9546081,57.3,≥48米,公寓,官方(DPMPTSP),,JL ROROTAN IV KEL ROROTAN KEC CILINCING JAKARTA UTARA
雅加达,Rusunawa Nagrak Cilincing,-6.1248362,106.9503002,57.3,≥48米,公寓,官方(DPMPTSP),JKT-071,Jl. Nagrak Rusunawa Cilincing
雅加达,Graha Indramas,-6.1997736,106.800034,57.3,≥48米,写字楼,官方(DPMPTSP),,"Jl. Aipda K.S. Tubun No.77, Jakarta 11410"
雅加达,Gedung Vasaka,-6.2456447,106.8746272,57.3,≥48米,酒店,官方(DPMPTSP),,Jalan MT Haryono.Kav.10A
雅加达,Tower E1,-6.1959631,106.9335828,57.3,≥48米,公寓,官方(DPMPTSP),,"JL PENGGILINGAN NO.56, KEL PENGGILINGAN, KEC. CAKUNG, JAKARTA TIMUR"
雅加达,Tower C,-6.2033109,106.9400702,57.3,≥48米,公寓,官方(DPMPTSP),,Jl Ulin Elok RW 09
雅加达,Tower C,-6.202906,106.939837,57.3,≥48米,公寓,官方(DPMPTSP),,Jl Ulin Elok RW 09
雅加达,Apartemen Kalibata City Tower R (RAFLES),-6.2571036,106.8509692,57.2,≥48米,综合体,官方(DPMPTSP),,"Apartemen Kalibata City Tower R (RAFLES) Jl. Raya Kalibata No.1, RT.5/RW.11, Rawajati, Pancoran, Kota Jakarta Selatan, Daerah Khusus Ibukota Jakarta 12750"
雅加达,Rusunawa Nagrak Cilincing,-6.1243634,106.9504215,57.2,≥48米,公寓,官方(DPMPTSP),,Jl. Nagrak Rusunawa Cilincing RW 11
雅加达,ITC Mangga Dua,-6.1355309,106.8251765,57.2,≥48米,商场,官方(DPMPTSP),,Jl. Mangga Dua Raya
雅加达,KELUARGA,-6.2010603,106.9509946,57.2,≥48米,公寓,官方(DPMPTSP),,JL MUTIARA RAYA MAS RT 02/11 KEL PULO GEBANG KEC CAKUNG JAKARTA TIMUR
雅加达,Taman Kemayoran Condominium,-6.1535697,106.8516719,57.1,≥48米,公寓,官方(DPMPTSP),JKT-053,—
雅加达,Tower E3,-6.1955991,106.9336075,57.1,≥48米,公寓,官方(DPMPTSP),,"JL PENGGILINGAN NO.56, KEL PENGGILINGAN, KEC. CAKUNG, JAKARTA TIMUR"
雅加达,Gedung 1,-6.1959973,106.8480351,57.1,≥48米,医院,官方(DPMPTSP),,"Jl. Pangeran Diponegoro No.71, RT.4/RW.5, Pegangsaan, Kec. Senen, Kota Jakarta Pusat, Daerah Khusus Ibukota Jakarta 10320"
雅加达,Apartemen Kalibata City Tower T (TULIP),-6.2564344,106.8504417,57.0,≥48米,综合体,官方(DPMPTSP),,"Apartemen Kalibata City Tower T (TULIP) Jl. Raya Kalibata No.1, RT.7/RW.11, Rawajati, Pancoran, Kota Jakarta Selatan, Daerah Khusus Ibukota Jakarta 12750"
雅加达,Apartemen Kalibata City Tower J (JASMINE),-6.2569485,106.8518866,57.0,≥48米,综合体,官方(DPMPTSP),,"Apartemen Kalibata City Tower J (JASMINE) Jl. Raya Kalibata No.1, RT.4/RW.10, Rawajati, Pancoran, Kota Jakarta Selatan, Daerah Khusus Ibukota Jakarta 12750"
雅加达,Tower Kemuning,-6.2565828,106.8518255,57.0,≥48米,综合体,官方(DPMPTSP),,Jl. TMP Kalibata No. 01
雅加达,Apartemen Kalibata City Tower H (HEBRAS),-6.2578175,106.8518187,57.0,≥48米,综合体,官方(DPMPTSP),,"Jl. Raya Kalibata No.1, RT.3/RW.10, Rawajati, Pancoran, Kota Jakarta Selatan, Daerah Khusus Ibukota Jakarta 12750"
雅加达,RUSUNAWA PENGADEGAN,-6.250777,106.8616836,57.0,≥48米,公寓,官方(DPMPTSP),,JL PENGADEGAN TIMUR NO I KEL PENGADEGAN KEC PANCORAN JAKARTA SELATAN
雅加达,Dinas Tenaga Kerja dan Transmigrasi DKI Jakarta,-6.1812631,106.8341382,57.0,≥48米,未分类,官方(DPMPTSP),,—
雅加达,Gedung Bank Indonesia,-6.180923,106.8194696,57.0,≥48米,写字楼,官方(DPMPTSP),,Jl Budi kemuliaan
雅加达,Dallas,-6.2239749,106.8980526,56.9,≥48米,公寓,官方(DPMPTSP),,"Jl. Pahlawan Revolusi No.2, Pd. Bambu"
雅加达,Gedung Kanigara RSCM,-6.19783,106.845878,56.9,≥48米,医院,官方(DPMPTSP),,Jl. Pangeran Diponegoro No.71
雅加达,Rusunawa Nagrak Cilincing,-6.1243212,106.9496299,56.8,≥48米,公寓,官方(DPMPTSP),,Jl. Nagrak Rusunawa Cilincing RW 11
雅加达,KOMPLEK BIDAKARA 1,-6.2417192,106.8411752,56.6,≥48米,未分类,官方(DPMPTSP),JKT-020,Jl. Gatot Subroto Kav.71-73
雅加达,APARTEMEN PERMATA HIJAU,-6.2225591,106.7842058,56.6,≥48米,综合体,官方(DPMPTSP),,JL. PERMATA HIJAU BLOK B NO. 8
雅加达,Tower D,-6.3014829,106.8333464,56.6,≥48米,写字楼,官方(DPMPTSP),,"Jl.T.B. Simatupang Kav.88, Jakarta 12520"
雅加达,MALL TAMAN ANGGREK,-6.1784844,106.7924049,56.6,≥48米,商场,官方(DPMPTSP),JKT-011,JALAN LETJEN S. PARMAN KAV. 21 RT. 012 RW. 001
雅加达,Wisma BSG,-6.1750993,106.8200698,56.5,≥48米,写字楼,官方(DPMPTSP),,Jl Abdul Muis No. 40
雅加达,Rusunawa Nagrak Cilincing,-6.1245291,106.9487317,56.5,≥48米,公寓,官方(DPMPTSP),,Jl. Nagrak Rusunawa Cilincing
雅加达,Bank Mega,-6.2140476,106.8292053,56.4,≥48米,写字楼,官方(DPMPTSP),,"Jl. Kompleks Jl. RS Mata Aini No.Kav.No.5 & 6 5, RT.5/RW.5, Kuningan, Karet, Kecamatan Setiabudi, Kota Jakarta Selatan, Daerah Khusus Ibukota Jakarta 12920"
雅加达,Apartemen Kalibata City Tower L (LOTUS),-6.2577159,106.8509689,56.4,≥48米,综合体,官方(DPMPTSP),,"Apartemen Kalibata City Tower L (LOTUS) Jl. Raya Kalibata No.1, RT.1/RW.11, Rawajati, Pancoran, Kota Jakarta Selatan, Daerah Khusus Ibukota Jakarta 12750"
雅加达,TELKOMSEL TTC TB SIMATUPANG,-6.3047205,106.8458702,56.4,≥48米,写字楼,官方(DPMPTSP),,"Jl. TB. Simatupang RT 008 RW 005, Kel. Tanjung Barat, Kec. Jagakarsa, Jakarta Selatan"
雅加达,（无名）,-6.0992614,106.9110228,56.4,≥48米,未分类,官方(DPMPTSP),,—
雅加达,Rusunawa Nagrak Cilincing,-6.1242626,106.9510086,56.3,≥48米,公寓,官方(DPMPTSP),,Jl. Nagrak Rusunawa Cilincing RW 11
雅加达,Rusunawa Nagrak Cilincing,-6.1250442,106.9494264,56.3,≥48米,公寓,官方(DPMPTSP),,Jl. Nagrak Rusunawa Cilincing
雅加达,Rusunawa Nagrak Cilincing,-6.1249454,106.9508736,56.3,≥48米,公寓,官方(DPMPTSP),,Jl. Nagrak Rusunawa Cilincing
雅加达,Rusunawa Nagrak Cilincing,-6.1249547,106.9512426,56.3,≥48米,公寓,官方(DPMPTSP),,Jl. Nagrak Rusunawa Cilincing RW 11
雅加达,Smart Hotel Thamrin Jakarta,-6.2000181,106.8224464,56.2,≥48米,酒店,官方(DPMPTSP),,"Jl. Tanjung Karang No.2 10, RT.10/RW.20"
雅加达,Grand Indonesia West Mall,-6.1947071,106.8193075,56.2,≥48米,商场,官方(DPMPTSP),,Jl. Teluk Betung
雅加达,Sinarmas Land Plaza Tower 3,-6.1895143,106.8234656,56.2,≥48米,写字楼,官方(DPMPTSP),,Jl. M.H. Thamrin No.51
雅加达,Masjid Al-Muhajirin,-6.1248132,106.9500626,56.2,≥48米,未分类,官方(DPMPTSP),JKT-071,—
雅加达,MANGGA DUA SQUARE,-6.1386865,106.8315394,56.1,≥48米,商场,官方(DPMPTSP),,"Jalan Gunung Sahari No. 1, Kelurahan Ancol, Kecamatan Pademangan, Jakarta Utara"
雅加达,GPDI Ketapang,-6.160062,106.8136684,56.1,≥48米,未分类,官方(DPMPTSP),,—
雅加达,Badan Penghubung Sumbar / Hotel Balairung,-6.199822,106.8550773,56.1,≥48米,酒店,官方(DPMPTSP),,JL MATRAMAN RAYA NO.19
雅加达,Trinity Tower,-6.2249591,106.8342229,56.0,≥48米,写字楼,官方(DPMPTSP),,"Jalan H R Rasuna Said Kav C22, Block IIB, Jakarta 12940"
雅加达,（无名）,-6.1070156,106.9085816,56.0,≥48米,未分类,官方(DPMPTSP),,—
雅加达,Golden Boutique Hotel,-6.1581534,106.8384332,55.9,≥48米,酒店,官方(DPMPTSP),,"Jl. Angkasa No.1, RT.7/RW.5"
雅加达,Emporium Pluit Mall,-6.1281747,106.7910588,55.9,≥48米,商场,官方(DPMPTSP),,Jl. Pluit Selatan Raya RT 023 RW 008
雅加达,RUSUN PROMOTER POLRI,-6.1589624,106.7682929,55.9,≥48米,公寓,官方(DPMPTSP),,JL. DAAN MOGOT NO.47 RT 005 RW 002
雅加达,Grand Indonesia West Mall,-6.1954629,106.8198405,55.8,≥48米,商场,官方(DPMPTSP),,Jl. Teluk Betung
雅加达,Gedung Bank Indonesia,-6.1812241,106.8204942,55.8,≥48米,写字楼,官方(DPMPTSP),,Jl Budi Kemuliaan
雅加达,Jiexpo Convention Centre and Theatre,-6.1480017,106.8473183,55.8,≥48米,综合体,官方(DPMPTSP),,"Jl. Benyamin Suaeb, RT.13/RW.7, Gn. Sahari Utara, Kecamatan Sawah Besar, Jkt Utara, Daerah Khusus Ibukota Jakarta 10720"
雅加达,（无名）,-6.1556107,106.8415598,55.8,≥48米,未分类,官方(DPMPTSP),,—
雅加达,GEDUNG VERDE TOWER NORTH,-6.2140383,106.8324104,55.7,≥48米,综合体,官方(DPMPTSP),,"Jl. H. Cokong, RT.3/RW.1, Karet, Setia Budi, Kota Jakarta Selatan, Daerah Khusus Ibukota Jakarta 12920"
雅加达,（无名）,-6.1059151,106.9091873,55.7,≥48米,未分类,官方(DPMPTSP),JKT-072,—
雅加达,Datascrip,-6.1566975,106.8417877,55.6,≥48米,写字楼,官方(DPMPTSP),,"Jl. Selaparang Blok B.15 Kav. 9, Komplek Kemayoran, Kel. Gunung Sahari Selatan, Kec. Kemayoran, Jakarta Pusat"
雅加达,（无名）,-6.1059671,106.9079167,55.6,≥48米,未分类,官方(DPMPTSP),JKT-073,—
雅加达,RS Kanker Dharmais,-6.1872276,106.7981219,55.6,≥48米,医院,官方(DPMPTSP),,"Jl. Letjen S. Parman No.84-86, Kota Bambu Sel., Kec. Palmerah, Kota Jakarta Barat, Daerah Khusus Ibukota Jakarta 11420"
雅加达,MD Place Tower,-6.2081345,106.8283748,55.5,≥48米,写字楼,官方(DPMPTSP),,Jl. Setiabudi Selatan No. 7
雅加达,Blue Bird,-6.2466875,106.8256228,55.5,≥48米,写字楼,官方(DPMPTSP),,Jl. Mampang Prapatan Raya No. 60 RT 09 RW 06
雅加达,Badan Pusat Statistik,-6.1651568,106.8367777,55.5,≥48米,未分类,官方(DPMPTSP),,—
雅加达,GEDUNG VERDE TOWER NORTH SOUTH,-6.2143565,106.8322684,55.4,≥48米,综合体,官方(DPMPTSP),,"Jl. H. Cokong, RT.3/RW.1, Karet, Setia Budi, Kota Jakarta Selatan, Daerah Khusus Ibukota Jakarta 12920"
雅加达,ARCADIA MANGGA DUA BY HORISON,-6.1381725,106.8226378,55.4,≥48米,酒店,官方(DPMPTSP),,Jl. Pangeran Jayakarta No. 73 RT. 3 RW. 6
雅加达,Dahlia,-6.154276,106.9186002,55.4,≥48米,综合体,官方(DPMPTSP),,Jl. Pegangsaan Dua No. 3 RT/RW 002/003
雅加达,Tower B,-6.1556748,106.728728,55.4,≥48米,公寓,官方(DPMPTSP),,Jl. Lingkar Luar Barat
雅加达,RSUD Pasar Minggu,-6.2942131,106.820061,55.4,≥48米,医院,官方(DPMPTSP),,"Jl. TB Simatupang No.1 1, RT. 10/RW. 5, Ragunan, Ps. Minggu, Kota Jakarta Selatan, Daerah Khusus Ibukota Jakarta 12550"
雅加达,pearl garden resort apartment,-6.2220033,106.8165706,55.3,≥48米,公寓,官方(DPMPTSP),,"Jl. Gatot Subroto No.7, Karet Semanggi, Kecamatan Setiabudi, Kota Jakarta Selatan, Daerah Khusus Ibukota Jakarta 12930"
雅加达,ITC Roxy Mas,-6.1667609,106.8029701,55.3,≥48米,商场,官方(DPMPTSP),,Jl. KH. Hasyim Ashari No. 125
雅加达,Dahlia,-6.1537958,106.9184232,55.3,≥48米,综合体,官方(DPMPTSP),,Jl. Pegangsaan Dua No. 3 RT/RW 002/003
雅加达,Alamanda,-6.1537861,106.9169221,55.3,≥48米,综合体,官方(DPMPTSP),,Jl. Pegangsaan Dua No. 3 RT/RW 002/003
雅加达,（无名）,-6.1058059,106.9089859,55.3,≥48米,未分类,官方(DPMPTSP),JKT-072,—
雅加达,chrysant,-6.1533075,106.9182382,55.2,≥48米,综合体,官方(DPMPTSP),,Jl. Pegangsaan Dua No. 3 RT/RW 002/003
雅加达,（无名）,-6.1058747,106.9081338,55.2,≥48米,未分类,官方(DPMPTSP),JKT-073,—
雅加达,（无名）,-6.1058982,106.9086674,55.2,≥48米,未分类,官方(DPMPTSP),JKT-073,—
雅加达,KOPERASI JASA BHAKTI BPJS KESEHATAN,-6.1683457,106.8739765,55.2,≥48米,医院,官方(DPMPTSP),,"Jl. Letjen Suprapto No.Kav.20, RT.10/RW.No.14, Cemp. Putih Tim., Kec. Cemp. Putih, Kota Jakarta Pusat, Daerah Khusus Ibukota Jakarta 10510"
雅加达,Graha Lestari Building,-6.1762179,106.8149895,55.1,≥48米,写字楼,官方(DPMPTSP),,"JL. KESEHATAN NO. 48, RT.1/RW.4 KODE POS 10160"
雅加达,Rusunawa Nagrak Cilincing,-6.1267827,106.9495872,55.1,≥48米,公寓,官方(DPMPTSP),,Jl. Nagrak Rusunawa Cilincing RW 11
雅加达,Wisma Kodel,-6.2115164,106.8298376,55.0,≥48米,写字楼,官方(DPMPTSP),,"JL. H. R. RASUNA SAID, RT.10/RW.7"
雅加达,Hotel Grand Orchardz Rajawali,-6.148101,106.8388451,55.0,≥48米,酒店,官方(DPMPTSP),,"Jl. Rajawali Selatan Raya No.1B, RT.3/RW.2"
雅加达,Gading Resort Residence,-6.1511482,106.8940052,55.0,≥48米,综合体,官方(DPMPTSP),,Jl. Boulevard Barat Raya No. 8 Blok B1/2 Rt. 018/0008
雅加达,（无名）,-6.1057844,106.9083495,54.9,≥48米,未分类,官方(DPMPTSP),JKT-073,—
雅加达,（无名）,-6.1057593,106.907821,54.9,≥48米,未分类,官方(DPMPTSP),JKT-073,—
雅加达,Bougenville,-6.1541961,106.8518121,54.8,≥48米,综合体,官方(DPMPTSP),,Jl. Benyamin Sueb RT 09 RW 12
雅加达,Emporium Pluit Mall,-6.1275812,106.7910126,54.7,≥48米,商场,官方(DPMPTSP),,Jl. Pluit Selatan Raya RT 023 RW 008
雅加达,HOTEL HILTON GARDEN INN,-6.1389159,106.729048,54.7,≥48米,综合体,官方(DPMPTSP),,Jl Taman Palem Lestari Blok B13 No1
雅加达,Tower A3,-6.2061956,106.9287374,54.7,≥48米,公寓,官方(DPMPTSP),,"Jl. Penggilingan, RT. 6/RW. 10, Penggilingan, Kec. Cakung, Kota Jakarta Timur, Daerah Khusus Ibukota Jakarta 13940"
雅加达,Pegadaian Tower,-6.1910373,106.8452508,54.6,≥48米,未分类,官方(DPMPTSP),JKT-041,Jl. Kramat Raya No.162
雅加达,Hotel Zia Sanno,-6.1243904,106.7984057,54.6,≥48米,未分类,官方(DPMPTSP),,—
雅加达,Apartemen Kalibata City Tower D (DAMAR),-6.2578176,106.8525932,54.5,≥48米,综合体,官方(DPMPTSP),,"Apartemen Kalibata City Tower D (DAMAR) Jl. Raya Kalibata No.1, RT.4/RW.9, Rawajati, Pancoran, Kota Jakarta Selatan, Daerah Khusus Ibukota Jakarta 12750"
雅加达,Kalibata City Tower E (EBONY),-6.2572025,106.8526056,54.5,≥48米,综合体,官方(DPMPTSP),,"Apartemen Kalibata City Tower E (EBONY), Jl. Raya Kalibata No.1, RT.5/RW.9, Rawajati, Pancoran, Kota Jakarta Selatan, Daerah Khusus Ibukota Jakarta 12750"
雅加达,LIPPO MALL,-6.187845,106.7390975,54.5,≥48米,商业/店铺,官方(DPMPTSP),,"Jl. Puri Indah Raya Blok U 1, RT.3/RW.2"
雅加达,Kalibata City Tower C (CENDANA),-6.2575017,106.8533439,54.4,≥48米,综合体,官方(DPMPTSP),,"Jl. Raya Kalibata No.1, RT.3/RW.9, Rawajati, Pancoran, Kota Jakarta Selatan, Daerah Khusus Ibukota Jakarta 12750"
雅加达,Apartemen Kalibata City Tower A (AKASIA),-6.2565786,106.8538791,54.4,≥48米,综合体,官方(DPMPTSP),,"Jl. Raya Kalibata No.1, RT.1/RW.9 Apartemen Kalibata City Tower A (AKASIA), Rawajati, Pancoran, Kota Jakarta Selatan, Daerah Khusus Ibukota Jakarta 12750"
雅加达,Tower Borneo,-6.2572005,106.8535611,54.4,≥48米,综合体,官方(DPMPTSP),,"Jl. Raya Kalibata No.1, RT.9/RW.4, Rawajati, Pancoran, Kota Jakarta Selatan, Daerah Khusus Ibukota Jakarta 12750"
雅加达,Kalibata City Tower F (GAHARU),-6.2565792,106.853239,54.4,≥48米,综合体,官方(DPMPTSP),,"Jl. Raya Kalibata No.1, RT.2/RW.10, Rawajati, Pancoran, Kota Jakarta Selatan, Daerah Khusus Ibukota Jakarta 12750"
雅加达,Mall Puri Indah 2,-6.1875381,106.7391788,54.4,≥48米,综合体,官方(DPMPTSP),,JL KOMPLEK PERUM PURI INDAH KEL KEMBANGAN JAKARTA BARAT
雅加达,TOWER C,-6.2030535,106.9409189,54.4,≥48米,公寓,官方(DPMPTSP),,JL. KOMARUDIN LAMA NO. 54
雅加达,Gedung A,-6.2560416,106.8630455,54.4,≥48米,医院,官方(DPMPTSP),,"Jl. Dewi Sartika III No.200, RT.1/RW.3, Cawang, Kec. Kramat jati, Kota Jakarta Timur, Daerah Khusus Ibukota Jakarta 13640"
雅加达,Gedung KB Bukopin,-6.2440049,106.850053,54.3,≥48米,写字楼,官方(DPMPTSP),,JL. Letjend. M.T. Haryono Kav. 50-51 RT 003 RW 004
雅加达,ITC KUNINGAN,-6.2236212,106.8260229,54.3,≥48米,商业/店铺,官方(DPMPTSP),,"Jl. Prof. DR. Satrio No.18, RT.11/RW.4, Kuningan, Kecamatan Setiabudi, Kota Jakarta Selatan, Daerah Khusus Ibukota Jakarta 12940"
雅加达,Apartemen Kalibata City Tower F (FLAMBOYAN),-6.2565891,106.8526023,54.3,≥48米,综合体,官方(DPMPTSP),,"Apartemen Kalibata City Tower F (FLAMBOYAN) Jl. Raya Kalibata No.1, RT.9/RW.4, Rawajati, Pancoran, Kota Jakarta Selatan, Daerah Khusus Ibukota Jakarta 12750"
雅加达,GEDUNG UTAMA,-6.1266072,106.8928712,54.3,≥48米,写字楼,官方(DPMPTSP),,Jl. Yos Sudarso No. 38-39-40
雅加达,Binus International School,-6.2338319,106.7856675,54.1,≥48米,未分类,官方(DPMPTSP),,—
雅加达,POINS MALL,-6.2898548,106.7780578,53.9,≥48米,商场,官方(DPMPTSP),,Jl. R.A. Kartini No 1 RT 9 RW 7
雅加达,Jaksa 5,-6.1842919,106.8296929,53.8,≥48米,综合体,官方(DPMPTSP),,Jl. Jaksa No.5
雅加达,HOTEL KARTIKA CANDRA,-6.2273613,106.8190033,53.7,≥48米,酒店,官方(DPMPTSP),,"Jl. Gatot Subroto No.18-20 , RT.8/RW.2,"
雅加达,Graha Perhutani,-6.298744,106.8329358,53.7,≥48米,写字楼,官方(DPMPTSP),,"Jl. Mujair Raya No.24 1, RT.1/RW.8"
雅加达,Tower C,-6.155952,106.7284613,53.7,≥48米,公寓,官方(DPMPTSP),JKT-074,Jl. Lingkar Luar Barat
雅加达,Lumina,-6.2129774,106.8352672,53.6,≥48米,综合体,官方(DPMPTSP),,JL. KUNINGAN MULIA LOT. 15
雅加达,Apartemen Soekarno,-6.24607,106.806346,53.6,≥48米,公寓,官方(DPMPTSP),,Wijaya I. RT006/RW002
雅加达,APARTEMEN NUANSA HIJAU,-6.2808694,106.7885994,53.6,≥48米,综合体,官方(DPMPTSP),,"Jl. Sekolah Kencana IV, RT.7/RW.15"
雅加达,（无名）,-6.1232824,106.7415877,53.6,≥48米,未分类,官方(DPMPTSP),,—
雅加达,MANGGA DUA SQUARE,-6.1393557,106.8314025,53.6,≥48米,商场,官方(DPMPTSP),,"Jalan Gunung Sahari No. 1, Kelurahan Ancol, Kecamatan Pademangan, Jakarta Utara"
雅加达,Tower A,-6.1553932,106.7285741,53.6,≥48米,公寓,官方(DPMPTSP),,Jl. Lingkar Luar Barat
雅加达,The Grove Suites,-6.2174711,106.8344951,53.5,≥48米,公寓,官方(DPMPTSP),,"Kawasan Rasuna Epicentrum, Jl. H. R. Rasuna Said, Kuningan, Setiabudi, South Jakarta City, Jakarta 12960"
雅加达,Bank Central Asia,-6.1103251,106.7912929,53.5,≥48米,未分类,官方(DPMPTSP),,—
雅加达,Tower E,-6.1560789,106.7286697,53.5,≥48米,公寓,官方(DPMPTSP),JKT-074,Jl. Lingkar Luar Barat
雅加达,Arjuna,-6.2237337,106.8972686,53.5,≥48米,公寓,官方(DPMPTSP),,Jl. Pahlawan Revolusi No. 2
雅加达,tower B,-6.2241348,106.8972596,53.5,≥48米,公寓,官方(DPMPTSP),,Jl. Pahlawan Revolusi No.2
雅加达,Apartemen Setiabudi,-6.2144634,106.8292244,53.4,≥48米,综合体,官方(DPMPTSP),,Jl. RS Mata Aini Kav. 7-9 Rt. 005/05
雅加达,Graha PGAS,-6.1597215,106.8150693,53.4,≥48米,写字楼,官方(DPMPTSP),,"Komplek Perkantoran PGN, Jl. Kyai Haji Zainul Arifin No.20, RT.8/RW.7, Krukut, Kec. Taman Sari, Kota Jakarta Barat, Daerah Khusus Ibukota Jakarta 11140"
雅加达,Seasons City,-6.1539835,106.7960376,53.4,≥48米,未分类,官方(DPMPTSP),,—
雅加达,WISMA INDOMOBIL 1,-6.242461,106.8630847,53.3,≥48米,写字楼,官方(DPMPTSP),,Jl MT Haryono
雅加达,Gedung Kantor Dana Pensiun Bank Indonesia,-6.2409505,106.8443769,53.2,≥48米,写字楼,官方(DPMPTSP),,Jl. Prof. DR. Soepomo No.15
雅加达,Apartemen Nuansa Hijau,-6.2801425,106.7885668,53.2,≥48米,综合体,官方(DPMPTSP),,"Jl. Sekolah Kencana IV, RT.7/RW.15"
雅加达,Gedung KONI Pusat,-6.2222137,106.8003676,53.2,≥48米,写字楼,官方(DPMPTSP),,JL. Pintu Satu Senayan
雅加达,ITC ROXY MAS,-6.1668837,106.8033812,53.2,≥48米,商场,官方(DPMPTSP),,Jl. KH. Hasyim Ashari No. 125
雅加达,Wisma Atlet Blok D10 Tower 2,-6.1503827,106.8585872,53.2,≥48米,非住宅,官方(DPMPTSP),,Jl. Landasan Pacu Timur
雅加达,TOWER B,-6.1507334,106.9545456,53.2,≥48米,公寓,官方(DPMPTSP),,JL ROROTAN IV KEL ROROTAN KEC CILINCING JAKARTA UTARA
雅加达,Rusunawa Nagrak,-6.1261706,106.9504528,53.2,≥48米,公寓,官方(DPMPTSP),,Jl. Nagrak Rusunawa Cillincing RW 11
雅加达,TOWER B,-6.1812913,106.9045497,53.2,≥48米,综合体,官方(DPMPTSP),,JL. PERINTIS KEMERDEKAAN KAV.99
雅加达,Gedung Komisi Pemberantasan Korupsi Merah Putih,-6.2065814,106.8305635,53.1,≥48米,写字楼,官方(DPMPTSP),JKT-039,Jl Kuningan Persada No.4
雅加达,Gedung Pertamina,-6.1733344,106.8322651,53.1,≥48米,未分类,官方(DPMPTSP),,—
雅加达,MALL MEGA GLODOK KEMAYORAN,-6.1548515,106.8488994,53.1,≥48米,商业/店铺,官方(DPMPTSP),,Jalan Rendani No. 3 RW. 10
雅加达,Tower D,-6.150045,106.9545266,53.1,≥48米,公寓,官方(DPMPTSP),,JL ROROTAN IV
雅加达,Rusunawa Nagrak Cilincing,-6.126068,106.9496178,53.1,≥48米,公寓,官方(DPMPTSP),,Jl. Nagrak Rusunawa Cilincing RW 11
雅加达,Tower E3,-6.1945226,106.9336726,53.1,≥48米,住宅类,官方(DPMPTSP),,"JL PENGGILINGAN NO.56, KEL PENGGILINGAN, KEC. CAKUNG, JAKARTA TIMUR"
雅加达,Wisma Millenia,-6.2425209,106.8515388,53.0,≥48米,写字楼,官方(DPMPTSP),,Jl. Letjen Mt. Haryono No.Kav 16 Rt.011 Rw.05
雅加达,Pusat Grosir Metro Tanah Abang,-6.1877639,106.8161665,53.0,≥48米,商场,官方(DPMPTSP),,"Jl. H. Fachrudin, RT.14/RW.6, Karet Tengsin, Kecamatan Tanah Abang, Kota Jakarta Pusat, Daerah Khusus Ibukota Jakarta 10240"
雅加达,Radio Republik Indonesia,-6.173119,106.8220799,53.0,≥48米,未分类,官方(DPMPTSP),,—
雅加达,Wisma SMR,-6.1499122,106.8878776,53.0,≥48米,写字楼,官方(DPMPTSP),,Jl. Yos Sudarso Kav. 89
雅加达,Wisma Atlet Blok D10 Tower 4,-6.1502712,106.8599956,53.0,≥48米,非住宅,官方(DPMPTSP),,Jl. Landasan Pacu Timur
雅加达,Wisma Atlet 3,-6.1503317,106.8594282,53.0,≥48米,未分类,官方(DPMPTSP),JKT-052,—
雅加达,TOWER A,-6.1510857,106.954634,53.0,≥48米,公寓,官方(DPMPTSP),,JL ROROTAN IV KEL ROROTAN KEC CILINCING JAKARTA UTARA
雅加达,Rusunawa Nagrak,-6.1266517,106.9503117,52.9,≥48米,公寓,官方(DPMPTSP),,Jl. Nagrak Rusunawa Cilincing RW 11
雅加达,TOTAL BUILDING,-6.1765689,106.7945472,52.9,≥48米,写字楼,官方(DPMPTSP),,"Jl. Letjend S. Parman Kav. 106, RT 012/RW 003, Tomang, Grogol Petamburan, Kota Jakarta Barat, Daerah Khusus Ibukota Jakarta 11440"
雅加达,TOWER SAMESTA EAST POINT,-6.2054249,106.9490206,52.9,≥48米,公寓,官方(DPMPTSP),,JL. SENTRA PRIMER TIMUR RT. 015 RW. 006
雅加达,Apartemen Gardenia Boulevard (Tower A),-6.2843976,106.8273398,52.7,≥48米,综合体,官方(DPMPTSP),,Jl. Warung Jati Barat No.13 RT/RW 002/003
雅加达,Gading Resort Residence,-6.1514959,106.8942279,52.7,≥48米,综合体,官方(DPMPTSP),,Jl. Boulevard Barat Raya No. 8 Blok B1/2 Rt. 018/0008
雅加达,Tower E4,-6.1941605,106.9338631,52.7,≥48米,公寓,官方(DPMPTSP),,Jl Rusunawa Penggilingan RW 019
雅加达,SMESCO Indonesia,-6.2418683,106.8355641,52.6,≥48米,未分类,官方(DPMPTSP),,—
雅加达,Sequis Center,-6.2247142,106.8065121,52.6,≥48米,写字楼,官方(DPMPTSP),,"Jl. Jend. Sudirman  Kav. 71, Kelurahan Senayan, Kecamatan Kebayoran Baru, Kota Adm. Jakarta Selatan"
雅加达,（无名）,-6.1040148,106.9413837,52.6,≥48米,未分类,官方(DPMPTSP),JKT-075,—
雅加达,HEAVEN,-6.1278076,106.795353,52.6,≥48米,写字楼,官方(DPMPTSP),,Jl. Pluit Raya No. 191-193
雅加达,MERIAL TOWER RS PELNI,-6.192617,106.8050271,52.6,≥48米,医院,官方(DPMPTSP),,"Jl. K.S. Tubun No.92-94, RT.13/RW.1, Slipi, Kec. Palmerah, Kota Jakarta Barat, Daerah Khusus Ibukota Jakarta 11410"
雅加达,TZU CHI CENTER,-6.1071286,106.7385243,52.5,≥48米,其他,官方(DPMPTSP),,"PIK Boulevard, Jalan Pantai Indah Kapuk, RT.6/RW.2, Kamal Muara, Penjaringan, Jakarta Utara, Jakarta 14470"
雅加达,RS Kanker Dharmais,-6.1863958,106.7982041,52.5,≥48米,医院,官方(DPMPTSP),,"Jl. Letjen S. Parman No.84-86, Kota Bambu Sel., Kec. Palmerah, Kota Jakarta Barat, Daerah Khusus Ibukota Jakarta 11420"
雅加达,ITC KUNINGAN,-6.2226166,106.8260161,52.4,≥48米,商业/店铺,官方(DPMPTSP),JKT-008,"Jl. Prof. DR. Satrio No.18, RT.11/RW.4, Kuningan, Kecamatan Setiabudi, Kota Jakarta Selatan, Daerah Khusus Ibukota Jakarta 12940"
雅加达,Montessori Gading Permata School,-6.1471792,106.8969828,52.4,≥48米,未分类,官方(DPMPTSP),,—
雅加达,Gedung Kosong,-6.192885,106.7812734,52.4,≥48米,综合体,官方(DPMPTSP),,Jalan Kemanggisan Raya RT 1 RW 5
雅加达,ITC KUNINGAN,-6.2231224,106.8262255,52.2,≥48米,商业/店铺,官方(DPMPTSP),,"Jl. Prof. DR. Satrio No.18, RT.11/RW.4, Kuningan, Kecamatan Setiabudi, Kota Jakarta Selatan, Daerah Khusus Ibukota Jakarta 12940"
雅加达,International Financial Centre Tower 2,-6.2115758,106.8209815,52.2,≥48米,写字楼,官方(DPMPTSP),JKT-001,Jl. Jend. Sudirman Kav. 22-23
雅加达,Tower 1 A-D,-6.2968002,106.8298715,52.2,≥48米,写字楼,官方(DPMPTSP),,JL. TB Simatupang No.8 RT 001 RW 08
雅加达,Kondominium Menara Kelapa Gading Tower B,-6.1696983,106.9164262,52.2,≥48米,综合体,官方(DPMPTSP),,"Jl. Pegangsaan Dua No.88, RT.11/RW.16"
雅加达,Ballroom,-6.2134116,106.8186818,52.1,≥48米,酒店,官方(DPMPTSP),,Jalan Jendral Sudirman No.Kav.18-20
雅加达,MENARA MERDEKA,-6.1795804,106.820855,52.1,≥48米,写字楼,官方(DPMPTSP),,"Jl. Budi Kemuliaan I No. 2 RT 002 RW 003, Kelurahan Gambir, Kecamatan Gambir, Jakarta Pusat"
雅加达,Holland Village Jakarta B,-6.1680043,106.8765504,52.0,≥48米,未分类,官方(DPMPTSP),,—
雅加达,HOTEL SANTIKA,-6.1978166,106.8019195,52.0,≥48米,酒店,官方(DPMPTSP),,"Jl. K.S. Tubun No.7, RT.1/RW.7, Slipi, Kec. Palmerah, Kota Jakarta Barat, Daerah Khusus Ibukota Jakarta 11410"
雅加达,C,-6.1721862,106.8103193,52.0,≥48米,医院,官方(DPMPTSP),JKT-055,"Jl. Kyai Caringin No.7, RT.11/RW.4,"
雅加达,Nine Residence,-6.2534485,106.8266567,51.9,≥48米,综合体,官方(DPMPTSP),,Jl. Mampang Prapatan XVI RT 002 RW 005
雅加达,COMMODITY SQUARE,-6.2340761,106.8241458,51.9,≥48米,写字楼,官方(DPMPTSP),,"Jl. Gatot Subroto No.Kav. 35-36, RT.6/RW.3, Kuningan, Kuningan Tim., Kecamatan Setiabudi, Kota Jakarta Selatan, Daerah Khusus Ibukota Jakarta 12950"
雅加达,SINARMAS LAND PLAZA TOWER 1,-6.1905454,106.8233915,51.9,≥48米,写字楼,官方(DPMPTSP),,Jl. M.H. Thamrin No.51
雅加达,Kondominium Menara Kelapa Gading Tower E,-6.1713814,106.9161906,51.9,≥48米,综合体,官方(DPMPTSP),,"Jl. Pegangsaan Dua No.88, RT.11/RW.16"
雅加达,Tower 2 A-D,-6.2964663,106.8300907,51.8,≥48米,写字楼,官方(DPMPTSP),,JL. TB Simatupang No.8 RT 001 RW 08
雅加达,Emporium Pluit Mall,-6.1276561,106.7914716,51.8,≥48米,商场,官方(DPMPTSP),,Jl. Pluit Selatan Raya RT 023 RW 008
雅加达,（无名）,-6.106225,106.908125,51.8,≥48米,未分类,官方(DPMPTSP),,—
雅加达,（无名）,-6.1069869,106.9080273,51.6,≥48米,未分类,官方(DPMPTSP),,—
雅加达,（无名）,-6.1069733,106.9076364,51.6,≥48米,未分类,官方(DPMPTSP),,—
雅加达,GRAHA AKTIVA,-6.2331974,106.8324848,51.5,≥48米,写字楼,官方(DPMPTSP),,Jl. HR. Rasuna Said Blok X-1 Kav. 3
雅加达,GEDUNG SERVER CYBER,-6.2372372,106.8231185,51.5,≥48米,仓库,官方(DPMPTSP),,"Jl. Kuningan Barat Raya No.26, RT.6/RW.3"
雅加达,PURI DENPASAR,-6.2343958,106.8269939,51.5,≥48米,写字楼,官方(DPMPTSP),,JALAN DENPASAR SELATAN NO. 1
雅加达,Wika Tower,-6.2424113,106.8763255,51.5,≥48米,写字楼,官方(DPMPTSP),,JL. DI PANJAITAN KAV. 9-10 RT 003 RW 001
雅加达,Jiexpo Convention Centre and Theatre,-6.1478693,106.8469562,51.4,≥48米,未分类,官方(DPMPTSP),,"Jl. Benyamin Suaeb, RT.13/RW.7, Gn. Sahari Utara, Kecamatan Sawah Besar, Jkt Utara, Daerah Khusus Ibukota Jakarta 10720"
雅加达,Kondominium Menara Kelapa Gading Tower F,-6.1713515,106.9166099,51.4,≥48米,综合体,官方(DPMPTSP),,"Jl. Pegangsaan Dua No.88, RT.11/RW.16"
雅加达,Wisma Staco,-6.2245474,106.8403624,51.3,≥48米,写字楼,官方(DPMPTSP),,Jl. Casablanca
雅加达,EDGE DATA CENTER,-6.2390354,106.8245261,51.3,≥48米,写字楼,官方(DPMPTSP),,JL. KUNINGAN BARAT RAYA NO.59 RT 01 RW 03
雅加达,BW EXPRESS HOTEL,-6.1827359,106.8142158,51.3,≥48米,酒店,官方(DPMPTSP),,Jl. H. Hasbi No.1
雅加达,KYZN Tower,-6.2212156,106.8181144,51.2,≥48米,其他,官方(DPMPTSP),,"Jl. Karet Sawah No.216, RT.4/RW.4, Karet Semanggi, Kecamatan Setiabudi, Kota Jakarta Selatan, Daerah Khusus Ibukota Jakarta 12930"
雅加达,HARTONO,-6.258624,106.7813976,51.2,≥48米,商业/店铺,官方(DPMPTSP),,"Jl. Sultan Iskandar Muda No.15B, Kby. Lama Sel., Kec. Kby. Lama, Kota Jakarta Selatan, Daerah Khusus Ibukota Jakarta 12240"
雅加达,APARTEMEN RUSUN TAHAP 3,-6.1535496,106.8579013,51.2,≥48米,公寓,官方(DPMPTSP),,JALAN DAKOTA RAYA 2 NO. 26
雅加达,Panin Bank Centre,-6.2280314,106.7995401,51.2,≥48米,写字楼,官方(DPMPTSP),,Jl. Jenderal Sudirman No.1 Kav 1 Gelora Tanah Abang
雅加达,BANGUNAN LION TOWER,-6.1644041,106.8192801,51.2,≥48米,写字楼,官方(DPMPTSP),,"Jl. Gajah Mada No.7, RT.1/RW.2, Petojo Utara, Kecamatan Gambir, Kota Jakarta Pusat, Daerah Khusus Ibukota Jakarta 10130"
雅加达,Grand Asia Hotel Jakarta,-6.1376737,106.79494,51.2,≥48米,酒店,官方(DPMPTSP),,"Jl. Bandengan Sel. No.88, RT.1/RW.2, Pejagalan, Kec. Penjaringan, Jkt Utara, Daerah Khusus Ibukota Jakarta 14450"
雅加达,B Residence Grogol,-6.1653729,106.7798883,51.2,≥48米,综合体,官方(DPMPTSP),,Jl. Daan Mogot No. 97 RT. 006 RW. 005
雅加达,City Plaza,-6.236052,106.8235918,51.1,≥48米,写字楼,官方(DPMPTSP),,"Jl. Jend. Gatot Subroto No.42 RT.3 RW.2, Jakarta 12710"
雅加达,PURI DENPASAR,-6.2349166,106.826715,51.1,≥48米,综合体,官方(DPMPTSP),,"l. Denpasar Selatan No.1, RT.8/RW.3, Kuningan, Kuningan Tim., Kecamatan Setiabudi, Kota Jakarta Selatan, Daerah Khusus Ibukota Jakarta 12950"
雅加达,Bank Capital Indonesia,-6.2423521,106.8164,51.1,≥48米,写字楼,官方(DPMPTSP),,Jl. Bangka Raya No.20C RT 03 RW 05
雅加达,Tower E,-6.3707137,106.8875094,51.1,≥48米,综合体,官方(DPMPTSP),,"Jl. Radar Auri No. 8 Kelurahan, RT.004/RW.12"
雅加达,（无名）,-6.1053834,106.913605,51.0,≥48米,未分类,官方(DPMPTSP),,—
雅加达,Kantor Pemasaran Sedayu City,-6.1662521,106.9252746,51.0,≥48米,未分类,官方(DPMPTSP),,—
雅加达,Mega Plaza,-6.2131632,106.8311823,50.9,≥48米,写字楼,官方(DPMPTSP),,"Jl. HR Rasuna Said Kav. C3, RT.3/RW.1"
雅加达,NYT Tower,-6.18867,106.8238267,50.9,≥48米,写字楼,官方(DPMPTSP),,Jl. Sunda No.11 RT.9 RW.4
雅加达,"Tower A, B, C, D",-6.3701865,106.8876356,50.9,≥48米,综合体,官方(DPMPTSP),,"Jl. Radar Auri No. 8 Kelurahan, RT.004/RW.12"
雅加达,（无名）,-6.1698789,106.8279606,50.8,≥48米,未分类,官方(DPMPTSP),,—
雅加达,Mediterania Palace Residences,-6.1538157,106.8524215,50.8,≥48米,未分类,官方(DPMPTSP),JKT-058,—
雅加达,MANGGA DUA SQUARE,-6.1379241,106.831077,50.8,≥48米,商场,官方(DPMPTSP),,"Jalan Gunung Sahari No. 1, Kelurahan Ancol, Kecamatan Pademangan, Jakarta Utara"
雅加达,（无名）,-6.1919379,106.7227478,50.8,≥48米,未分类,官方(DPMPTSP),,—
雅加达,green view apartment pondok indah,-6.2805308,106.7881528,50.7,≥48米,综合体,官方(DPMPTSP),,"Jl. Sekolah Kencana IV, RT.7/RW.15"
雅加达,Le Parc Mansion,-6.1988978,106.8206577,50.7,≥48米,综合体,官方(DPMPTSP),,"Thamrin Nine Complex, Jl. M.H. Thamrin"
雅加达,Wisma Eka Jiwa,-6.1373593,106.8222982,50.7,≥48米,酒店,官方(DPMPTSP),,JL. MANGGA DUA RAYA NO. 3 RT. 3 RW. 6
雅加达,Apartemen Citra Living (Tower B),-6.1461865,106.7016338,50.5,≥48米,综合体,官方(DPMPTSP),,"Jl. Citra 7 No.7, RT.7/RW.11, Kalideres, Kec. Kalideres, Kota Jakarta Barat, Daerah Khusus Ibukota Jakarta 11840"
雅加达,KAWAN LAMA CENTER,-6.19066,106.7435507,50.5,≥48米,写字楼,官方(DPMPTSP),,JALAN PURI KENCANA NO 1 RT 6/RW 2
雅加达,Gedung A,-6.2444819,106.8024681,50.4,≥48米,写字楼,官方(DPMPTSP),,"Jl. Iskandarsyah Raya No.1A, RT.2/RW.1, Melawai, Kec. Kby. Baru, Kota Jakarta Selatan, Daerah Khusus Ibukota Jakarta 12160"
雅加达,GRAHA PENA,-6.2153858,106.7779943,50.4,≥48米,写字楼,官方(DPMPTSP),,JALAN RAYA KEBAYORAN LAMA NO. 12
雅加达,PACIFIC PLACE MALL,-6.2249846,106.8097964,50.4,≥48米,商场,官方(DPMPTSP),,SUDIRMAN CENTRAL BUSINESS DISTRICT (SCBD) JL. JENDRAL SUDIRMAN KAV 52-53 LOT. 3 RT/005 RW/001
雅加达,Apartemen Hampton Park-Tower D,-6.2810188,106.7911173,50.4,≥48米,综合体,官方(DPMPTSP),,"Jl. Terogong Raya No. 18, RT. 010 RW. 010, Kel. Cilandak Barat, Kec. Cilandak, Jakarta Selatan;"
雅加达,Graha Mitra,-6.2287678,106.8198221,50.3,≥48米,写字楼,官方(DPMPTSP),,"Jl. Gatot Subroto No.Kav 21, RT.3/RW.2, Karet Semanggi, Kecamatan Setiabudi, Kota Jakarta Selatan, Daerah Khusus Ibukota Jakarta 12930"
雅加达,City Plaza,-6.2356583,106.8233716,50.3,≥48米,写字楼,官方(DPMPTSP),,"Jl. Jend. Gatot Subroto No.42 RT.3 RW.2, Jakarta 12710"
雅加达,MENARA TEKNO,-6.1847865,106.8155438,50.2,≥48米,写字楼,官方(DPMPTSP),,Jl. H. Fachrudin No. 19
雅加达,Senayan City,-6.2272155,106.7972969,50.2,≥48米,商场,官方(DPMPTSP),,JL. Asia Afrika Lot.19 RT.02 RW.01 Kel. Gelora Kec. Tanah Abang Jakarta Pusat
雅加达,DoubleTree by Hilton Jakarta Kemayoran,-6.1411223,106.8536629,50.2,≥48米,酒店,官方(DPMPTSP),,"Jl. Griya Utama No.1 Blok B, RT 01 RW 05 (Kawasan Rukan Puri Mutiara)"
雅加达,BPKP PUSAT,-6.1925896,106.8705724,50.2,≥48米,写字楼,官方(DPMPTSP),,Jl. Pramuka No. 33 Rt 10/08
雅加达,Pondok Indah Office Tower 1,-6.2628657,106.7826865,50.1,≥48米,写字楼,官方(DPMPTSP),,Jl. Sultan Iskandar Muda
雅加达,Menara Jakarta,-6.1500472,106.8452325,50.1,≥48米,综合体,官方(DPMPTSP),,Jl. Kota Baru Bandar Kemayoran No.C-8
雅加达,Grand Indonesia West Mall,-6.1954207,106.8204648,50.0,≥48米,商场,官方(DPMPTSP),,Jl. Teluk Betung
雅加达,tower 1,-6.1971873,106.7985099,50.0,≥48米,写字楼,官方(DPMPTSP),,"Jl. Letjen S. Parman Blok G No.Kav 62-63 RT.8/RW.4, DKI Jakarta 11410"
雅加达,Park Hotel,-6.2441518,106.8756045,50.0,≥48米,酒店,官方(DPMPTSP),,JALAN DI PANJAITAN No. 5
雅加达,United Tractors,-6.1843936,106.9315081,49.9,≥48米,商业/店铺,官方(DPMPTSP),,Jl. Raya Bekasi KM. 22 Head Office RT.001 RW.001
雅加达,GEDUNG BLOK M SQUARE,-6.2445743,106.8006164,49.8,≥48米,商场,官方(DPMPTSP),,JALAN MELAWAI V RT. 004/001
雅加达,Gedung ESDM,-6.1816757,106.8235393,49.8,≥48米,写字楼,官方(DPMPTSP),,Jl. Medan Merdeka Sel. No.18
雅加达,（无名）,-6.1059917,106.9084441,49.8,≥48米,未分类,官方(DPMPTSP),JKT-073,—
雅加达,RUSUNAWA KS TUBUN,-6.1865201,106.8096083,49.8,≥48米,公寓,官方(DPMPTSP),,"Jl. Taman Bunga 1 No.1, RT.3/RW.1, Kota Bambu Sel., Kec. Palmerah, Kota Jakarta Barat"
雅加达,PT. Pelni,-6.1579161,106.8432256,49.6,≥48米,写字楼,官方(DPMPTSP),,Jalan Angkasa No. 18 RT. 009 RW. 003
雅加达,APARTEMEN PERMATA HIJAU,-6.2230133,106.7843727,49.5,≥48米,综合体,官方(DPMPTSP),,JL. PERMATA HIJAU BLOK B NO. 8
雅加达,The Convergence Indonesia,-6.2168998,106.8352318,49.5,≥48米,写字楼,官方(DPMPTSP),,"Kawasan Rasuna Epicentrum, Jl. HR. Rasuna Said, RT.1/RW.3, Karet Kuningan, Setiabudi, Central Jakarta City, Jakarta 12940"
雅加达,APARTEMEN CITY GARDEN CENGKARENG,-6.1298975,106.7372895,49.5,≥48米,综合体,官方(DPMPTSP),,JL KAPUK CENGKARENG RT 07/08 RW 014
雅加达,Apartemen Citra Living (Tower A),-6.1458636,106.7015649,49.4,≥48米,综合体,官方(DPMPTSP),,Jl. Peta Barat
雅加达,Rusunami Menara Cawang,-6.2560263,106.8675141,49.4,≥48米,公寓,官方(DPMPTSP),,Jl. SMA 14 RT. 07 / RW. 09
雅加达,Setiabudi Atrium,-6.214183,106.8299416,49.3,≥48米,写字楼,官方(DPMPTSP),,Jl. H. R. Rasuna Said Kav. 1-2
雅加达,Gedung Pertamina,-6.1865996,106.8457308,49.3,≥48米,写字楼,官方(DPMPTSP),,"Jl. Kramat Raya No.59, RT.8/RW.5"
雅加达,Apartment Mitra Bahari,-6.1273698,106.8050647,49.3,≥48米,公寓,官方(DPMPTSP),JKT-043,—
雅加达,TOWER A,-6.1273921,106.712576,49.3,≥48米,公寓,官方(DPMPTSP),,Jl. Citra Garden City 6 No. 5 4 RT. 004 RW. 005
雅加达,Graha Iskandarsyah,-6.2437655,106.8036663,49.2,≥48米,写字楼,官方(DPMPTSP),,Jl. Iskandarsyah No. 66 C
雅加达,Hotel Ammaris Tendean,-6.2398326,106.8269346,49.2,≥48米,酒店,官方(DPMPTSP),,"Jalan Kapten P. Tendean No. 11, RT.1 RW.2"
雅加达,THE KOPPEL,-6.1250183,106.7977197,49.2,≥48米,写字楼,官方(DPMPTSP),,JL. PLUIT SELATAN RAYA NO.10 RT01/RW09
雅加达,TOWER B,-6.2453082,106.8036376,49.1,≥48米,写字楼,官方(DPMPTSP),JKT-010,JL. Sultan Iskandarsyah II No.2. RT002/RW001
雅加达,GRAND CHANDRA KARYA,-6.1949976,106.8590731,49.1,≥48米,商业/店铺,官方(DPMPTSP),,Jl. Pramuka No.179
雅加达,WISMA MANDIRI Tower I,-6.1837626,106.8236047,49.1,≥48米,非住宅,官方(DPMPTSP),,"Jl. MH. Thamrin No.5, Jakarta 10340"
雅加达,Graha Zurich,-6.243704,106.8536074,49.0,≥48米,写字楼,官方(DPMPTSP),,JL. Letjend. M.T. Haryono Kav. 42 RT 001 RW 005
雅加达,KUNINGAN CITY,-6.2243989,106.8306527,49.0,≥48米,商业/店铺,官方(DPMPTSP),,"Jl. Prof. DR. Satrio No.Kav. 18, Kuningan, Karet Kuningan, Kecamatan Setiabudi, Kota Jakarta Selatan, Daerah Khusus Ibukota Jakarta 12940"
雅加达,APARTEMEN PERMATA HIJAU,-6.2229159,106.7838968,49.0,≥48米,综合体,官方(DPMPTSP),,JL. PERMATA HIJAU BLOK B NO. 8
雅加达,GEDUNG NYI AGENG SERANG,-6.2229953,106.8342947,49.0,≥48米,写字楼,官方(DPMPTSP),,"Gedung Nyi Ageng Serang, Jl. H. R. Rasuna Said No.22, RT.2/RW.5, Karet Kuningan, Kecamatan Setiabudi, Kota Jakarta Selatan, Daerah Khusus Ibukota Jakarta 12940"
雅加达,Horison Menteng Jakarta,-6.1864633,106.8367648,49.0,≥48米,酒店,官方(DPMPTSP),,Jl. Menteng Raya No. 33
雅加达,Menara Satu Sentra Kelapa Gading,-6.1597856,106.9052236,49.0,≥48米,写字楼,官方(DPMPTSP),,"Jl. Boulevard Raya LA 3 No.1, RT.11/RW.18, Gedung Menara satu, Kec. Klp. Gading, Jkt Utara, Daerah Khusus Ibukota Jakarta 14240"
雅加达,RODA MAS,-6.1962622,106.7970692,49.0,≥48米,写字楼,官方(DPMPTSP),,JL. LETJEN S PARMAN KAV. 32-34
雅加达,HOTEL SENTRAL CAWANG,-6.2469104,106.8728078,49.0,≥48米,酒店,官方(DPMPTSP),,Jl. MT. Haryono No. 9
雅加达,The Vida Office Buiding,-6.19119,106.7596441,48.9,≥48米,写字楼,官方(DPMPTSP),,Jl. Raya Perjuangan No 8 RT.1 RW.7
雅加达,Wisma Barito Pacific I (Tower B),-6.1975383,106.7986703,48.9,≥48米,写字楼,官方(DPMPTSP),,"Jl. Letjen S. Parman No.Kav 62-63, Slipi, Kec. Palmerah, Kota Jakarta Barat, Daerah Khusus Ibukota Jakarta 14110"
雅加达,Gedung Tower Utama,-6.1740578,106.8341165,48.8,≥48米,未分类,官方(DPMPTSP),,—
雅加达,Graha Rekso Building,-6.1447029,106.8943027,48.8,≥48米,写字楼,官方(DPMPTSP),,Jl. Boulevard Artha Gading Kav. A1 RT. 018/008
雅加达,Mayapada Hospital,-6.2986615,106.7859578,48.8,≥48米,医院,官方(DPMPTSP),,Jl. Lebak Bulus I Kav. 29 RT. 006 RW. 04
雅加达,PLAZA AMINTA,-6.2909625,106.7841989,48.7,≥48米,写字楼,官方(DPMPTSP),,JL. TB. SIMATUPANG KAV. 10
雅加达,Gedung penghubung/parkir kawasan komersial Gandaria,-6.2435173,106.7844211,48.7,≥48米,其他,官方(DPMPTSP),JKT-016,"Jl. Sultan Iskandar Muda, kebayoran Lama Utara"
雅加达,Roxy Square,-6.1666738,106.7994717,48.7,≥48米,商业/店铺,官方(DPMPTSP),,"Jl. Kyai Tapa No.1, RT.10/RW.10, Tomang, Kec. Grogol petamburan, Kota Jakarta Barat, Daerah Khusus Ibukota Jakarta 11440"
雅加达,Tower E,-6.3017748,106.8337927,48.6,≥48米,写字楼,官方(DPMPTSP),,"Jl.  T.B. Simatupang Kav.88, Jakarta 12520"
雅加达,RIVERSIDE APARTMENT,-6.1170946,106.7746158,48.6,≥48米,综合体,官方(DPMPTSP),,PLUIT KARANG BARAT
雅加达,Wisma Budi,-6.2142643,106.8311564,48.3,≥48米,写字楼,官方(DPMPTSP),,"Jl. H.R. Rasuna Said Kav. C-6, RT.3/RW.1"
雅加达,（无名）,-6.1511883,106.8944471,48.2,≥48米,未分类,官方(DPMPTSP),,—
雅加达,Bangunan Pabrik (tidak ada namanya),-6.1451696,106.9322962,48.2,≥48米,工业,官方(DPMPTSP),,"Jalan Jawa VII, KBN"
雅加达,（无名）,-6.0972766,106.8852703,48.2,≥48米,未分类,官方(DPMPTSP),,—
雅加达,Gedung Bisnis Jakarta Islamic Centre,-6.1233902,106.917919,48.2,≥48米,写字楼,官方(DPMPTSP),,"Jl. Kramat Jaya Raya No.1, RT.6/RW.1, Tugu Utara, Kec. Koja, Jkt Utara, Daerah Khusus Ibukota Jakarta 14260"
雅加达,Gedung Bisnis Jakarta Islamic Centre,-6.123004,106.9181057,48.2,≥48米,写字楼,官方(DPMPTSP),,"Jl. Kramat Jaya Raya No.1, RT.6/RW.1, Tugu Utara, Kec. Koja, Jkt Utara, Daerah Khusus Ibukota Jakarta 14260"
雅加达,HWA TOWER,-6.2779754,106.7721232,48.1,≥48米,写字楼,官方(DPMPTSP),,JL. CIPUTAT RAYA NO. 123 RT 001 RW 008
雅加达,Pengolahan bahan kimia PT Dua Kuda Indonesia,-6.1066963,106.9419613,48.1,≥48米,工业,官方(DPMPTSP),,Jl. Madiun Blok C Komplek KBN Marunda
雅加达,Gedung Perkantoran Primagraha Persada,-6.1669849,106.8356577,48.0,≥48米,写字楼,官方(DPMPTSP),,Jl. Gedung Kesenian No.3-7
雅加达,SUMBER BERKAT GRUP,-6.1692013,106.8139815,48.0,≥48米,写字楼,官方(DPMPTSP),,Jl. A.M Sangaji No.38
雅加达,Gading Resort Residence,-6.1521405,106.8938016,48.0,≥48米,综合体,官方(DPMPTSP),,Jl. Boulevard Barat Raya No. 8 Blok B1/2 Rt. 018/0008
雅加达,ASKRIDA TOWER,-6.1928992,106.8666115,48.0,≥48米,写字楼,官方(DPMPTSP),,"Jl. Pramuka No.151 , RT.9/RW.5, Utan Kayu Utara, Kec. Matraman, Kota Jakarta Timur, Daerah Khusus Ibukota Jakarta 13120"
雅加达,DoubleTree by Hilton Jakarta Kemayoran,-6.1414805,106.8535915,47.9,≥40米,酒店,官方(DPMPTSP),,"Jl. Griya Utama No.1 Blok B, RT 01 RW 05 (Kawasan Rukan Puri Mutiara)"
雅加达,A,-6.2537536,106.8263944,47.8,≥40米,公寓,官方(DPMPTSP),,Jl. Mampang Prapatan XVI RT 002 RW 005
雅加达,AKMANI Hotel,-6.1874685,106.8256605,47.8,≥40米,酒店,官方(DPMPTSP),,JL. KH. Wahid Hasyim No. 91 RT. 001 RW. 004
雅加达,Cendana,-6.1271237,106.7887799,47.8,≥40米,综合体,官方(DPMPTSP),,"Jl. Pluit Selatan Raya, RT.23/RW.8,"
雅加达,DANAMON,-6.2033019,106.8565447,47.8,≥40米,写字楼,官方(DPMPTSP),,"Jl. Matraman Raya No.52, Kb. Manggis, Kec. Matraman, Kota Jakarta Timur, Daerah Khusus Ibukota Jakarta 13150"
雅加达,MANGGA DUA SQUARE,-6.1395205,106.8321275,47.7,≥40米,商场,官方(DPMPTSP),,"Jalan Gunung Sahari No. 1, Kelurahan Ancol, Kecamatan Pademangan, Jakarta Utara"
雅加达,LIPPO MALL,-6.1899675,106.7391392,47.7,≥40米,商业/店铺,官方(DPMPTSP),,"JL Puri Indah boulevard Blok U1, Puri Indah RT 001 RW 002, Kel. Kembangan Selatan, Kembangan, Jakarta Barat"
雅加达,TOWER B,-6.2295481,106.8103042,47.6,≥40米,写字楼,官方(DPMPTSP),,SUDIRMAN CENTRAL BUSINESS DISTRICT (SCBD) JL. JENDRAL SUDIRMAN KAV 52-53 LOT 18 RT/002 RW/001
雅加达,GRAHA MANTAP,-6.2012356,106.8457018,47.5,≥40米,写字楼,官方(DPMPTSP),,"JL PROKAMASI NO 31 PEGANGSAAN,MENTENG JAKARTA PUSAT"
雅加达,（无名）,-6.1084438,106.9489589,47.5,≥40米,未分类,官方(DPMPTSP),JKT-076,—
雅加达,Roxy Square,-6.1668771,106.799948,47.5,≥40米,商业/店铺,官方(DPMPTSP),,"Jl. Kyai Tapa No.1, RT.10/RW.10, Tomang, Kec. Grogol petamburan, Kota Jakarta Barat, Daerah Khusus Ibukota Jakarta 11440"
雅加达,ASRAMA PERAWAT BUDDHA TZU CHI GEDUNG A,-6.1322561,106.7359135,47.5,≥40米,公寓,官方(DPMPTSP),,JL Rumah Susun Cengkareng Indah Blok  Rt 007 Rw 014
雅加达,KOSPIN JASA,-6.2420962,106.8417899,47.4,≥40米,写字楼,官方(DPMPTSP),,"Jl. Gatot Subroto, RT.1/RW.1, Menteng Dalam, Jakarta selatan, DKI Jakarta, Daerah Khusus Ibukota Jakarta 12870"
雅加达,RA Mampang Tower,-6.2471695,106.8253434,47.4,≥40米,写字楼,官方(DPMPTSP),,Jl. Mampang Prapatan No 66 A-B RT 001 RW 006
雅加达,PT. BETAWI JAYA MANDIRI,-6.2384936,106.7641388,47.4,≥40米,酒店,官方(DPMPTSP),,Jl. CILEDUG RAYA NO. 39 RT.005 RW.005
雅加达,PT. Bogasari Flour Mills,-6.1074187,106.9094607,47.4,≥40米,工业,官方(DPMPTSP),,Jl. Raya Cilincing No.1
雅加达,Masjid As Syukur,-6.2185162,106.778958,47.3,≥40米,未分类,官方(DPMPTSP),,—
雅加达,TOWER A,-6.2292884,106.8105867,47.3,≥40米,写字楼,官方(DPMPTSP),,SUDIRMAN CENTRAL BUSINESS DISTRICT (SCBD) JL. JENDRAL SUDIRMAN KAV 52-53 RT/002 RW/001
雅加达,Annex Building,-6.1928253,106.8243241,47.3,≥40米,写字楼,官方(DPMPTSP),,Jl. MH Thamrin No. 59
雅加达,（无名）,-6.1704093,106.8276734,47.3,≥40米,未分类,官方(DPMPTSP),,—
雅加达,Top Center,-6.1653722,106.8173323,47.3,≥40米,写字楼,官方(DPMPTSP),,Jl. KH. Hasyim Ashari No.13
雅加达,Tower 1C,-6.1320407,106.7025095,47.3,≥40米,综合体,官方(DPMPTSP),,Jl. Satu Maret RT 009 RW 004
雅加达,RSUD Pasar Minggu,-6.2943136,106.8204121,47.3,≥40米,医院,官方(DPMPTSP),,"Jl. TB Simatupang No.1 1, RT. 10/RW. 5, Ragunan, Ps. Minggu, Kota Jakarta Selatan, Daerah Khusus Ibukota Jakarta 12550"
雅加达,Gedung Nusantara III,-6.2094332,106.8002827,47.2,≥40米,未分类,官方(DPMPTSP),,—
雅加达,Gading Resort Residence,-6.1522876,106.8933612,47.2,≥40米,综合体,官方(DPMPTSP),,Jl. Boulevard Barat Raya No. 8 Blok B1/2 Rt. 018/0008
雅加达,Ibis Style Hotel,-6.2916702,106.8017002,47.1,≥40米,酒店,官方(DPMPTSP),,Jl. Cilandak Tengah No. 23 RT. 002 RW. 001
雅加达,Apartemen Mediterania Lagoon,-6.1533783,106.8529633,47.1,≥40米,综合体,官方(DPMPTSP),JKT-067,"RT.13/RW.6,KB.KOSONG,KEMAYORAN, JAKARTA PUSAT, 10630"
雅加达,Luminor,-6.1644759,106.8261655,47.1,≥40米,酒店,官方(DPMPTSP),,Jl. Pecenongan No. 35
雅加达,ASRAMA PERAWAT BUDDHA TZU CHI GEDUNG B,-6.1317579,106.7365788,47.1,≥40米,公寓,官方(DPMPTSP),,JL Rumah Susun Cengkareng Indah Blok  Rt 007 Rw 014
雅加达,TOWER C,-6.2298404,106.8101906,47.0,≥40米,写字楼,官方(DPMPTSP),,SUDIRMAN CENTRAL BUSINESS DISTRICT (SCBD) JL. JENDRAL SUDIRMAN KAV 52-53 LOT. 18 RT/002 RW/001
雅加达,Bank Mandiri,-6.1772977,106.8205044,47.0,≥40米,未分类,官方(DPMPTSP),,—
雅加达,PIK AVENUE,-6.1091988,106.7405019,47.0,≥40米,旅游休闲,官方(DPMPTSP),,JL. PANTAI INDAH KAPUK BOULEVARD RT 6 RW 2
雅加达,TOWER E,-6.2304238,106.8100901,46.9,≥40米,写字楼,官方(DPMPTSP),,SUDIRMAN CENTRAL BUSINESS DISTRICT (SCBD) JL. JENDRAL SUDIRMAN KAV 52-53 RT/002 RW/001
雅加达,BANK DKI KANTOR PUSAT,-6.1692231,106.8184368,46.9,≥40米,写字楼,官方(DPMPTSP),,Jl. Suryopranoto No.8
雅加达,Cemara,-6.1273462,106.7899385,46.9,≥40米,综合体,官方(DPMPTSP),,"Jl. Pluit Selatan Raya, RT.23/RW.8"
雅加达,Emporium Pluit Mall,-6.127119,106.7913717,46.9,≥40米,商场,官方(DPMPTSP),,Jl. Pluit Selatan Raya RT 002 RW 008
雅加达,Kirana Three Office Tower,-6.1743482,106.8946188,46.9,≥40米,写字楼,官方(DPMPTSP),,JL. BOULEVARD RAYA BLOK A2 NO.1
雅加达,Aeon Mall Jakarta Garden City,-6.1727141,106.9532677,46.9,≥40米,商场,官方(DPMPTSP),,"Jl. Jkt Garden City Boulevard No.1, RT.8/RW.6, Cakung Tim., Kec. Cakung, Kota Jakarta Timur, Daerah Khusus Ibukota Jakarta 13910"
雅加达,TOWER C,-6.1816041,106.9045237,46.9,≥40米,综合体,官方(DPMPTSP),,JL. PERINTIS KEMERDEKAAN KAV.99
雅加达,AONE HOTEL,-6.1867516,106.8280418,46.8,≥40米,酒店,官方(DPMPTSP),,Jl. KH. Wahid Hasyim 80-15
雅加达,Gedung CCM,-6.1942397,106.8398994,46.8,≥40米,写字楼,官方(DPMPTSP),,"Jl. Cikini Raya No. 95, RT.10/RW.4"
雅加达,Menara Kencana,-6.1983636,106.7621615,46.8,≥40米,非住宅,官方(DPMPTSP),,Jl. Raya Meruya Ilir No. 88
雅加达,Plaza Crystal International,-6.2065388,106.8165018,46.7,≥40米,商业/店铺,官方(DPMPTSP),,Jl. K.H. Mas Mansyur No.Kav.46
雅加达,UNIFAM TOWER,-6.1688167,106.7640194,46.7,≥40米,写字楼,官方(DPMPTSP),,JL PANJANG BLOK A3 NO. 1 RT 002 RW 005
雅加达,TOWER D,-6.2301086,106.8101073,46.6,≥40米,写字楼,官方(DPMPTSP),,SUDIRMAN CENTRAL BUSINESS DISTRICT (SCBD) JL. JENDRAL SUDIRMAN KAV 52-53 LOT. 18 RT/002 RW/001
雅加达,Giia Maluku Hotel,-6.1936325,106.8180669,46.6,≥40米,酒店,官方(DPMPTSP),,"Jl. Kebon Kacang Raya No.20, RT.4/RW.8, Kb. Kacang, Kecamatan Tanah Abang, Kota Jakarta Pusat, Daerah Khusus Ibukota Jakarta 10240"
雅加达,Gedung Pusat Krisis Kegawatdaruratan Kesehatan Daerah Dinkes DKI Jakarta (AGD Dinkes DKI Jakarta),-6.1722575,106.8144874,46.6,≥40米,非住宅,官方(DPMPTSP),,"Jl. Kesehatan No. 10 RT 003 RW 006, Kel. Petojo Selatan, Kec. Gambir, Jakarta Pusat"
雅加达,（无名）,-6.2141315,106.9438182,46.6,≥40米,未分类,官方(DPMPTSP),,—
雅加达,Rumah Duka RS ST. CAROLUS,-6.1948556,106.8511308,46.6,≥40米,医院,官方(DPMPTSP),,Jl Salemba Raya No 41 RT 3 RW 5
雅加达,Puskesmas Kecamatan Pulogadung,-6.186425,106.8957185,46.6,≥40米,医院,官方(DPMPTSP),,—
雅加达,PLN Indonesia Power,-6.2369585,106.8287127,46.5,≥40米,综合体,官方(DPMPTSP),,"Jl. Gatot Subroto No.Kav.18, Kuningan Tim., Kecamatan Setiabudi, Kota Jakarta Selatan"
雅加达,Tower 1B dan 1A,-6.1312257,106.7028953,46.5,≥40米,综合体,官方(DPMPTSP),,Jl. Satu Maret RT 009 RW 004
雅加达,KUNINGAN PLAZA (Menara Utara),-6.2168211,106.8313584,46.4,≥40米,写字楼,官方(DPMPTSP),,"Jl. H.R. Rasuna Said Kav. C 11-14, RT.2/RW.5, Karet Kuningan Timur, Kecamatan Setiabudi, Kota Jakarta Selatan, Daerah Khusus Ibukota Jakarta 12920"
雅加达,Jaminan Kredit Indonesia (Jamkrindo),-6.1557705,106.8452778,46.4,≥40米,写字楼,官方(DPMPTSP),,Jalan Angkasa Blok B-9 Kav 6
雅加达,SGA Tower,-6.1240465,106.8517329,46.4,≥40米,写字楼,官方(DPMPTSP),,Jl. Pasir Putih Raya No.28
雅加达,RUMAH SAKIT PUSAT PERTAMINA,-6.2399427,106.7932759,46.4,≥40米,医院,官方(DPMPTSP),,JL. KYAI MAJA No.43
雅加达,Jakarta Eye Centre  Kedoya,-6.189528,106.7614168,46.4,≥40米,医院,官方(DPMPTSP),,Jalan Arjuna Utara Lanjutan  No.1  RT.007 RW.03
雅加达,Gedung Pertamina Training and Consulting,-6.1915522,106.8233651,46.3,≥40米,写字楼,官方(DPMPTSP),,Jl. MH Thamrin Kav. 55 RT. 009 RW. 005
雅加达,Nunsiatura Apostolik,-6.180399,106.8332606,46.3,≥40米,未分类,官方(DPMPTSP),,—
雅加达,Masjid Al Irsyaq,-6.1936159,106.765644,46.3,≥40米,未分类,官方(DPMPTSP),,—
雅加达,Gedung Tifa,-6.2350885,106.8204562,46.2,≥40米,写字楼,官方(DPMPTSP),,JL. Kuningan Barat No. 26 RT/RW 006/001
雅加达,Gading Resort Residence,-6.1516012,106.8937851,46.2,≥40米,综合体,官方(DPMPTSP),,Jl. Boulevard Barat Raya No. 8 Blok B1/2 Rt. 018/0008
雅加达,Gedung Waskita Karya,-6.2455931,106.8740324,46.2,≥40米,写字楼,官方(DPMPTSP),,Jl. M.T. Haryono Kav. 10 RT 011 RW 011
雅加达,Gedung Plaza Permata,-6.1927177,106.8235022,46.1,≥40米,写字楼,官方(DPMPTSP),,Jl. MH. THAMRIN NO.57 RT. 009 RW. 005
雅加达,GLOW,-6.1526871,106.7972882,46.1,≥40米,商业/店铺,官方(DPMPTSP),,Jl. Prof. Dr. Latumenten No. 33 Blok F No.1
雅加达,PDC TOWER,-6.2050987,106.8584249,46.1,≥40米,写字楼,官方(DPMPTSP),JKT-077,Jl. Matraman Raya No.87
雅加达,Rumah Sakit Husada,-6.1475296,106.8294875,46.1,≥40米,医院,官方(DPMPTSP),,Jl. Raya Mangga Besar No. 137-139 RT. 016 RW. 001
雅加达,（无名）,-6.09653,106.8821047,46.0,≥40米,未分类,官方(DPMPTSP),,—
雅加达,Apartemen Gardenia Boulevard (Tower B),-6.2840888,106.8271272,45.9,≥40米,综合体,官方(DPMPTSP),,Jl. Warung Jati Barat No.13 RT/RW 002/003
雅加达,Hotel Lume'os,-6.1771442,106.8749223,45.9,≥40米,酒店,官方(DPMPTSP),,"Jl. Cempaka Putih Raya No.120, RT.8/RW.3, Cemp. Putih Tim., Kec. Cemp. Putih, Kota Jakarta Pusat, Daerah Khusus Ibukota Jakarta 10510"
雅加达,GAJAH MADA,-6.1608613,106.8180544,45.9,≥40米,商业类,官方(DPMPTSP),,JALAN GAJAH MADA NO. 19 - 26  RT.2/RW.1
雅加达,Pengolahan bahan kimia PT Dua Kuda Indonesia,-6.1071314,106.9416081,45.9,≥40米,工业,官方(DPMPTSP),,Jl. Madiun Blok C Komplek KBN Marunda
雅加达,（无名）,-6.1247372,106.7992629,45.9,≥40米,未分类,官方(DPMPTSP),JKT-078,—
雅加达,Usaha Rapi. CV,-6.1843312,106.7963534,45.8,≥40米,写字楼,官方(DPMPTSP),,JL. ANGGREK NELI MURNI 6 BLOK E 4 RT.014 RW.001
雅加达,OFFICE TOWER A,-6.1554651,106.8500513,45.7,≥40米,写字楼,官方(DPMPTSP),,Jalan Rendani No. 3 RW 10
雅加达,PIK AVENUE,-6.1100107,106.7405428,45.7,≥40米,非住宅,官方(DPMPTSP),,JL. PANTAI INDAH KAPUK BOULEVARD RT 6 RW 2
雅加达,（无名）,-6.1031651,106.9514804,45.7,≥40米,未分类,官方(DPMPTSP),,—
雅加达,（无名）,-6.0983613,106.885198,45.7,≥40米,未分类,官方(DPMPTSP),,—
雅加达,EAST PARK APARTMENT TOWER B,-6.2038289,106.9252486,45.7,≥40米,公寓,官方(DPMPTSP),,Jl. Jatinegara Indah
雅加达,Lembaga Ketahanan Nasional Republik Indonesia,-6.1823465,106.827676,45.6,≥40米,未分类,官方(DPMPTSP),,—
雅加达,（无名）,-6.1073313,106.7388416,45.6,≥40米,未分类,官方(DPMPTSP),JKT-079,—
雅加达,Cendana,-6.1276776,106.788764,45.6,≥40米,综合体,官方(DPMPTSP),,"Jl. Pluit Selatan Raya, RT.23/RW.8"
雅加达,Tower 2 Selatan,-6.1324662,106.7020028,45.6,≥40米,综合体,官方(DPMPTSP),,Jl. Satu Maret RT 009 RW 004
雅加达,PT Wahana Citra Nabati,-6.2106261,106.9173866,45.6,≥40米,工业,官方(DPMPTSP),,Jalan Rawa Sumur I No. 5 Blok EE KIP
雅加达,Rumah Susun PIK Pulo Gadung Tahap II,-6.2064229,106.9283154,45.6,≥40米,公寓,官方(DPMPTSP),JKT-070,"Jl. Penggilingan, RT. 6/RW. 10, Penggilingan, Kec. Cakung, Kota Jakarta Timur, Daerah Khusus Ibukota Jakarta 13940"
雅加达,Capitol 16,-6.1795381,106.8400209,45.5,≥40米,写字楼,官方(DPMPTSP),,Jl. Prajurit KKO Usman dan Harun No. 16
雅加达,The B Fashion Hotel,-6.1817977,106.7919855,45.5,≥40米,酒店,官方(DPMPTSP),,"Jl. Aranda No. 1, RT. 001 / RW. 009, Kel. Tanjung Duren Selatan, Kec. Grogol Petamburan, Jakarta Barat"
雅加达,Direktorat Bina Penatagunaan Sumber Daya Air,-6.2373369,106.8012628,45.4,≥40米,写字楼,官方(DPMPTSP),,"Jl. Pattimura No.20 , RT.2/RW.1, Selong, Kebayoran Baru, Jakarta 12110"
雅加达,Kantor PT Krama Yudha Tiga Berlian Motors,-6.1785136,106.8767045,45.4,≥40米,写字楼,官方(DPMPTSP),,"Jl. Pulomas Selatan RT. 006 RW. 011, Kel. Kayu Putih, Kec. Pulo Gadung, Jakarta Timur"
雅加达,Tower A Rusunawa BLK Pasar Rebo,-6.312144,106.8632984,45.4,≥40米,公寓,官方(DPMPTSP),,Jl. Raya Bogor KM 23 RT 14 RW 1
雅加达,（无名）,-6.1459258,106.9317311,45.3,≥40米,未分类,官方(DPMPTSP),,—
雅加达,KUNINGAN PLAZA,-6.2173619,106.8315168,45.2,≥40米,写字楼,官方(DPMPTSP),,"Jl. H.R. Rasuna Said Kav. C 11-14, RT.2/RW.5, Karet Kuningan Timur, Kecamatan Setiabudi, Kota Jakarta Selatan, Daerah Khusus Ibukota Jakarta 12920"
雅加达,OFFICE TOWER BLOK B,-6.1539836,106.8479531,45.2,≥40米,写字楼,官方(DPMPTSP),,Jalan Rendani No. 3 RW 10
雅加达,GEDUNG BRIN,-6.2287864,106.8180273,45.1,≥40米,写字楼,官方(DPMPTSP),,"Jl. Gatot Subroto Kav.10, RT.6/RW.1"
雅加达,Wisma BCA Pondok Indah,-6.2869733,106.7790022,45.1,≥40米,写字楼,官方(DPMPTSP),,Jl. Metro Pondok Indah / Jl. Niaga Hijau Raya No. 10 RT 001 RW  017
雅加达,PT. PAL Indonesia (Persero),-6.1751832,106.8165077,45.1,≥40米,未分类,官方(DPMPTSP),,—
雅加达,（无名）,-6.1705512,106.8282019,45.1,≥40米,未分类,官方(DPMPTSP),,—
雅加达,TUGU REASURANSI INDONESIA,-6.1924155,106.8408039,45.1,≥40米,写字楼,官方(DPMPTSP),,Jl. Raden Saleh No. 50 RT. 001 RW. 002
雅加达,Pancoran Chinatown Point,-6.1408857,106.8132494,45.1,≥40米,商场,官方(DPMPTSP),,"Pintu Besar Selatan II/ Jl. Pancoran No.42A RT 001/RW 006, Pinangsia, Taman Sari, Jakarta Barat, DKI Jakarta, 11110"
雅加达,Gedung IV Manggala Wanabakti,-6.2064856,106.7992761,45.0,≥40米,未分类,官方(DPMPTSP),,—
雅加达,Apartemen Laguna,-6.1239999,106.7992856,45.0,≥40米,未分类,官方(DPMPTSP),JKT-080,—
雅加达,Pondok Indah Mall 2,-6.2649231,106.7829505,44.9,≥40米,未分类,官方(DPMPTSP),,Jl. Metro Pondok Indah No. - RT 000 RW 000
雅加达,（无名）,-6.1231212,106.7300061,44.9,≥40米,未分类,官方(DPMPTSP),,—
雅加达,Rumah Sakit Pantai Indah Kapuk,-6.1119333,106.7527696,44.9,≥40米,医院,官方(DPMPTSP),,-Jl. Pantai Indah Utara 3 Sektor Utara Timur Blok T PIK Kel. Kapuk Muara Kec. Penjaringan
雅加达,WISMA AKR,-6.1916062,106.7681988,44.8,≥40米,商业类,官方(DPMPTSP),,Jalan Panjang No 5 RT 11 RW 10
雅加达,GEDUNG PELAYANAN KESEHATAN RESPIRASI IBU DAN ANAK RSUP PERSAHABATAN,-6.2046499,106.8851026,44.8,≥40米,医院,官方(DPMPTSP),,JL. PERSAHABATAN RAYA NO. 1 RT 016 RW 013
雅加达,1 @ Cik Ditiro,-6.1937683,106.8367587,44.7,≥40米,综合体,官方(DPMPTSP),,"Jl. Teuku Cik Ditiro No.1, RT.1/RW.2, Gondangdia, Kec. Menteng, Kota Jakarta Pusat"
雅加达,Kondominium Menara Kelapa Gading Tower C,-6.1699697,106.9163287,44.7,≥40米,综合体,官方(DPMPTSP),,"Jl. Pegangsaan Dua No.88, RT.11/RW.16"
雅加达,Gedung A,-6.1872096,106.7589116,44.7,≥40米,写字楼,官方(DPMPTSP),,Jalan Pilar Mas Raya Kav. A-D Rt. 005 Rw. 003
雅加达,GEDUNG PERAWATAN 2,-6.1855929,106.7995394,44.7,≥40米,医院,官方(DPMPTSP),,JL. LETJEN S. PARMAN KAV. 87 RT. 001 RW. 008
雅加达,Kemenkes RI Dirjen Tenaga Kesehatan,-6.2384967,106.7941686,44.6,≥40米,写字楼,官方(DPMPTSP),,Jl. Hang Jebat III No.4
雅加达,（无名）,-6.1693768,106.8269158,44.6,≥40米,未分类,官方(DPMPTSP),JKT-081,—
雅加达,KMKG TOWER A,-6.1695258,106.9161178,44.6,≥40米,综合体,官方(DPMPTSP),,"Jl. Pegangsaan Dua No.88, RT.11/RW.16"
雅加达,FM1 Boutique Hotel,-6.1725404,106.7902653,44.6,≥40米,酒店,官方(DPMPTSP),,"Jl. Letjen S. Parman No.3 Kav 8 RT.3/RW.8, Tomang, Grogol Petamburan, Kota Jakarta Barat, Daerah Khusus Ibukota Jakarta 11440"
雅加达,RS ATMA JAYA,-6.1264717,106.7927724,44.6,≥40米,医院,官方(DPMPTSP),,"Jl. Pluit Raya No.2 21, RT.7/RW.8"
雅加达,Aster,-6.1544569,106.8515556,44.5,≥40米,综合体,官方(DPMPTSP),,Jl. Benyamin Sueb RT 09 RW 12
雅加达,Pusat Grosir Asemka (Gedung Biru),-6.1401468,106.8117836,44.5,≥40米,商场,官方(DPMPTSP),,"Jl. Kali Besar Timur No.1 RT 003/RW 006, Pinangsia, Taman Sari, Jakarta Barat, DKI Jakarta, 11110"
雅加达,（无名）,-6.1843117,106.9192297,44.5,≥40米,未分类,官方(DPMPTSP),,—
雅加达,GEDUNG B,-6.2557376,106.8630835,44.5,≥40米,医院,官方(DPMPTSP),,"Jl. Dewi Sartika III No.200, RT.1/RW.3, Cawang, Kec. Kramat jati, Kota Jakarta Timur, Daerah Khusus Ibukota Jakarta 13640"
雅加达,DWB Tower,-6.3000063,106.8322011,44.4,≥40米,写字楼,官方(DPMPTSP),,Jalan Kebagusan 1 No. 6 RT.2/RW.1
雅加达,HOTEL MAHARANI,-6.2461068,106.8266508,44.4,≥40米,酒店,官方(DPMPTSP),,JL. MAMPANG PRAPATAN RAYA NO. 8 RT. 010 RW. 002
雅加达,Plaza Kenari Mas,-6.1917456,106.8485077,44.4,≥40米,商业/店铺,官方(DPMPTSP),,Jl Kramat Raya No 11 RT 18 RW 1
雅加达,Tower C,-6.1447283,106.8304739,44.4,≥40米,写字楼,官方(DPMPTSP),,Jl. Pangeran Jayakarta no. 55
雅加达,Tower B Rusunawa BLK Pasar Rebo,-6.3116782,106.8633779,44.4,≥40米,公寓,官方(DPMPTSP),,JL. RAYA BOGOR KM. 24 RT. 008/001
雅加达,ELYSEE,-6.2259097,106.813102,44.3,≥40米,商场,官方(DPMPTSP),,"Jalan Jenderal Sudirman, Kav. 52-53, Lot. 21"
雅加达,Apartemen Mediterania Lagoon,-6.1538786,106.8530441,44.3,≥40米,综合体,官方(DPMPTSP),JKT-067,Jalan Convair Kav. 1 RT.013 RW.06
雅加达,（无名）,-6.1081591,106.9488208,44.3,≥40米,未分类,官方(DPMPTSP),,—
雅加达,Citywalk Gajah Mada (Holiday Inn & Suites Jakarta Gajah Mada),-6.1451405,106.8146899,44.3,≥40米,其他,官方(DPMPTSP),,"Jl. Gajah Mada No. 211-212 RT 001/RW 001, Glodok, Taman Sari, Jakarta Barat, DKI Jakarta, 11120"
雅加达,RUMAH SAKIT PURI INDAH,-6.1861894,106.7353765,44.3,≥40米,医院,官方(DPMPTSP),,JL. PURI INDAH RAYA BLOK S NO 2
雅加达,Mugi Griya,-6.2427501,106.8488247,44.2,≥40米,写字楼,官方(DPMPTSP),,"Jl. Letjen M.T. Haryono, Kav. 10 RT.11/RW.5"
雅加达,PT Corim Digital Unity,-6.2536822,106.8328596,44.2,≥40米,未分类,官方(DPMPTSP),,—
雅加达,Asrama Pusdiklat Pajak,-6.188791,106.7845276,44.2,≥40米,公寓,官方(DPMPTSP),,"Jl. Kemanggisan Utama Raya No.1, RT.007 RW.009"
雅加达,Kota Kasablanka (Mall),-6.2230447,106.8428564,44.1,≥40米,商场,官方(DPMPTSP),,Jl. Casablanca Raya Kav. 9 - 10
雅加达,Gedung Pullman Jakarta Indonesia,-6.1932918,106.8236848,44.1,≥40米,酒店,官方(DPMPTSP),,Jl. MH. THAMRIN NO.59
雅加达,Lembaga Alkitab Indonesia,-6.1962786,106.8499825,44.1,≥40米,写字楼,官方(DPMPTSP),,Jl. Salemba Raya No. 12
雅加达,Hotel Mega Anggrek,-6.1853071,106.7897713,44.1,≥40米,酒店,官方(DPMPTSP),,"Jl. Arjuna Sel. No.4, RT.2/RW.8"
雅加达,Gedung B,-6.1593935,106.8154287,44.1,≥40米,写字楼,官方(DPMPTSP),,"Komplek Perkantoran PGN, Jl. Kyai Haji Zainul Arifin No.20, RT.8/RW.7, Krukut, Kec. Taman Sari, Kota Jakarta Barat, Daerah Khusus Ibukota Jakarta 11140"
雅加达,Graha Lukisan,-6.3013184,106.8888067,44.1,≥40米,未分类,官方(DPMPTSP),,—
雅加达,Apartemen Permata Safir,-6.2221209,106.7817041,44.0,≥40米,公寓,官方(DPMPTSP),,Jln. Permata Safir Blok W/9 RT.04/RW.02
雅加达,Bangunan masih dalam proses pembangunan,-6.2025365,106.8449155,44.0,≥40米,写字楼,官方(DPMPTSP),,Jl. Proklamasi No. 46
雅加达,Tower D,-6.1275246,106.8288587,44.0,≥40米,未分类,官方(DPMPTSP),,—
雅加达,Tempo Pavilion 2,-6.2277363,106.8325803,43.9,≥40米,商业类,官方(DPMPTSP),,"Jl. HR. Rasuna Said Blok X-5 Kav. 10, RT. 07, RW. 02"
雅加达,Gedung Ventura,-6.2914347,106.7922403,43.9,≥40米,写字楼,官方(DPMPTSP),,"Jl. R.A. Kartini No.26, RT.12/RW.6, Cilandak Bar., Kec. Cilandak, Kota Jakarta Selatan, Daerah Khusus Ibukota Jakarta 12430"
雅加达,ITC CEMPAKA MAS MEGA GROSIR,-6.1645251,106.8775199,43.9,≥40米,商场,官方(DPMPTSP),,JL. LETJEN. SUPRAPTO KAV. 1/ YOS SUDARSO
雅加达,Nam Center,-6.1547421,106.8464175,43.9,≥40米,酒店,官方(DPMPTSP),,Jalan Angkasa Blok B No. 6 RW 010
雅加达,De Ploeit Centrale,-6.1246333,106.7969406,43.9,≥40米,未分类,官方(DPMPTSP),,—
雅加达,Hotel Zia Sanno,-6.1242595,106.7992824,43.9,≥40米,未分类,官方(DPMPTSP),JKT-080,—
雅加达,Mall Ciputra,-6.168394,106.7863045,43.9,≥40米,商场,官方(DPMPTSP),,Jalan Letjen S. Parman RT.011 RW.001
雅加达,PGC,-6.2625907,106.8658314,43.9,≥40米,商业/店铺,官方(DPMPTSP),,JL. MAYJEN SUTOYO 76 KEL CILILITAN KEC JRAMAT JATI JAKARTA TIMUR
雅加达,WISMA RAHARJA,-6.291461,106.809447,43.8,≥40米,写字楼,官方(DPMPTSP),,JL. T.B. SIMATPANG KAV.1 RT 003 RW 003 KEL. CILANDAK TIMUR KEC. PASAR MINGGU JAKARTA SELATAN
雅加达,Rumah Susun Pasar Rumput,-6.2077875,106.8403229,43.8,≥40米,公寓,官方(DPMPTSP),,—
雅加达,Tempo,-6.2087742,106.7901251,43.8,≥40米,写字楼,官方(DPMPTSP),,Jl. Palmerah Barat No.8
雅加达,Konferensi Waligereja Indonesia,-6.1864096,106.8349208,43.8,≥40米,写字楼,官方(DPMPTSP),,Jl. Cut Mutiah No.10
雅加达,Musholah Baitul Ridho,-6.1243051,106.8002267,43.8,≥40米,未分类,官方(DPMPTSP),JKT-082,—
雅加达,Rumah Sakit Pluit,-6.1248844,106.7997093,43.8,≥40米,未分类,官方(DPMPTSP),,—
雅加达,GRHA MUNCUL MEKAR,-6.2095723,106.7711971,43.7,≥40米,写字楼,官方(DPMPTSP),,JL PANJANG ARTERI KELAPA DUA RAYA
雅加达,Kementerian Koordinator Bidang Perekonomian,-6.1744214,106.8222315,43.6,≥40米,未分类,官方(DPMPTSP),,—
雅加达,Cemara,-6.1278669,106.7897523,43.6,≥40米,综合体,官方(DPMPTSP),,"Jl. Pluit Selatan Raya, RT.23/RW.8"
雅加达,（无名）,-6.1254571,106.9431172,43.6,≥40米,未分类,官方(DPMPTSP),,—
雅加达,TWINK BUILDING,-6.2405513,106.8237111,43.5,≥40米,写字楼,官方(DPMPTSP),,Jl. Kapten Tendean No. 82
雅加达,PMTA,-6.1867316,106.8159198,43.5,≥40米,商场,官方(DPMPTSP),,JL. H. FACHRUDIN NO 51
雅加达,PLAZA KENARI MAS,-6.1912637,106.8486619,43.5,≥40米,商业/店铺,官方(DPMPTSP),,JL Kramat Raya No 11  RT 18 RW 01
雅加达,Kobexindo,-6.1249543,106.8513248,43.5,≥40米,写字楼,官方(DPMPTSP),,JL. Pasir putih raya Blok E.5.D
雅加达,Grand Tjokro,-6.165711,106.7817331,43.5,≥40米,酒店,官方(DPMPTSP),,Jalan Daan Mogot Raya No. 63 RT.005 RW.001
雅加达,PSW Tower,-6.2848648,106.8067717,43.4,≥40米,综合体,官方(DPMPTSP),,"Jl. Pangeran Antasari No.75, RT.12/RW.13, Kel. Cilandak Barat., Kec. Cilandak, Kota Jakarta Selatan, Daerah Khusus Ibukota Jakarta 12430"
雅加达,（无名）,-6.1758081,106.8215829,43.4,≥40米,未分类,官方(DPMPTSP),,—
雅加达,Tower B,-6.1444035,106.8306899,43.4,≥40米,写字楼,官方(DPMPTSP),,Jl. Pangeran Jayakarta no. 55
雅加达,Mall Emporium Pluit,-6.1271054,106.7907876,43.4,≥40米,商场,官方(DPMPTSP),,Jl. Pluit Selatan Raya RT 002 RW 008
雅加达,Mall Ciputra,-6.1685045,106.7870018,43.4,≥40米,商场,官方(DPMPTSP),,Jalan Letjen S. Parman RT.011 RW.001
雅加达,GEDUNG KEMENSOS,-6.254668,106.8706194,43.4,≥40米,写字楼,官方(DPMPTSP),,"Jl. Mayjen Sutoyo No.4, RT.1/RW.11"
雅加达,Wisma Bakrie I,-6.2128759,106.82981,43.3,≥40米,写字楼,官方(DPMPTSP),,"Wisma Bakrie I, Jl. HR Rasuna Said Kav B-1 RT.05 / RW.05"
雅加达,Mandala Finance,-6.1831774,106.8332917,43.3,≥40米,写字楼,官方(DPMPTSP),,"Jl. Menteng Raya No. 24 A-B Rt. 01, Rw. 09, Kel. Kebon Sirih, Kec. Menteng, Jakarta Pusat."
雅加达,Verse Luxe Hotel Wahid Hasyim,-6.1873192,106.8214219,43.3,≥40米,酒店,官方(DPMPTSP),,"Jl. K.H. Wahid Hasyim No.131 9, RT.9/RW.2, Kb. Kacang, Kecamatan Tanah Abang, Kota Jakarta Pusat, Daerah Khusus Ibukota Jakarta 10240"
雅加达,BRI,-6.1859711,106.8345957,43.3,≥40米,未分类,官方(DPMPTSP),,—
雅加达,Telkomsel TCC Buaran,-6.2218562,106.9239361,43.3,≥40米,写字楼,官方(DPMPTSP),,"Jalan Raden Inten II, RT. 009 RW. 015"
雅加达,KRAKATAU STEEL,-6.2388496,106.8316828,43.2,≥40米,写字楼,官方(DPMPTSP),,"Jl. Gatot Subroto Kav.54, Jakarta 12950"
雅加达,PLAZA SINAR MAS,-6.1832232,106.8153299,43.2,≥40米,写字楼,官方(DPMPTSP),,JL. KH. FACHRUDIN NO 18-20
雅加达,ITC Mangga Dua,-6.1351875,106.8247393,43.2,≥40米,商场,官方(DPMPTSP),,Jl. Mangga Dua Raya
雅加达,MALL TAMAN PALEM,-6.1396229,106.7310499,43.2,≥40米,商场,官方(DPMPTSP),,JL LINGKAR LUAR BARAT RT 013 RW 010
雅加达,Ventricle Building,-6.1855867,106.799188,43.2,≥40米,医院,官方(DPMPTSP),,Jl. Letjend S.Parman Kav. 87 RT. 001 RW. 008
雅加达,PT ASDP INDONESIA FERRY,-6.1845572,106.8748251,43.1,≥40米,写字楼,官方(DPMPTSP),,"Jalan Jendral A. Yani Kav No.52 A, RT.10/RW.2 10510"
雅加达,Rumah Sakit Pluit,-6.1257479,106.7994915,43.1,≥40米,医院,官方(DPMPTSP),,—
雅加达,Rumah Sakit UKRIDA,-6.1851284,106.7807374,43.1,≥40米,医院,官方(DPMPTSP),,Jl. Arjuna Utara No. 06 RT. 006 RW. 002
雅加达,TEMPO PAVILION 1,-6.228253,106.8326028,43.0,≥40米,写字楼,官方(DPMPTSP),,JL. HR. RASUNA SAID KAV. 10 (D/H JL.  RANGKAYO RASUNA SAID  BLOK X.5 NO. 11 SISA) RT.007 RW.02 KEL. KUNINGAN TIMUR KEC. SETIABUDI JAKARTA SELATAN
雅加达,The Residences at Dharmawangsa,-6.2523432,106.8045407,43.0,≥40米,综合体,官方(DPMPTSP),,Jl. Dharmawangsa Raya No. 39
雅加达,PASAR PAGI MANGGA DUA,-6.1359964,106.8224377,43.0,≥40米,商场,官方(DPMPTSP),,Jl. Mangga Dua Raya RT. 009/004
雅加达,TOWER B,-6.1280128,106.7123859,43.0,≥40米,公寓,官方(DPMPTSP),,Jl. Citra Garden City 6 No. 5 4 RT. 004 RW. 005
雅加达,Balai Kesehatan Carolus,-6.195496,106.8506639,43.0,≥40米,医院,官方(DPMPTSP),,Jl Salemba Raya No 41 RT 3 RW 5
雅加达,ASRAMA KEJAKSAAN,-6.3062356,106.8218645,42.9,≥40米,综合体,官方(DPMPTSP),,JL. HARSONO RM NO.59 RT.006 RW.007
雅加达,Tawada Healthcare,-6.2130586,106.7781497,42.9,≥40米,写字楼,官方(DPMPTSP),,"Jl. Kebayoran Lama No. 338, RT 12 RW 09,Kel. Sukabumi Utara, Kec. Kebon Jeruk, Jakarta Barat"
雅加达,BCA,-6.2006988,106.8542751,42.9,≥40米,写字楼,官方(DPMPTSP),,Jalan Matraman Raya Kav. 14-16 RT. 004 RW. 01
雅加达,Mall of Indonesia,-6.1508893,106.8918681,42.8,≥40米,未分类,官方(DPMPTSP),,—
雅加达,AKR Gallery West Townhouse,-6.191931,106.7678949,42.8,≥40米,综合体,官方(DPMPTSP),,JL. PANJANG NO. 5 / JL. PERJUANGAN RT.11/10
雅加达,Orang Tua Group,-6.1657034,106.7281453,42.8,≥40米,写字楼,官方(DPMPTSP),,Jl. Lingkar Luar Barat Kav. 35-36
雅加达,Kartika One Hotel,-6.3445295,106.834031,42.7,≥40米,酒店,官方(DPMPTSP),,"Jl. Raya Lenteng Agung No.18, RT.10/RW.2"
雅加达,KOMPAS GRAMEDIA,-6.2113669,106.7954619,42.7,≥40米,写字楼,官方(DPMPTSP),,Jl. Palmerah Selatan No. 22-28
雅加达,Gedung C,-6.1987808,106.8513404,42.7,≥40米,其他,官方(DPMPTSP),,"Jl. Salemba Raya No.28A, RT.5/RW.6, Kenari, Kec. Senen, Kota Jakarta Pusat, Daerah Khusus Ibukota Jakarta 10430"
雅加达,MALL MEGA GLODOK KEMAYORAN,-6.1546986,106.8494947,42.7,≥40米,商业/店铺,官方(DPMPTSP),,Jalan Rendani No. 3 RW 10
雅加达,Balairung Kirana Hotel Kartika Chandra,-6.2277614,106.8191651,42.6,≥40米,酒店,官方(DPMPTSP),,"Jl. Gatot Subroto No.18-20 8, RT.8/RW.2, Karet Semanggi, Kecamatan Setiabudi, Kota Jakarta Selatan, Daerah Khusus Ibukota Jakarta 12930"
雅加达,Gedung Nusantara III,-6.2090402,106.8007179,42.6,≥40米,未分类,官方(DPMPTSP),,—
雅加达,Apartemen Menteng Square (TOWER C),-6.200131,106.852417,42.6,≥40米,公寓,官方(DPMPTSP),,JL. MATRAMAN RAYA
雅加达,Vinilon Building,-6.1908446,106.8440941,42.6,≥40米,写字楼,官方(DPMPTSP),,Jl. Raden Saleh Kav. 13-17
雅加达,Masjid Jami Batu Ceper,-6.1618698,106.8206272,42.6,≥40米,未分类,官方(DPMPTSP),,—
雅加达,Panin Dai-ichi Life Center,-6.1839556,106.7976616,42.6,≥40米,写字楼,官方(DPMPTSP),,JL. LETJEND S. PARMAN KAV. 91 RT. 001 RW.008
雅加达,Tower Alpinia,-6.2639736,106.8133613,42.5,≥40米,综合体,官方(DPMPTSP),,"Jl. Taman Kemang Jaya No.9, RT.9/RW.2, Bangka, Kec. Mampang Prpt., Kota Jakarta Selatan, Daerah Khusus Ibukota Jakarta 12730"
雅加达,Hotel Kristal,-6.2834631,106.7910585,42.5,≥40米,酒店,官方(DPMPTSP),,Jl. Terogong Raya No. 17
雅加达,Ahley Tugu Tani,-6.1836594,106.8337611,42.5,≥40米,酒店,官方(DPMPTSP),,Jl. K.H Wahid Hasyim no. 4a
雅加达,Gedung A. Yani,-6.1779172,106.8213014,42.5,≥40米,未分类,官方(DPMPTSP),,—
雅加达,Hotel Orchardz Industri,-6.1477176,106.8359936,42.5,≥40米,酒店,官方(DPMPTSP),,"Jl. Industri Raya No.8, RT.7/RW.3"
雅加达,Swiss-Belinn Kemayoran,-6.1494283,106.8504701,42.5,≥40米,酒店,官方(DPMPTSP),,"Jl. Benyamin Suaeb Blok D6,Kel. Pademangan Timur, Kec. Pademangan, Jakarta Utara, Daerah Khusus Ibukota Jakarta 14410"
雅加达,RSUD Pasar Rebo Gedung D,-6.3030871,106.8621994,42.5,≥40米,医院,官方(DPMPTSP),,Jl. TB. Simatupang No. 30 RT. 009 RW. 002
雅加达,Epiwalk,-6.2180427,106.8350979,42.4,≥40米,商业/店铺,官方(DPMPTSP),,"Jl. Epicentrum Boulevard Bar., RT.2/RW.5, Karet Kuningan, Kecamatan Setiabudi, Kota Jakarta Selatan, Daerah Khusus Ibukota Jakarta 12940"
雅加达,Pusat Kurikulum dan Pembukuan,-6.1713359,106.8397662,42.4,≥40米,未分类,官方(DPMPTSP),,—
雅加达,Cikini Gold Center,-6.198039,106.8418233,42.4,≥40米,商业/店铺,官方(DPMPTSP),,Jl. Pegangsaan Timur
雅加达,Central Park Mall 2,-6.175228,106.790064,42.4,≥40米,未分类,官方(DPMPTSP),JKT-032,—
雅加达,Rumah Sakit Khusus Duren Sawit,-6.2323615,106.9094348,42.4,≥40米,医院,官方(DPMPTSP),,Jl. Duren Sawit Baru No. 2 RT 016 RW 006
雅加达,Gereja Reformed Injili Indonesia,-6.1531698,106.8433833,42.3,≥40米,写字楼,官方(DPMPTSP),,Jalan Industri Blok B 14 Kav 1 RW 010
雅加达,Landmark Pluit,-6.1246409,106.7998285,42.3,≥40米,写字楼,官方(DPMPTSP),,Jl. Pluit Selatan Raya
雅加达,Kompas Gramedia,-6.1947709,106.7682415,42.3,≥40米,写字楼,官方(DPMPTSP),,JL. PANJANG 8 A RT.005 RW.010
雅加达,MALL TAMAN PALEM,-6.1397426,106.7322276,42.3,≥40米,商场,官方(DPMPTSP),,JL LINGKAR LUAR BARAT RT 013 RW 010
雅加达,Pusat Grosir Asemka (Gedung Biru),-6.1402769,106.8123507,42.3,≥40米,商场,官方(DPMPTSP),,"Jl. Kali Besar Timur No.1 RT 003/RW 006, Pinangsia, Taman Sari, Jakarta Barat, DKI Jakarta, 11110"
雅加达,PGC,-6.262231,106.8657629,42.3,≥40米,商业/店铺,官方(DPMPTSP),,JL. MAYJEN SUTOYO 76 KEL CILILITAN KEC KRAMAT JATI JAKARTA TIMUR
雅加达,KLINIK UTAMA Dr. INDRAJANA,-6.1764882,106.8170716,42.3,≥40米,医院,官方(DPMPTSP),,Jl. Tanah Abang III No.18_A
雅加达,Menara Mandiri Tower 2 // PLAZA BAPINDO,-6.2248741,106.8080661,42.2,≥40米,写字楼,官方(DPMPTSP),,"Jl. Jend. Sudirman No.54-55 RT.5/RW.3, Senayan Kec. Kby. Baru Kota Jakarta Selatan, Daerah Khusus Ibukota Jakarta 12190"
雅加达,GRAHA SAPTA INDRA,-6.2917096,106.797763,42.2,≥40米,写字楼,官方(DPMPTSP),,JL. LET. JEND. TB. SIMATUPANG KAV.18 (D/H. JL. OUTO RING ROAD)
雅加达,Town House Building,-6.200377,106.8220547,42.2,≥40米,写字楼,官方(DPMPTSP),,Jl. Sungai Gerong No.1A
雅加达,Prodia Tower,-6.188778,106.845549,42.2,≥40米,其他,官方(DPMPTSP),,Jl. Kramat Raya No. 150
雅加达,KYK BUILDING,-6.1667478,106.8101223,42.2,≥40米,写字楼,官方(DPMPTSP),,Jl. Cideng Barat 32-33
雅加达,GEDUNG HEAD PELINDO,-6.1081541,106.8833388,42.2,≥40米,写字楼,官方(DPMPTSP),JKT-083,JL. Raya Pelabuhan No. 9
雅加达,Paris Garden,-6.1511877,106.8929399,42.2,≥40米,未分类,官方(DPMPTSP),,—
雅加达,TATALOGAM TOWER,-6.1889423,106.7712594,42.2,≥40米,写字楼,官方(DPMPTSP),,Jl. Arjuna Utara No. 89 RT. 009 RW. 001
雅加达,Kota Kasablanka (Mall),-6.2236052,106.8432326,42.1,≥40米,非住宅,官方(DPMPTSP),,Jl. Casablanca Raya Kav. 9 - 10
雅加达,Holiday Inn Expres Jakarta International Expo,-6.1435252,106.8452554,42.1,≥40米,酒店,官方(DPMPTSP),,"Area Pekan Raya Jakarta, Jl. Benyamin Suaeb"
雅加达,Graha Abadi,-6.1615614,106.8304452,42.1,≥40米,写字楼,官方(DPMPTSP),,"Jl. Samanhudi No.57, RT.1 RW.7"
雅加达,Lawu Tower,-6.1594071,106.8184474,42.1,≥40米,写字楼,官方(DPMPTSP),,"JL. GAJAH MADA NO. 27A RT. 002/RW. 07 KRUKUT, TAMANSARI, JAKARTA BARAT, 11140"
雅加达,Tower B1,-6.205636,106.9296694,42.1,≥40米,公寓,官方(DPMPTSP),,"Jl. Penggilingan, RT. 6/RW. 10, Penggilingan, Kec. Cakung, Kota Jakarta Timur, Daerah Khusus Ibukota Jakarta 13940"
雅加达,GOZCO,-6.2480853,106.8423542,42.0,≥40米,写字楼,官方(DPMPTSP),,Jl. KH. Guru Amin NO.32 RT.007 RW.004
雅加达,Gedung Arsip & Ekspedisi BI,-6.1824372,106.8207291,42.0,≥40米,未分类,官方(DPMPTSP),,—
雅加达,KPP Jakarta Gambir Dua & KPP Jakarta Gambir Tiga,-6.1640583,106.8188504,42.0,≥40米,未分类,官方(DPMPTSP),,—
雅加达,Rusun Kelapa Gading Timur,-6.1745489,106.9068083,42.0,≥40米,公寓,官方(DPMPTSP),,"Jl. Bangun Cipta Sarana No.15, RT.5/RW.6, Klp. Gading Tim., Kec. Klp. Gading, Jkt Utara, Daerah Khusus Ibukota Jakarta 14240"
雅加达,RS EMC GRHA KEDOYA,-6.1683842,106.7650346,42.0,≥40米,医院,官方(DPMPTSP),,JL PANJANG ARTERI NO. 26 RT 015 RW 007
雅加达,GIESMART PLAZA,-6.2479865,106.8433119,41.9,≥40米,写字楼,官方(DPMPTSP),,Jl. KH. Guru Amin No.17 A RT.007 RW.009
雅加达,Masjid Al Ikhsan,-6.2275181,106.8163829,41.9,≥40米,未分类,官方(DPMPTSP),,—
雅加达,PT NTT INDONESIA NEXCENTER,-6.238188,106.8232978,41.9,≥40米,综合体,官方(DPMPTSP),,"Jl. Kuningan Barat Raya No.8, RT.1/RW.3"
雅加达,Hotel Classic,-6.1611846,106.829572,41.9,≥40米,酒店,官方(DPMPTSP),,"Jl. Samanhudi No.43-45, RT.1/RW.7"
雅加达,Mercure Hotel and Convention,-6.1223812,106.8371368,41.9,≥40米,酒店,官方(DPMPTSP),,Jl. Pantai Indah Ancol Taman Impian
雅加达,Mall of Indonesia,-6.1513142,106.8926139,41.9,≥40米,未分类,官方(DPMPTSP),JKT-084,—
雅加达,Graha KNS,-6.1567109,106.8980146,41.9,≥40米,写字楼,官方(DPMPTSP),,Jl. Boulevard Barat Blok XC 5-6 No. A
雅加达,MANGGA DUA SQUARE,-6.1385515,106.831921,41.9,≥40米,商场,官方(DPMPTSP),,"Jalan Gunung Sahari No. 1, Kelurahan Ancol, Kecamatan Pademangan, Jakarta Utara"
雅加达,（无名）,-6.1078359,106.7369847,41.8,≥40米,未分类,官方(DPMPTSP),,—
雅加达,Jubilee School,-6.149863,106.8587118,41.8,≥40米,未分类,官方(DPMPTSP),,—
雅加达,（无名）,-6.1047096,106.9420984,41.8,≥40米,未分类,官方(DPMPTSP),,—
雅加达,Gereja Tiberias,-6.1504517,106.904043,41.8,≥40米,未分类,官方(DPMPTSP),,—
雅加达,PGC,-6.2626344,106.8654606,41.8,≥40米,商业/店铺,官方(DPMPTSP),,JL. MAYJEN SUTOYO 76 KEL CILILITAN KEC KRAMAT JATI JAKARTA TIMUR
雅加达,United Tractors,-6.1844873,106.9311136,41.8,≥40米,写字楼,官方(DPMPTSP),,Jl. Raya Bekasi KM. 22 Head Office RT.001 RW.001
雅加达,Klinik Aditya,-6.2423671,106.8034954,41.7,≥40米,未分类,官方(DPMPTSP),,—
雅加达,Gedung Asean Tower,-6.1629035,106.829129,41.7,≥40米,写字楼,官方(DPMPTSP),,Jl. Samanhudi No.10
雅加达,Kost Mandala 1,-6.2015076,106.7822326,41.7,≥40米,公寓,官方(DPMPTSP),,Jalan Mandala No 3 RT 1 RW 9
雅加达,Four Seasons Hotel Jakarta,-6.2325172,106.8196345,41.6,≥40米,未分类,官方(DPMPTSP),JKT-045,—
雅加达,Hotel Maharaja,-6.2406572,106.8248158,41.6,≥40米,酒店,官方(DPMPTSP),,Jl. Kapten Tendean No. 1 RT 005 RW 001
雅加达,GEDUNG WARNA-WARNI,-6.1999712,106.8236085,41.6,≥40米,写字楼,官方(DPMPTSP),,JLN BLORA NO 10
雅加达,Tower 3,-6.2051353,106.810914,41.6,≥40米,公寓,官方(DPMPTSP),,Jalan Karet Pasar Baru Barat 1 RT.13 RW.07
雅加达,MALL MEGA GLODOK KEMAYORAN,-6.1544558,106.8491482,41.6,≥40米,商业/店铺,官方(DPMPTSP),,Jalan Rendani No. 3 RW 10
雅加达,（无名）,-6.1075818,106.9136707,41.6,≥40米,未分类,官方(DPMPTSP),,—
雅加达,BUMI ASIH JAYA,-6.2112631,106.8610403,41.6,≥40米,写字楼,官方(DPMPTSP),,Jl. Matraman Raya No.147
雅加达,Gedung Graha Inti,-6.2390402,106.8932502,41.6,≥40米,未分类,官方(DPMPTSP),,—
雅加达,Unit IV,-6.2170556,106.8281238,41.5,≥40米,未分类,官方(DPMPTSP),,—
雅加达,Transmedia,-6.2414134,106.8297973,41.5,≥40米,写字楼,官方(DPMPTSP),,Jl Kapten Tendean No.12A Rt.002 Rw.002
雅加达,Patra Trading,-6.1867605,106.8267324,41.5,≥40米,写字楼,官方(DPMPTSP),,Jl. KH. Wahid Hasyim No. 100-102
雅加达,GEDUNG D,-6.2968922,106.8222247,41.4,≥40米,写字楼,官方(DPMPTSP),,JL. HARSONO RM NO.3 RT.009 RW.004
雅加达,Menteng Regency,-6.1886981,106.8356172,41.4,≥40米,综合体,官方(DPMPTSP),,Jl. RP. Soeroso No.10-12 RT 10/05
雅加达,（无名）,-6.1137688,106.8667227,41.4,≥40米,未分类,官方(DPMPTSP),,—
雅加达,（无名）,-6.1457002,106.9310715,41.4,≥40米,未分类,官方(DPMPTSP),,—
雅加达,Graha Kencana,-6.1909041,106.7649,41.4,≥40米,写字楼,官方(DPMPTSP),,Jalan Perjuangan No 88 RT 11 RW 10
雅加达,Glodok Plaza,-6.1422479,106.8167636,41.4,≥40米,商业/店铺,官方(DPMPTSP),,"Jl. Pinangsia Raya No.1, RT.1/RW.6,"
雅加达,CMU 1,-6.1973765,106.846379,41.4,≥40米,医院,官方(DPMPTSP),,Jl. Pangeran Diponegoro No. 71
雅加达,Masjid Al Ikhsan,-6.2272635,106.8159277,41.3,≥40米,未分类,官方(DPMPTSP),,—
雅加达,Pasar Raya,-6.2096923,106.8471524,41.3,≥40米,商场,官方(DPMPTSP),,Jl. Sultan Agung No.1 Rt.002 Rw.008
雅加达,（无名）,-6.1777964,106.8202452,41.3,≥40米,未分类,官方(DPMPTSP),,—
雅加达,（无名）,-6.1572473,106.8482513,41.3,≥40米,未分类,官方(DPMPTSP),,—
雅加达,PELNI,-6.162761,106.8190964,41.3,≥40米,写字楼,官方(DPMPTSP),,Jalan Gajah Mada No. 14
雅加达,Gedung ASEAN Secretariat,-6.2389479,106.7992275,41.2,≥40米,写字楼,官方(DPMPTSP),,"Jl. Sisingamangaraja No.70A 2, RT.2/RW.1, Selong, Kec. Kby. Baru, Kota Jakarta Selatan, Daerah Khusus Ibukota Jakarta 12110"
雅加达,Aston Bellevue Radio Dalam,-6.263988,106.7883887,41.2,≥40米,酒店,官方(DPMPTSP),,"Jl. H. Nawi Raya No.1, RT.3/RW.1, Gandaria Sel., Cilandak, Kota Jakarta Selatan, Daerah Khusus Ibukota Jakarta 12420"
雅加达,The Dharmawangsa Jakarta,-6.2530691,106.8047268,41.2,≥40米,酒店,官方(DPMPTSP),,"Jl. Brawijaya Raya No.26, Pulo, Kec. Kby. Baru, Kota Jakarta Selatan, Daerah Khusus Ibukota Jakarta 12160"
雅加达,Plaza Simatupang,-6.285612,106.7764725,41.2,≥40米,写字楼,官方(DPMPTSP),,Jl. R. A. Kartini
雅加达,（无名）,-6.1856203,106.8247301,41.2,≥40米,未分类,官方(DPMPTSP),,—
雅加达,HDI Hive Menteng,-6.1966686,106.839201,41.2,≥40米,写字楼,官方(DPMPTSP),,"Jl. Probolinggo No.2, RT.1/RW.2, Gondangdia, Menteng, Central Jakarta City, Jakarta 10350"
雅加达,Gedung Slamet Bratanata,-6.1975589,106.8412097,41.2,≥40米,商业类,官方(DPMPTSP),,Jl. Pegangsaan Timur No. 1
雅加达,Kutaraja Hotel,-6.1890355,106.835533,41.2,≥40米,酒店,官方(DPMPTSP),,Jl. RP. Soeroso No. 14 RT 09/05
雅加达,Metro Pasar Baru,-6.1608808,106.8323642,41.2,≥40米,商场,官方(DPMPTSP),,"Jl.. KH. Samanhudi No 117, RT.3/RW.6"
雅加达,Roxy Square,-6.1663984,106.7991596,41.2,≥40米,未分类,官方(DPMPTSP),,"JL. KYAI TAPA NO. 1 RT.010 / RW.10 KEL. TOMANG, KEC. GROGOL PETAMBURAN, JAKARTA BARAT"
雅加达,GREEN SEDAYU APARTEMEN,-6.1393049,106.7281803,41.2,≥40米,公寓,官方(DPMPTSP),JKT-040,JL.LINGKAR LUAR BARAT KOMPLEKS TAMAN PALEM LESTARI
雅加达,Hotel Hayam Wuruk 108,-6.1522482,106.8186506,41.2,≥40米,酒店,官方(DPMPTSP),,"Jl. Hayam Wuruk No.108 RT.001 RW. 009, Maphar, Taman Sari, Jakarta Barat, DKI Jakarta, 11160"
雅加达,GARUDA TV,-6.2912655,106.8132382,41.1,≥40米,写字楼,官方(DPMPTSP),,JL. TB. SIMATUPANG KAV. 20
雅加达,Fave Hotel,-6.1742747,106.8120617,41.1,≥40米,未分类,官方(DPMPTSP),,—
雅加达,Sekretariat RW 02 Kelurahan Joglo,-6.2210452,106.7266487,41.1,≥40米,未分类,官方(DPMPTSP),,—
雅加达,Gedung Ruslan Abdul Gani,-6.1752909,106.8333127,41.0,≥40米,写字楼,官方(DPMPTSP),,Jl. Pejambon No. 6
雅加达,Hotel Zia Sanno,-6.1239887,106.7987103,41.0,≥40米,未分类,官方(DPMPTSP),JKT-066,—
雅加达,Menara Kuningan,-6.2191178,106.8307696,40.9,≥40米,未分类,官方(DPMPTSP),,—
雅加达,Arthama Hotel Wahid-Hasyim Jakarta,-6.1874237,106.8183976,40.9,≥40米,酒店,官方(DPMPTSP),,"Jl. K.H. Wahid Hasyim No.167, RT.2/RW.5, Kb. Kacang, Kecamatan Tanah Abang, Kota Jakarta Pusat, Daerah Khusus Ibukota Jakarta 10240"
雅加达,Graha Askrindo,-6.1561024,106.8443802,40.9,≥40米,写字楼,官方(DPMPTSP),,Jalan Angkasa Blok B No. 9 Kav 8
雅加达,Maxwell Hotel,-6.1468069,106.8314672,40.9,≥40米,酒店,官方(DPMPTSP),,Jl. Pangeran Jayakarta no. 70
雅加达,APARTEMEN CITY PARK TOWER E,-6.1304551,106.7356279,40.9,≥40米,综合体,官方(DPMPTSP),JKT-085,JL MALIBU RAYA RT 007 RW 014
雅加达,IGD RS St. Carolus,-6.1956883,106.8511647,40.9,≥40米,医院,官方(DPMPTSP),,Salemba Raya No 41 RT 3 RW 5
雅加达,Istana Pasar Baru,-6.1639147,106.8327772,40.8,≥40米,未分类,官方(DPMPTSP),,—
雅加达,Pluit Junction,-6.1263415,106.7913333,40.8,≥40米,未分类,官方(DPMPTSP),,—
雅加达,Lelco Building,-6.1785699,106.7985365,40.8,≥40米,写字楼,官方(DPMPTSP),,JL. Tomang Raya No.14 RT. 005 RW.001
雅加达,APARTEMEN CITY PARK TOWER DB,-6.1312936,106.7355209,40.8,≥40米,综合体,官方(DPMPTSP),,JL MALIBU RAYA RT 007 RW 014
雅加达,Wisma Gawi,-6.2122194,106.8286366,40.7,≥40米,未分类,官方(DPMPTSP),,—
雅加达,Goodrich Suites,-6.2643755,106.8087619,40.7,≥40米,酒店,官方(DPMPTSP),,Jl. Pangeran Antasari No. 60 RT.005 RW.009
雅加达,GEDUNG GRAHA ASURANSI ASTRA,-6.2921662,106.7836636,40.7,≥40米,写字楼,官方(DPMPTSP),,JL. LETJEN. TB. SIMATUPANG/ JL. RAYA JAGORAWI KAV. 15
雅加达,Gedung Kompas,-6.2098032,106.7958757,40.7,≥40米,未分类,官方(DPMPTSP),,—
雅加达,KONICA TOWER,-6.1666636,106.8398373,40.7,≥40米,写字楼,官方(DPMPTSP),,JALAN GUNUNG SAHARI RAYA NO 78
雅加达,GBI Mawar Saron,-6.1465552,106.9131992,40.7,≥40米,未分类,官方(DPMPTSP),,—
雅加达,Hotel Zia Sanno,-6.1248779,106.798687,40.7,≥40米,未分类,官方(DPMPTSP),JKT-068,—
雅加达,Blue Green Office Tower,-6.1768113,106.7292055,40.7,≥40米,写字楼,官方(DPMPTSP),,Jl. Lingkar Luar Barat No. 88 Rt. 006 Rw. 001 Kel. Kembangan Utara Kec. Kembangan Jakarta Barat 11610
雅加达,APARTEMEN CITY PARK TOWER B,-6.1315683,106.7353941,40.7,≥40米,综合体,官方(DPMPTSP),,JL MALIBU RAYA RT 007 RW 014
雅加达,PGC,-6.2620662,106.8650574,40.7,≥40米,商业/店铺,官方(DPMPTSP),,JL. MAYJEN SUTOYO 76 KEL CILILITAN KEC JRAMAT JATI JAKARTA TIMUR
雅加达,Gedung RS Adhyaksa,-6.3078768,106.8927165,40.7,≥40米,医院,官方(DPMPTSP),,Jl. Hankam Raya No. 60 RT. 007 RW. 002
雅加达,Ombudsman RI Perwakilan Jakarta Raya,-6.2192516,106.8320268,40.6,≥40米,写字楼,官方(DPMPTSP),,"Jalan HR. Rasuna Said Kav. C19, RT.1/RW.5, Karet Kuningan, Kecamatan Setiabudi, Kota Jakarta Selatan, Daerah Khusus Ibukota Jakarta 12920"
雅加达,Thamrin Residences,-6.1973295,106.8168953,40.6,≥40米,综合体,官方(DPMPTSP),JKT-018,"Jl. Kebon Kacang Raya No.3, RT.3/RW.8"
雅加达,Wisma Purna Batara,-6.1773977,106.8154651,40.6,≥40米,写字楼,官方(DPMPTSP),,Jl. Kesehatan No. 56-58 RT. 002 RW. 004
雅加达,GEDUNG BANK UOB,-6.1676104,106.8202084,40.6,≥40米,写字楼,官方(DPMPTSP),,Jl. Gajah Mada No. 1A
雅加达,（无名）,-6.1558789,106.8410025,40.6,≥40米,未分类,官方(DPMPTSP),,—
雅加达,Best Western Mangga Dua Hotel & Residence,-6.1400404,106.8272166,40.6,≥40米,酒店,官方(DPMPTSP),JKT-023,Jl. Mangga Dua Abdad / Jl. Pangeran Jayakarta No.111 RT 011RW 007
雅加达,ASTRA TOWER GEDUNG B,-6.1366915,106.886958,40.6,≥40米,写字楼,官方(DPMPTSP),,JL. GAYA MOTOR RAYA NO. 8
雅加达,（无名）,-6.1062186,106.909489,40.6,≥40米,未分类,官方(DPMPTSP),,—
雅加达,KOST KROWN,-6.1546588,106.8259344,40.6,≥40米,公寓,官方(DPMPTSP),,Jl. Mangga Besar VIII No.36-38
雅加达,Chubb Square,-6.1990241,106.8221427,40.5,≥40米,写字楼,官方(DPMPTSP),,"Jl. M.H. Thamrin No 10, Kel. Kebon Melati, Kec. Tanah Abang, Kota Adm. Jakarta Pusat;"
雅加达,Balai KSDA Provinsi DKI Jakarta,-6.1928093,106.8491703,40.5,≥40米,写字楼,官方(DPMPTSP),,Jl Salemba Raya no 8 RT 1 RW 03
雅加达,（无名）,-6.1249069,106.7488538,40.5,≥40米,未分类,官方(DPMPTSP),,—
雅加达,MALL TAMAN PALEM,-6.1395276,106.7314503,40.5,≥40米,商场,官方(DPMPTSP),,JL LINGKAR LUAR BARAT RT 013 RW 010
雅加达,GEDUNG,-6.2262841,106.8664272,40.5,≥40米,酒店,官方(DPMPTSP),,JL OTTO ISKANDAR DINATA
雅加达,Gedung A,-6.1960176,106.8465941,40.5,≥40米,医院,官方(DPMPTSP),,Jl. Pangeran Diponegoro No. 71
雅加达,Gedung Perawatan 2,-6.1853451,106.7999301,40.5,≥40米,医院,官方(DPMPTSP),JKT-086,Jl. Letjend S. Parman Kav. 87 RT. 001 RW. 008
雅加达,Mercy Nusantara Star Service,-6.2424149,106.8610244,40.4,≥40米,商业/店铺,官方(DPMPTSP),,"Jl. Letjen M.T. Haryono No.Kav. V, RT.1/RW.14, Kb. Baru, Kec. Tebet, Kota Jakarta Selatan, Daerah Khusus Ibukota Jakarta 12830"
雅加达,Apartemen Pearl Garden,-6.222669,106.8169008,40.4,≥40米,综合体,官方(DPMPTSP),,"Jl. Gatot Subroto No.7, Karet Semanggi, Kecamatan Setiabudi, Kota Jakarta Selatan, Daerah Khusus Ibukota Jakarta 12930"
雅加达,Menara Zoomlion Indonesia,-6.156518,106.8976624,40.4,≥40米,写字楼,官方(DPMPTSP),,Jl. Boulevard Barat Blok XC 5-6 No. C
雅加达,Hotel 88,-6.1658218,106.7909255,40.4,≥40米,酒店,官方(DPMPTSP),,Jl. Dr. Susilo Raya No. 4 C-1 RT. 001/RW. 005
雅加达,"KANTOR TARU, GEDUNG SERBAGUNA, DAN GEDUNG PARKIR",-6.2371415,106.800535,40.3,≥40米,写字楼,官方(DPMPTSP),,JL. PATTIMURA NO. 20
雅加达,BRANZ MEGA KUNINGAN,-6.2284749,106.8221062,40.3,≥40米,综合体,官方(DPMPTSP),JKT-030,"JL. PERINTIS / JL. GURU MUGNI, RT 0 RW 0"
雅加达,Grand Indonesia,-6.1963761,106.8225855,40.3,≥40米,商场,官方(DPMPTSP),,JL. MH THAMRIN NO 1. JAKARTA PUSAT
雅加达,Menara Jakarta,-6.1500156,106.8464518,40.3,≥40米,写字楼,官方(DPMPTSP),,KOMPLEK KOTA BARU BANDAR KEMAYORAN C-8
雅加达,Wisma Atlet Blok D10 Tower 3,-6.1509107,106.8592793,40.3,≥40米,非住宅,官方(DPMPTSP),,Jl. Landasan Pacu Timur
雅加达,Graha Vivere,-6.2014086,106.7988254,40.3,≥40米,仓库,官方(DPMPTSP),,"Graha Vivere, Jl. Letjen S. Parman No.6 1, RT.1/RW.5, Palmerah, Kec. Palmerah, Kota Jakarta Barat, Daerah Khusus Ibukota Jakarta 11471"
雅加达,EDELWEISS,-6.1559618,106.719324,40.3,≥40米,综合体,官方(DPMPTSP),,"JL. RAYA DAAN MOGOT, KM.14"
雅加达,Apartemen East Park Tower A,-6.2032158,106.9252155,40.3,≥40米,公寓,官方(DPMPTSP),,Jl. Jatinegara Indah
雅加达,Graha Induk-KUD,-6.2757911,106.8305489,40.2,≥40米,写字楼,官方(DPMPTSP),,"Jl. Buncit Raya No.20 2, RT.2/RW.7, Pejaten Bar., Ps. Minggu, Kota Jakarta Selatan, Daerah Khusus Ibukota Jakarta 12510"
雅加达,BANGUNAN GEDUNG TERBENGKALI,-6.2006164,106.8416193,40.2,≥40米,综合体,官方(DPMPTSP),JKT-034,JLN PEGANGSAAN BARAT NO 22
雅加达,Graha Ganesha,-6.1620919,106.8202242,40.2,≥40米,未分类,官方(DPMPTSP),,—
雅加达,（无名）,-6.1252583,106.943666,40.2,≥40米,未分类,官方(DPMPTSP),,—
雅加达,Mall Cipinang Indah,-6.2391314,106.8943776,40.2,≥40米,商业/店铺,官方(DPMPTSP),,Jalan Raya Kalimalang
雅加达,PT. DUTA PARAHYANGAN LESTARI,-6.2866433,106.7806779,40.1,≥40米,写字楼,官方(DPMPTSP),,JL. METRO PONDOK INDAH SEKTOR II-BA
雅加达,AERO SYSTEM INDONESIA,-6.1601164,106.8380998,40.1,≥40米,写字楼,官方(DPMPTSP),,JALAN GUNUNG SAHARI RAYA NO 52
雅加达,Hotel Morrissey,-6.186666,106.8293152,40.1,≥40米,酒店,官方(DPMPTSP),,Jl. KH. Wahid Hasyim No. 70 RT.7/RW.5
雅加达,NINDYA,-6.244231,106.8656997,40.1,≥40米,写字楼,官方(DPMPTSP),,"JL. LETJEND. M.T. HARYONO KAV. 22, KEL. CAWANG, KEC. KRAMAT JATI, JAKARTA TIMUR"
雅加达,（无名）,-6.329224,106.9154708,40.1,≥40米,未分类,官方(DPMPTSP),,—
雅加达,SWISS-BELHOTEL PONDOK INDAH,-6.2876687,106.7797532,40.0,≥40米,酒店,官方(DPMPTSP),,"JL. METRO PONDOK INDAH SEKTOR 2 BLOK SA PONDOK INDAH RT 006 RW 014 KEL. PONDOK PINANG, KEC. KEBAYORAN LAMA, JAKARTA SELATAN"
雅加达,Grand G7 Hotel Pasar Baru,-6.1602731,106.8359642,40.0,≥40米,酒店,官方(DPMPTSP),,"Jl. H. Samanhudi No.47, RT.5/RW.3"
雅加达,MASTRO CENTER,-6.1835491,106.8269631,40.0,≥40米,写字楼,官方(DPMPTSP),,Jl. Kebon Sirih No. 63
雅加达,SAMUDERA INDONESIA,-6.1974424,106.7972428,40.0,≥40米,写字楼,官方(DPMPTSP),,Jl. S. Parman Kav. 35
雅加达,Rumah Sakit Jantung Jakarta,-6.2001939,106.8553781,40.0,≥40米,医院,官方(DPMPTSP),,Jalan Matraman Raya No. 23 RT. 2 RW. 1
雅加达,Apartemen Grand ITC Permata Hijau,-6.2208233,106.7839752,39.9,≥32米,综合体,官方(DPMPTSP),JKT-036,Jl. Letjen Soepeno No. 11
雅加达,Hotel Gren Alia,-6.180465,106.8380247,39.9,≥32米,酒店,官方(DPMPTSP),,Jl. KKO Usman dan Harun No. 28
雅加达,PAKARTI OFFICE CENTER GEDUNG 1,-6.1771963,106.8162784,39.9,≥32米,写字楼,官方(DPMPTSP),,"Jl. Tanah Abang III No. 23, 25, 27 RT 002 RW 003, Kel. Petojo Selatan, Kec. Gambir, Jakarta Pusat"
雅加达,AKR Gallery West Townhouse,-6.1924664,106.7679449,39.9,≥32米,综合体,官方(DPMPTSP),,JL. PANJANG NO. 5 / JL. PERJUANGAN RT.11/10
雅加达,（无名）,-6.3342732,106.9127238,39.9,≥32米,未分类,官方(DPMPTSP),,—
雅加达,Rumah Sakit Umum Daerah (RSUD) Kebayoran Baru,-6.2655118,106.7986455,39.9,≥32米,医院,官方(DPMPTSP),,Jl. Abdul Majid No. 28 RT 002 RW 005
雅加达,Wisma PMI,-6.2451579,106.8083843,39.8,≥32米,写字楼,官方(DPMPTSP),,Jl. Wijaya I No. 63 RT.08 RW.01
雅加达,Pondok Klub Villa Apartment,-6.2943476,106.7862537,39.8,≥32米,综合体,官方(DPMPTSP),,JL. R.A. KARTINI / JL. KAIMUN JAYA
雅加达,Gedung Citramas Abadi,-6.2004263,106.8209112,39.8,≥32米,写字楼,官方(DPMPTSP),,Jl. Plaju No. 14
雅加达,Wisma IWI,-6.1872163,106.7788933,39.8,≥32米,写字楼,官方(DPMPTSP),,Jalan Arjuna Selatan No 75 RT 2 RW 12
雅加达,Lembaga Ketahanan Nasional Republik Indonesia,-6.1819843,106.827644,39.7,≥32米,未分类,官方(DPMPTSP),,—
雅加达,Mayapada Hospital Kuningan,-6.2185323,106.8319037,39.7,≥32米,医院,官方(DPMPTSP),,"Jl. H. R. Rasuna Said No.Kav C-17, RT.2/RW.5, Karet Kuningan, Kecamatan Setiabudi, Kota Jakarta Selatan, Daerah Khusus Ibukota Jakarta 12940"
雅加达,WISMA TUGU II,-6.2146775,106.8313166,39.6,≥32米,写字楼,官方(DPMPTSP),,"Jl. H. R. Rasuna Said Kav. C No. 7 - 9, RT.3/RW.1"
雅加达,OAKWOOD SUITES KUNINGAN JAKARTA,-6.2075058,106.8273846,39.6,≥32米,公寓,官方(DPMPTSP),,OAKWOOD SUITES KUNINGAN JAKARTA
雅加达,LEXINGTON RESIDENCE,-6.27332,106.7666383,39.6,≥32米,综合体,官方(DPMPTSP),,JL. DEPLU RAYA NO. 12 RT.003 RW.03
雅加达,Masjid Al Ikhsan,-6.2268951,106.8163225,39.6,≥32米,未分类,官方(DPMPTSP),,—
雅加达,Hotel Holiday Inn Express,-6.1872853,106.8220274,39.6,≥32米,酒店,官方(DPMPTSP),,"Jl. K.H. Wahid Hasyim No.135 - 137, RT.9/RW.2, Kb. Kacang, Kecamatan Tanah Abang, Kota Jakarta Pusat, Daerah Khusus Ibukota Jakarta 10240"
雅加达,KPP Pratama Jakarta Senen,-6.1884167,106.8456087,39.6,≥32米,写字楼,官方(DPMPTSP),,"Jl. Kramat Raya No.136 2, RT.2/RW.9, Kenari, Kec. Senen, Kota Jakarta Pusat, Daerah Khusus Ibukota Jakarta 10430"
雅加达,HOTEL IBIS STYLES,-6.1603267,106.8179572,39.6,≥32米,酒店,官方(DPMPTSP),,"Jl. Kyai H. Zainul Arifin No.5-7 2 1, RT.2/RW.1"
雅加达,（无名）,-6.1241785,106.7996351,39.6,≥32米,未分类,官方(DPMPTSP),,—
雅加达,Gedung Wirausaha,-6.2138952,106.8312077,39.5,≥32米,写字楼,官方(DPMPTSP),,JL HR RASUNA SAID KAV. C-5
雅加达,Apartemen Gardenia Boulevard (Tower B),-6.2837295,106.8272277,39.5,≥32米,综合体,官方(DPMPTSP),,Jl. Warung Jati Barat No.13 RT/RW 002/003
雅加达,GEDUNG RNI,-6.2320498,106.8301391,39.5,≥32米,写字楼,官方(DPMPTSP),,"Jalan Denpasar Raya Kav DIII, Kuningan Tim., 12950"
雅加达,Kantor Sekretariat Pengendalian Operasional Pembangunan,-6.1684951,106.8290311,39.5,≥32米,未分类,官方(DPMPTSP),,—
雅加达,Khubilai Khan,-6.1942991,106.7691245,39.5,≥32米,未分类,官方(DPMPTSP),,—
雅加达,Pasar Pagi Asemka,-6.1393815,106.8123299,39.5,≥32米,未分类,官方(DPMPTSP),,—
雅加达,Gedung B,-6.2438837,106.8027398,39.4,≥32米,商场,官方(DPMPTSP),,"Jl. Iskandarsyah Raya No.1A, RT.2/RW.1, Melawai, Kec. Kby. Baru, Kota Jakarta Selatan, Daerah Khusus Ibukota Jakarta 12160"
雅加达,Telkom Indonesia,-6.2373921,106.7990154,39.4,≥32米,写字楼,官方(DPMPTSP),,"Jl. Sisingamangaraja No.Kav. 4-6, RT.2/RW.1, Selong, Kec. Kby. Baru, Kota Jakarta Selatan, Daerah Khusus Ibukota Jakarta 12110"
雅加达,WISMA BISNIS INDONESIA,-6.2061601,106.8158147,39.4,≥32米,写字楼,官方(DPMPTSP),,Jl. K.H. Mas Mansyur No.12A RT. 010 RW. 006
雅加达,KEMPINSKY PRIVATE RASIDENCE,-6.1947234,106.8217363,39.4,≥32米,综合体,官方(DPMPTSP),,JL. MH THAMRIN NO 1. JAKARTA PUSAT
雅加达,Hotel 88 Mangga Besar VIII,-6.1507537,106.8253618,39.4,≥32米,酒店,官方(DPMPTSP),,"Jl. Mangga Besar VIII No.10D, Taman Sari, Kec. Taman Sari, Kota Jakarta Barat, Daerah Khusus Ibukota Jakarta 11180"
雅加达,（无名）,-6.3291357,106.90937,39.4,≥32米,未分类,官方(DPMPTSP),,—
雅加达,Amos Cozy,-6.2455528,106.7990683,39.3,≥32米,酒店,官方(DPMPTSP),,"Jl. Melawai Raya No.83-85 3, RT.3/RW.1"
雅加达,BALITBANG HUKUM DAN HAM,-6.2234481,106.8320923,39.3,≥32米,写字楼,官方(DPMPTSP),,"Jl. H. R. Rasuna Said No.Kav X6/4-5, RT.16/RW.4, RT.16/RW.4, Kuningan, Karet Kuningan, Setiabudi, South Jakarta City, Jakarta 12940"
雅加达,Graha Iska,-6.1917103,106.8696087,39.3,≥32米,写字楼,官方(DPMPTSP),,Jl. Pramuka No.165
雅加达,pelindo tower regional head,-6.1081684,106.8835936,39.3,≥32米,写字楼,官方(DPMPTSP),JKT-083,Jalan Raya Pelabuhan No.9
雅加达,Gereja Katolik Santo Yakobus,-6.1573038,106.8937447,39.3,≥32米,未分类,官方(DPMPTSP),,—
雅加达,Honda Mugen Puri Jakarta Barat,-6.1796937,106.7294905,39.3,≥32米,商业/店铺,官方(DPMPTSP),,Jl. Lkr. Luar Barat No.43
雅加达,Radjak Hospital,-6.1937481,106.852124,39.3,≥32米,医院,官方(DPMPTSP),,JL. SALEMBA TENGAH NO. 24-28
雅加达,Blok E,-6.1094755,106.9002298,39.3,≥32米,医院,官方(DPMPTSP),,"Jl. Deli No. 4, RT.11/RW.7"
雅加达,Gedung Wisma Atlet,-6.222264,106.801392,39.2,≥32米,酒店,官方(DPMPTSP),,Jl. Pintu Satu Senayan
雅加达,Juno Tanah Abang Jakarta,-6.1874638,106.8173019,39.2,≥32米,酒店,官方(DPMPTSP),,"Jl. K.H. Wahid Hasyim No.181, RT.14/RW.6, Kb. Kacang, Kecamatan Tanah Abang, Kota Jakarta Pusat, Daerah Khusus Ibukota Jakarta 10250"
雅加达,Gedung OPMC Telkom Witel Jakarta Utara,-6.11768,106.8926995,39.2,≥32米,写字楼,官方(DPMPTSP),,"Jl. Yos Sudarso No.23-24, Kb. Bawang, Kec. Tj. Priok"
雅加达,（无名）,-6.1891453,106.7804309,39.2,≥32米,未分类,官方(DPMPTSP),,—
雅加达,GEDUNG HOTEL FIERIS,-6.1978848,106.8901606,39.2,≥32米,酒店,官方(DPMPTSP),,Jalan Perserikatan No. 11 RT. 002 RW. 008
雅加达,GEDUNG YKKBI,-6.2418094,106.8422429,39.1,≥32米,写字楼,官方(DPMPTSP),,JL. JENDRAL GATOT SUBROTO / JL. DEPOSITO IV NO. - RT 001 RW 006
雅加达,Gedung Wisma Atlet,-6.2224461,106.8018322,39.1,≥32米,酒店,官方(DPMPTSP),,Jl. Pintu Satu Senayan
雅加达,Kantor,-6.1692531,106.8111856,39.1,≥32米,写字楼,官方(DPMPTSP),,Jl. Cideng Timur No. 36
雅加达,Pulomas Office,-6.1735711,106.8890148,39.1,≥32米,写字楼,官方(DPMPTSP),,Jl. Pulomas Timur Raya No. 1 RT. 009 RW. 016
雅加达,Gedung Utama,-6.1665117,106.7852263,39.1,≥32米,医院,官方(DPMPTSP),,Jl. Daan Mogot No.34 RT.006/RW.001
雅加达,RSUD CENGKARENG GEDUNG B,-6.1429073,106.7342503,39.1,≥32米,医院,官方(DPMPTSP),,JL GUNUNG GALUNGGUNG RT 013 RW 010
雅加达,Mahkamah Agung,-6.1696211,106.8268987,39.0,≥32米,未分类,官方(DPMPTSP),JKT-081,—
雅加达,Hotel Acacia,-6.1889724,106.8473103,39.0,≥32米,酒店,官方(DPMPTSP),,"Jl. Kramat Raya No.81, RT.1/RW.7"
雅加达,Plaza Paramita,-6.1658416,106.8139551,39.0,≥32米,写字楼,官方(DPMPTSP),,Jl. KH. Hasyim Ashari No.39
雅加达,TOWER 1,-6.1520416,106.7915217,39.0,≥32米,写字楼,官方(DPMPTSP),,"No., Jl. Jelambar Selatan II No.4, RT.8/RW.3, Jelambar Baru, Kec. Grogol petamburan, Kota Jakarta Barat, Daerah Khusus Ibukota Jakarta 11460"
雅加达,ERAJAYA PLAZA,-6.1367542,106.8037947,39.0,≥32米,写字楼,官方(DPMPTSP),,JL BANDENGAN SELATAN NO.19-20 RT
雅加达,Hotel Gran Mahakam,-6.2444565,106.7954142,38.9,≥32米,酒店,官方(DPMPTSP),,JL MAHAKAM I NO. 6 RT 001 RW 007 KEL. KRAMAT PELA KEC. KEBAYORAN BARU JAKARTA SELATAN
雅加达,pearl garden resort apartment,-6.2222486,106.8160675,38.9,≥32米,综合体,官方(DPMPTSP),,"Jl. Gatot Subroto No.7, Karet Semanggi, Kecamatan Setiabudi, Kota Jakarta Selatan, Daerah Khusus Ibukota Jakarta 12930"
雅加达,Perlu Input Ulang Data,-6.1876054,106.8322843,38.9,≥32米,未分类,官方(DPMPTSP),,—
雅加达,Mina Bahari 1,-6.1793467,106.8327099,38.9,≥32米,非住宅,官方(DPMPTSP),,—
雅加达,SANNO MENTENG RESIDENCES,-6.1973421,106.8394976,38.9,≥32米,酒店,官方(DPMPTSP),,JLN PENGANGSAAN BARAT NO 2
雅加达,Fakultas Kedokteran,-6.1248336,106.792637,38.9,≥32米,未分类,官方(DPMPTSP),,—
雅加达,（无名）,-6.1085394,106.946819,38.9,≥32米,未分类,官方(DPMPTSP),,—
雅加达,Gedung Jasa Raharja,-6.212734,106.8310811,38.8,≥32米,写字楼,官方(DPMPTSP),,"Jl HR Rasuna Said Kav C2, RT.3/RW.1, Kuningan, Karet, Kecamatan Setiabudi, Kota Jakarta Selatan, Daerah Khusus Ibukota Jakarta 12920"
雅加达,Hotel Kaisar,-6.2530461,106.8416715,38.8,≥32米,酒店,官方(DPMPTSP),,Jl. Duren Tiga Raya No.1 RT. 001 RW. 001
雅加达,Kota Kasablanka (Mall),-6.2241595,106.8427072,38.8,≥32米,商业类,官方(DPMPTSP),JKT-035,Jl. Casablanca Raya Kav. 9 - 10
雅加达,Giant,-6.2413849,106.8261061,38.8,≥32米,写字楼,官方(DPMPTSP),,Jl. Mampang Prapatan Raya No. 36 RT 001 RW 003
雅加达,Bank Danamon,-6.1816922,106.834751,38.8,≥32米,未分类,官方(DPMPTSP),,—
雅加达,"Plaza Indonesia Extention, Keraton & The Plaza",-6.1928539,106.8219715,38.8,≥32米,综合体,官方(DPMPTSP),,"Jl. MH. Thamrin Kav. 28-30, Kel. Gondangdia, Kec. Menteng, Jakarta Pusat"
雅加达,The Stature,-6.1836084,106.8281061,38.8,≥32米,综合体,官方(DPMPTSP),,Jl. Kebon Sirih Raya No. 45-47 RT.008/RW.002
雅加达,Apartemen Cik Ditiro Residence,-6.198041,106.8373064,38.8,≥32米,综合体,官方(DPMPTSP),,Jalan Teuku Cik Ditiro No.33 RT 10 RW 05
雅加达,PT GUDANG GARAM TBK,-6.171221,106.8765006,38.8,≥32米,写字楼,官方(DPMPTSP),,"Jl. Jend. Ahmad Yani No.79, Jakarta Pusat, DKI Jakarta 10510"
雅加达,PT. Erakon Utama,-6.140944,106.8757069,38.8,≥32米,写字楼,官方(DPMPTSP),JKT-087,"Jl. Agung Perkasa 9 No.26-27 Blok K2, RW.14"
雅加达,Pageo,-6.2482826,106.8670343,38.8,≥32米,写字楼,官方(DPMPTSP),,"Jl. Dewi Sartika No.306 5, RT.7/RW.4, Cawang, Kec. Kramat jati, Kota Jakarta Timur, Daerah Khusus Ibukota Jakarta 13630"
雅加达,Aeon Mall Jakarta Garden City,-6.1721633,106.9515782,38.8,≥32米,商场,官方(DPMPTSP),,"Jl. Boulevard Jakarta Garden City Jakarta Garden City, 13910, Indonesia, Kel. Cakung Timur, Kec. Cakung, KOTA ADM. JAKARTA TIMUR, Prov. DKI Jakarta, RT - RW -"
雅加达,（无名）,-6.3104634,106.9203735,38.8,≥32米,未分类,官方(DPMPTSP),,—
雅加达,Arosa Hotel Jakarta,-6.2638224,106.766814,38.7,≥32米,酒店,官方(DPMPTSP),,"Jl. RC. Veteran Raya No.3, RT.9/RW.3, Bintaro, Kec. Pesanggrahan, Kota Jakarta Selatan, Daerah Khusus Ibukota Jakarta 12330"
雅加达,Gedung Tatapuri,-6.2005675,106.8223624,38.7,≥32米,写字楼,官方(DPMPTSP),,"Jl. Tanjung Karang, Kebon Melati, Tanah Abang, Jakarta, 10230"
雅加达,Hotel Blue Sky Petamburan,-6.1999325,106.8019503,38.7,≥32米,酒店,官方(DPMPTSP),,"Jl. Aipda KS Tubun No. 19 Petamburan, Tanah Abang, Kota Jakarta Pusat"
雅加达,GEDUNG PARKIR,-6.1769519,106.8656061,38.7,≥32米,公寓,官方(DPMPTSP),JKT-049,"Arandra Residence, Jl. Cempaka Putih Raya No.1 1, RT.1/RW.6, Cemp. Putih Tim., Kec. Cemp. Putih, Kota Jakarta Pusat, Daerah Khusus Ibukota Jakarta 10510"
雅加达,Emerald Tower,-6.1581762,106.9006442,38.7,≥32米,写字楼,官方(DPMPTSP),,Jl. Boulevard Barat XB No. 3 Rt. 018 Rw. 005
雅加达,Glodok Jaya,-6.1442477,106.8161347,38.7,≥32米,商业/店铺,官方(DPMPTSP),,"Jl. Komplek Glodok Jaya/Jl. Hayam Wuruk No.14 RT 008/RW 007, Mangga Besar, Taman Sari, Jakarta Barat, DKI Jakarta, 11180"
雅加达,（无名）,-6.1745633,106.8121285,38.6,≥32米,未分类,官方(DPMPTSP),,—
雅加达,Gedung Indosurya,-6.1825003,106.8232937,38.6,≥32米,写字楼,官方(DPMPTSP),,Jl M.H Tamrin
雅加达,Gedung GKM,-6.1889713,106.8370542,38.6,≥32米,写字楼,官方(DPMPTSP),,Jl. Cikini Raya No. 12 & 14 RT 13/05
雅加达,Bank Panin,-6.1624733,106.827194,38.6,≥32米,综合体,官方(DPMPTSP),,Jl. Pecenongan No.84 RT.2 RW.4
雅加达,GRHA SERA,-6.1498604,106.8850015,38.6,≥32米,非住宅,官方(DPMPTSP),,"Jl. Mitra Sunter Bulevar Kav. 90/C2, RT. 009/RW. 011, Kel. Sunter Jaya, Kec. Tanjung Priok, Jakarta Utara"
雅加达,HDI Warehouse Sunter,-6.1407636,106.8758481,38.6,≥32米,写字楼,官方(DPMPTSP),JKT-087,"Jl. Agung Perkasa 9 No.26 27, RT.15/RW.14"
雅加达,DISCOVERY HOTEL & CONVENTION CENTER,-6.1257682,106.8309683,38.6,≥32米,酒店,官方(DPMPTSP),,JL. LODAN TIMUR RAYA NO.07
雅加达,The Victoria,-6.176263,106.800645,38.6,≥32米,写字楼,官方(DPMPTSP),JKT-088,"Jalan Tomang Raya No.13, RT.12/RW.5, Tomang, Kec. Grogol petamburan, Kota Jakarta Barat, Daerah Khusus Ibukota Jakarta 11440"
雅加达,V HOTEL,-6.2419549,106.8447474,38.5,≥32米,酒店,官方(DPMPTSP),,Jl. Prof. DR Soepomo SH No.100 Rt.001 Rw.06
雅加达,Hotel Veranda,-6.2398926,106.7858084,38.4,≥32米,酒店,官方(DPMPTSP),,JL. KYAI MAJA NO.63 RT 006 RW 002
雅加达,Infracom Bangun Sarana,-6.1749668,106.8144479,38.4,≥32米,写字楼,官方(DPMPTSP),,"Jl. Tanah Abang II No.46, RT.1/RW.5, South Petojo, Gambir, Central Jakarta City, Jakarta 10160"
雅加达,Kondominium Menara Kelapa Gading Tower D,-6.1709101,106.916354,38.4,≥32米,综合体,官方(DPMPTSP),,"Jl. Pegangsaan Dua No.88, RT.11/RW.16"
雅加达,Graha Sukandamulia,-6.1735751,106.8042852,38.4,≥32米,写字楼,官方(DPMPTSP),,"Jalan Tomang Raya Kav. 71-73, RT.2/RW.13, Tomang, Kec. Grogol petamburan, Kota Jakarta Barat, Daerah Khusus Ibukota Jakarta 11440"
雅加达,Hotel Bulevar,-6.1741643,106.7875692,38.4,≥32米,酒店,官方(DPMPTSP),,"Jl. Tanjung Duren Raya No.1, RT.1/RW.5, Tj. Duren Sel., Kec. Grogol petamburan, Kota Jakarta Barat, Daerah Khusus Ibukota Jakarta 11470"
雅加达,PT MAYORA TBK,-6.1584667,106.6950342,38.4,≥32米,写字楼,官方(DPMPTSP),,Jl.daan Mogot KM.18 kalideres kecamatan kalideres
雅加达,TELKOM INDONESIA,-6.2207658,106.8737568,38.4,≥32米,未分类,官方(DPMPTSP),,"Jl. DI. Panjaitan No.42, RT.12/RW.5, Rw. Bunga, Kecamatan Jatinegara, Kota Jakarta Timur, Daerah Khusus Ibukota Jakarta 13350"
雅加达,EAST PARK APARTMENT TOWER A,-6.2042757,106.925195,38.4,≥32米,公寓,官方(DPMPTSP),,Jl. Jatinegara Indah
雅加达,Gedung TSI BRI,-6.3024927,106.8230911,38.3,≥32米,写字楼,官方(DPMPTSP),,JL. HARSONO RM DALAM NO.64 RT.007 RW.007
雅加达,TMG Hotel,-6.221633,106.8461136,38.3,≥32米,酒店,官方(DPMPTSP),,"Jl. Dr. Saharjo No.194-196, Menteng Dalam, Kec. Tebet, Jakarta, Daerah Khusus Ibukota Jakarta 12960"
雅加达,Pusat Penilaian pendidikan,-6.1718939,106.8398576,38.3,≥32米,未分类,官方(DPMPTSP),,—
雅加达,Lembaga Administrasi Negara,-6.168648,106.8263806,38.3,≥32米,未分类,官方(DPMPTSP),,—
雅加达,（无名）,-6.1037976,106.8040589,38.3,≥32米,未分类,官方(DPMPTSP),,—
雅加达,GEDUNG IMIP,-6.1924404,106.7414702,38.3,≥32米,写字楼,官方(DPMPTSP),,"Jl. Batu Mulia, RT.16/RW.7, Meruya Utara, Kec. Kembangan, Kota Jakarta Barat, Daerah Khusus Ibukota Jakarta 11620"
雅加达,RSUD Cilincing,-6.1130566,106.9263148,38.3,≥32米,医院,官方(DPMPTSP),,Rumah Sakit Umum Daerah Cilincing
雅加达,MENARA DUTA,-6.2088924,106.829419,38.2,≥32米,商业类,官方(DPMPTSP),,JL HR RASUNA SAID KAV B-9
雅加达,PT United Dico Citas,-6.1879458,106.8323623,38.2,≥32米,未分类,官方(DPMPTSP),,—
雅加达,ASHLEY Hotel,-6.1874908,106.8270994,38.2,≥32米,酒店,官方(DPMPTSP),,Jl. K.H. Wahid Hasyim No.73-75
雅加达,KOMPLEK BIDAKARA 1,-6.241898,106.8415554,38.1,≥32米,未分类,官方(DPMPTSP),JKT-020,Jl. Gatot Subroto Kav.71-73
雅加达,TOWER A,-6.3023261,106.8428958,38.1,≥32米,写字楼,官方(DPMPTSP),,"Jl. TB Simatupang No.1 10, RT.10/RW.4, Tj. Bar., Kec. Jagakarsa, Kota Jakarta Selatan"
雅加达,TOWER A,-6.2907497,106.8178788,38.1,≥32米,写字楼,官方(DPMPTSP),,Jl. Ampera Raya No. 9-10 Ragunan
雅加达,（无名）,-6.1066827,106.7386797,38.1,≥32米,未分类,官方(DPMPTSP),,—
雅加达,CENTRO CITY TOWER A,-6.1637254,106.7717799,38.1,≥32米,综合体,官方(DPMPTSP),,Jl. Inspeksi Kali Sekretaris DAAN MOGOT II / Jl. Macan Kav. 4-5 RT 010 RW 001
雅加达,PT Pupuk Indonesia (Persero),-6.1847441,106.7909073,38.1,≥32米,写字楼,官方(DPMPTSP),,"Jl. Taman Anggrek No.2, RT.7/RW.8"
雅加达,Sky Hospital RSUD Tarakan,-6.1716621,106.8102898,38.1,≥32米,医院,官方(DPMPTSP),,Jl. Kyai Caringin No. 7
雅加达,（无名）,-6.2439942,106.7995426,38.0,≥32米,未分类,官方(DPMPTSP),,—
雅加达,Plaza Sua,-6.236345,106.8447165,38.0,≥32米,写字楼,官方(DPMPTSP),,"Jl Prof Dr Soepomo No.27, RT.002/RW.003"
雅加达,Pejaten Village Mall / The Park Pejaten,-6.2808791,106.8288264,38.0,≥32米,商场,官方(DPMPTSP),,JL. WARUNG JATI BARAT / JL. WARUNG BUNCIT RAYA
雅加达,GEDUNG BRIN,-6.2293787,106.817627,38.0,≥32米,写字楼,官方(DPMPTSP),,"Jl. Gatot Subroto Kav.10, RT.6/RW.1"
雅加达,Le Parc Terrace,-6.1979541,106.8204206,38.0,≥32米,综合体,官方(DPMPTSP),,Jl. Kotabumi Gg. Kertapati No.1 A
雅加达,Head Office Indomarco,-6.156764,106.8500971,38.0,≥32米,商业/店铺,官方(DPMPTSP),,Jalan Terusan Angkasa Kav. 1
雅加达,（无名）,-6.1515413,106.8927365,38.0,≥32米,未分类,官方(DPMPTSP),JKT-084,—
雅加达,Landmark Pluit,-6.1247102,106.7989425,38.0,≥32米,写字楼,官方(DPMPTSP),,Jl. Pluit Selatan Raya
雅加达,（无名）,-6.0978274,106.9004136,38.0,≥32米,未分类,官方(DPMPTSP),,—
雅加达,Gereja ST Ktistoforus Jakarta,-6.1642651,106.7864905,38.0,≥32米,未分类,官方(DPMPTSP),,—
雅加达,Rumah Sakit Umum Pekerja Tower B,-6.1452125,106.9233684,38.0,≥32米,医院,官方(DPMPTSP),,"Jl. Tipar Cakung No.46, RT.2/RW.1"
雅加达,Pusdiklat Keuangan Umum,-6.2447861,106.847143,37.9,≥32米,写字楼,官方(DPMPTSP),,"Jl. Pancoran Timur II No.1, Cikoko, Kec. Pancoran, Kota Jakarta Selatan, Daerah Khusus Ibukota Jakarta 12780"
雅加达,Sotis Hotel,-6.2549515,106.809216,37.9,≥32米,酒店,官方(DPMPTSP),,"SOTIS HOTEL KEMANG JAKARTA, Jl. Kemang Raya No.4, RT.1/RW.7, Bangka, Mampang Prapatan, South Jakarta City, Jakarta 12720"
雅加达,SMP Negeri 18 Jakarta,-6.1852392,106.8331135,37.9,≥32米,未分类,官方(DPMPTSP),,—
雅加达,PT. KOMPAS MEDIA NUSANTARA,-6.208332,106.7946588,37.9,≥32米,未分类,官方(DPMPTSP),,Jl. Palmerah Barat No. 29-31 RT.001 RW.002
雅加达,（无名）,-6.1068936,106.8718271,37.9,≥32米,未分类,官方(DPMPTSP),,—
雅加达,Aeon Mall Jakarta Garden City,-6.1725356,106.9523468,37.9,≥32米,商场,官方(DPMPTSP),,"Jl. Boulevard Jakarta Garden City Jakarta Garden City, 13910, Indonesia, Kel. Cakung Timur, Kec. Cakung, KOTA ADM. JAKARTA TIMUR, Prov. DKI Jakarta, RT - RW -"
雅加达,PEMUDA 7,-6.1929158,106.8848254,37.9,≥32米,写字楼,官方(DPMPTSP),,"Jl. Pemuda No.7, RT.8/RW.4, Rawamangun, Kec. Pulo Gadung, Kota Jakarta Timur, Daerah Khusus Ibukota Jakarta 13220"
雅加达,Rumah Sakit Tebet,-6.242475,106.8501661,37.9,≥32米,医院,官方(DPMPTSP),,Jl. Letjen M.T. Haryono Kav 13
雅加达,RSUD Tugu Koja,-6.1275608,106.9069319,37.9,≥32米,医院,官方(DPMPTSP),,"Jl. Walang Permai No.39, RT.7/RW.12, Tugu Sel., Kec. Koja, Jkt Utara, Daerah Khusus Ibukota Jakarta 14260"
雅加达,TOWER I,-6.2271716,106.8124993,37.8,≥32米,综合体,官方(DPMPTSP),,SUDIRMAN CENTRAL BUSINESS DISTRICT (SCBD) JL. JENDRAL SUDIRMAN KAV 52-53 RT/004 RW/001
雅加达,Tower B,-6.2572913,106.8087654,37.8,≥32米,综合体,官方(DPMPTSP),,"Jalan Pangeran Antasari No. 14, RT 5/RW 2, 12150"
雅加达,（无名）,-6.1822922,106.8290531,37.8,≥32米,未分类,官方(DPMPTSP),,—
雅加达,Panin Bank,-6.1649024,106.8238287,37.8,≥32米,未分类,官方(DPMPTSP),,—
雅加达,Menara Indomaret,-6.1106172,106.7394404,37.8,≥32米,未分类,官方(DPMPTSP),,—
雅加达,APARTEMEN CITY PARK TOWER H,-6.1308841,106.7362838,37.8,≥32米,综合体,官方(DPMPTSP),JKT-089,JL MALIBU RAYA RT 007 RW 014
雅加达,Blok C,-6.1090047,106.9000847,37.8,≥32米,医院,官方(DPMPTSP),,"Jl. Deli No. 4, RT.11/RW.7"
雅加达,Rusun Rempoa Kementerian PUPR,-6.2616465,106.7663259,37.7,≥32米,综合体,官方(DPMPTSP),,"Jl. Bhakti, RT.4/RW.1, Bintaro, Kec. Pesanggrahan, Kota Jakarta Selatan, Daerah Khusus Ibukota Jakarta 12330"
雅加达,P HOTEL JAKARTA,-6.1916671,106.8673948,37.7,≥32米,酒店,官方(DPMPTSP),,"Jl. Pramuka No.14 Kav.149, RT.14/RW.7"
雅加达,Marketing Office Capitol Park,-6.1973363,106.8497671,37.7,≥32米,未分类,官方(DPMPTSP),,—
雅加达,Panin Bank,-6.2274005,106.8003223,37.7,≥32米,写字楼,官方(DPMPTSP),,Jl. Jenderal Sudirman No.1 Kav 1 Gelora Tanah Abang
雅加达,（无名）,-6.1093448,106.8677501,37.7,≥32米,未分类,官方(DPMPTSP),,—
雅加达,（无名）,-6.1166894,106.7582671,37.7,≥32米,未分类,官方(DPMPTSP),,—
雅加达,（无名）,-6.1070091,106.9094499,37.7,≥32米,未分类,官方(DPMPTSP),,—
雅加达,（无名）,-6.1058246,106.9098913,37.7,≥32米,未分类,官方(DPMPTSP),,—
雅加达,（无名）,-6.1069279,106.8021468,37.7,≥32米,未分类,官方(DPMPTSP),,—
雅加达,Graha Antero,-6.1770208,106.7995499,37.7,≥32米,写字楼,官方(DPMPTSP),,"Jl. Tomang Raya No.27, RT.1/RW.1, Tomang, Kec. Grogol petamburan, Kota Jakarta Barat, Daerah Khusus Ibukota Jakarta 11440"
雅加达,Asabri,-6.2568032,106.869378,37.7,≥32米,写字楼,官方(DPMPTSP),,"Jl. Mayjen Sutoyo No.11, RT.3/RW.9, Cawang, Kec. Kramat jati, Kota Jakarta Timur, Daerah Khusus Ibukota Jakarta 13630"
雅加达,Tower Heloconia,-6.2645198,106.8136309,37.6,≥32米,综合体,官方(DPMPTSP),,"Jl. H. Abdul Najib Kemang Selatan VIII, RT. 002/RW.03"
雅加达,Bank Victoria KCP Cideng,-6.1689288,106.8111545,37.6,≥32米,未分类,官方(DPMPTSP),,—
雅加达,The Hermitage,-6.1984814,106.8381731,37.6,≥32米,酒店,官方(DPMPTSP),,Jl. Cilacap No. 4
雅加达,（无名）,-6.1062413,106.9086999,37.6,≥32米,未分类,官方(DPMPTSP),,—
雅加达,GRIYA SINTA BUILDING,-6.1761081,106.8008574,37.6,≥32米,写字楼,官方(DPMPTSP),JKT-088,"Jl. Tomang Raya No.39, RT.1/RW.5, Tomang, Kec. Grogol petamburan, Kota Jakarta Barat, Daerah Khusus Ibukota Jakarta 11440"
雅加达,APARTEMEN TAMAN PASADENIA,-6.1825589,106.885728,37.6,≥32米,综合体,官方(DPMPTSP),,Jl. Pulo Mas Timur No. 8-10 RW.002
雅加达,Atrium Mulia,-6.2080542,106.8292425,37.5,≥32米,写字楼,官方(DPMPTSP),,Jl. HR Rasuna Said Kav.B10-11
雅加达,CITYLOOG HOTEL,-6.2228429,106.8479704,37.5,≥32米,酒店,官方(DPMPTSP),,"JL. DR. SAHARJO NO.191 RT.6/RW.1, MANGGARAI SEL., KEC. TEBET, KOTA JAKARTA SELATAN, DAERAH KHUSUS IBUKOTA JAKARTA 12960"
雅加达,Unit V,-6.2178584,106.8292481,37.5,≥32米,未分类,官方(DPMPTSP),,—
雅加达,Graha Asia Utama,-6.2535885,106.7780754,37.5,≥32米,写字楼,官方(DPMPTSP),,Jl. Ciputat Raya RT 011 RW 001
雅加达,Wahana Honda,-6.1550564,106.8368076,37.5,≥32米,写字楼,官方(DPMPTSP),,"Jl. Gn. Sahari No.32, RT.12/RW.4"
雅加达,（无名）,-6.1075822,106.738269,37.5,≥32米,未分类,官方(DPMPTSP),JKT-090,—
雅加达,LAVENDER,-6.1323422,106.7057177,37.5,≥32米,公寓,官方(DPMPTSP),,JL. BOULEVARD TAMAN SURYA V BLOK EE 1 RT.002 RW.003
雅加达,Permata Bank,-6.1393937,106.8128458,37.5,≥32米,未分类,官方(DPMPTSP),,—
雅加达,ORANG TUA GROUP,-6.1660944,106.7279771,37.5,≥32米,写字楼,官方(DPMPTSP),,Jl. Lingkar Luar Barat Kav. 35-36
雅加达,Hotel Cipta,-6.2472906,106.8433803,37.4,≥32米,酒店,官方(DPMPTSP),,Jl. Raya Pasar Minggu No. Kav 19
雅加达,"Tower C1, C2, C3, C4",-6.2573339,106.8084125,37.4,≥32米,综合体,官方(DPMPTSP),,"Jalan Pangeran Antasari No. 14, RT 5/RW 2, 12150"
雅加达,Graha SanQua,-6.2570117,106.764522,37.4,≥32米,写字楼,官方(DPMPTSP),,"Jl. Bintaro Permai No.26, RT.12/RW.09, Bintaro, Kec. Pesanggrahan, Kota Jakarta Selatan, Daerah Khusus Ibukota Jakarta 12330"
雅加达,Tower 1,-6.2053229,106.8105447,37.4,≥32米,公寓,官方(DPMPTSP),,Jalan Karet Pasar Baru Barat 1 RT.13 RW.07
雅加达,TZU CHI TOWER,-6.1074215,106.7384541,37.4,≥32米,其他,官方(DPMPTSP),JKT-090,"Jalan PIK Boulevard, Pantai Indah Kapuk, RT.6/RW.2, Kamal Muara, Penjaringan, Jakarta Utara, Jakarta 14470"
雅加达,（无名）,-6.1040073,106.9414709,37.4,≥32米,未分类,官方(DPMPTSP),JKT-075,—
雅加达,Graha Zeni AD Matraman,-6.208144,106.8583367,37.4,≥32米,未分类,官方(DPMPTSP),,—
雅加达,APARTEMEN TAMAN PASADENIA,-6.1819342,106.8853734,37.4,≥32米,综合体,官方(DPMPTSP),,Jl. Pulo Mas Timur No. 8-10 RW.002
雅加达,Brawijaya Apartment,-6.2501464,106.8090591,37.3,≥32米,公寓,官方(DPMPTSP),,—
雅加达,PT Jakarta Internasional Expo,-6.1481612,106.845887,37.3,≥32米,商业/店铺,官方(DPMPTSP),,"Gedung Pusat Niaga, Arena JIExpo, Jl. Benyamin Suaeb"
雅加达,TANTO TOWER,-6.1243591,106.8929712,37.3,≥32米,写字楼,官方(DPMPTSP),,JL. YOS SUDARSO NO. 36 RT. 004 RW. 010
雅加达,APARTEMEN CITY PARK TOWER G,-6.130296,106.7358323,37.3,≥32米,综合体,官方(DPMPTSP),JKT-085,JL MALIBU RAYA RT 007 RW 014
雅加达,GEDUNG BNN,-6.246367,106.8709448,37.3,≥32米,写字楼,官方(DPMPTSP),,JL. MT HARYONO 11
雅加达,RSU Kecamatan Kembangan,-6.1946426,106.7359029,37.3,≥32米,医院,官方(DPMPTSP),,—
雅加达,Chase Plaza,-6.2100423,106.8219369,37.2,≥32米,写字楼,官方(DPMPTSP),,"Gedung Chase Plaza Jl. Jend. Sudirman Kav. 21, RT.10/RW.1, Kuningan, Karet, Kecamatan Setiabudi, Kota Jakarta Selatan"
雅加达,Pondok Indah Mall 2,-6.2653634,106.783199,37.2,≥32米,未分类,官方(DPMPTSP),,Jl. Metro Pondok Indah No. - RT 000 RW 000
雅加达,Gedung Menara Dakwah,-6.1843984,106.8449526,37.2,≥32米,写字楼,官方(DPMPTSP),,"Jl. Kramat Raya No.45 , RT.3/RW.4"
雅加达,PT Jakarta Internasional Expo,-6.1480509,106.8465031,37.2,≥32米,商业/店铺,官方(DPMPTSP),,"Gedung Pusat Niaga, Arena JIExpo, Jl. Benyamin Suaeb"
雅加达,（无名）,-6.1907656,106.7660094,37.2,≥32米,未分类,官方(DPMPTSP),,—
雅加达,JAGAT OFFICE BUILDING,-6.1775711,106.8000243,37.2,≥32米,写字楼,官方(DPMPTSP),,JL. TOMANG RAYA NO. 28 RT 005 RW. 001
雅加达,APARTEMEN CITY PARK TOWER A,-6.130989,106.7349507,37.2,≥32米,公寓,官方(DPMPTSP),,JL MALIBU RAYA RT 007 RW 014
雅加达,JASMINE,-6.1322729,106.70539,37.2,≥32米,公寓,官方(DPMPTSP),,JL. BOULEVARD TAMAN SURYA V BLOK EE 1 RT.002 RW.003
雅加达,SAMALA HOTEL JAKARTA,-6.1538114,106.7287801,37.2,≥32米,酒店,官方(DPMPTSP),,JL RAYA DAAN MOGOT NO.2 RT 001 RW 002
雅加达,（无名）,-6.3291523,106.9101227,37.2,≥32米,未分类,官方(DPMPTSP),,—
雅加达,Grha Surya,-6.212936,106.8286022,37.1,≥32米,未分类,官方(DPMPTSP),,—
雅加达,Apartemen Brawijaya,-6.2499695,106.808393,37.1,≥32米,公寓,官方(DPMPTSP),,JL. Brawijaya XII No. 1
雅加达,Gedung BNI 46,-6.1890206,106.8459779,37.1,≥32米,写字楼,官方(DPMPTSP),,"l. Kramat Raya No.154 156, RT.10/RW.3, Kenari, Senen, Central Jakarta City, Jakarta 10430"
雅加达,Hotel Classic,-6.1616468,106.8297013,37.1,≥32米,酒店,官方(DPMPTSP),,"Jl. Samanhudi No.43-45, RT.1/RW.7"
雅加达,KANTOR PT. BANK PERMATA TBK,-6.1552713,106.8189294,37.1,≥32米,写字楼,官方(DPMPTSP),,"JL Hayam Wuruk No. 84-85 RT.009 RW.005, Kel. Maphar, Kec. Taman Sari, Kota Jakarta Barat, Daerah Khusus Ibukota Jakarta 11160"
雅加达,APARTEMEN CITY PARK TOWER F,-6.1310451,106.7360829,37.1,≥32米,综合体,官方(DPMPTSP),JKT-089,JL MALIBU RAYA RT 007 RW 014
雅加达,AONE HOTEL,-6.1863868,106.8280983,37.0,≥32米,酒店,官方(DPMPTSP),,Jl. KH. Wahid Hasyim No. 80-15
雅加达,Wisma Alia,-6.1819878,106.8323885,37.0,≥32米,写字楼,官方(DPMPTSP),,Jl. MI Ridwan Rais No. 10-18 RT. 014 RW. 002
雅加达,RUSUN BENHIL 2,-6.2005579,106.8084592,37.0,≥32米,公寓,官方(DPMPTSP),,"Jl. Penjernihan 1 No.48, RT.1/RW.8"
雅加达,Perlu Input Ulang Data,-6.10748,106.7406235,37.0,≥32米,未分类,官方(DPMPTSP),,—
雅加达,PD PASAR JAYA GLODOK CITY,-6.1427587,106.8141828,37.0,≥32米,商场,官方(DPMPTSP),,"Jalan Glodok Selatan No.1 RT.002 RW.001, GLODOK, TAMANSARI, JAKARTA BARAT, DKI JAKARTA, 11120"
雅加达,RUMAH SAKIT MEDISTRA,-6.2398015,106.8337682,37.0,≥32米,医院,官方(DPMPTSP),,JL. JEND. GATOT SUBROTO KAV.59 / JL. TAMAN PATRA XIV RT. 05 RW. 04
雅加达,RSCM Kirana (UPK Mata),-6.197532,106.8445899,37.0,≥32米,医院,官方(DPMPTSP),,Jl. Kimia No. 10
雅加达,（无名）,-6.2316727,106.8340775,36.9,≥32米,未分类,官方(DPMPTSP),,—
雅加达,Bank Mandiri,-6.2456604,106.8009857,36.9,≥32米,未分类,官方(DPMPTSP),,—
雅加达,Toeti Roosseno Plaza,-6.2572329,106.8153727,36.9,≥32米,酒店,官方(DPMPTSP),,Jalan Bangka Raya No. 11 RT 004 RW 001
雅加达,Pluit Junction,-6.1261885,106.7909489,36.9,≥32米,未分类,官方(DPMPTSP),,—
雅加达,RSU BUNDA JAKARTA,-6.195952,106.8371437,36.9,≥32米,医院,官方(DPMPTSP),,JL. TEUKU CIK DITIRO NO 21 RT 009 RW 002
雅加达,Mal ambassador,-6.2237909,106.8268078,36.8,≥32米,商场,官方(DPMPTSP),,"Jl. Prof. DR. Satrio No.65, RT.11/RW.4,"
雅加达,GEDUNG C,-6.2787068,106.8188544,36.8,≥32米,写字楼,官方(DPMPTSP),,JL. AMPERA RAYA NO. 7
雅加达,HOTEL INDONESIA,-6.1957338,106.8220562,36.8,≥32米,酒店,官方(DPMPTSP),,JL. MH THAMRIN NO 1. JAKARTA PUSAT
雅加达,Kedutaan Besar Federasi Rusia,-6.2195919,106.8308696,36.7,≥32米,未分类,官方(DPMPTSP),,—
雅加达,Hotel Cordela,-6.1835372,106.842778,36.7,≥32米,商业类,官方(DPMPTSP),JKT-091,Jl. Kramat Raya No. 102 RT 02 RW 09
雅加达,Hotel Gren Alia Cikini,-6.1923888,106.838186,36.7,≥32米,酒店,官方(DPMPTSP),,Jl. Cikini Raya No. 46
雅加达,Hotel Ibis,-6.192522,106.841774,36.7,≥32米,酒店,官方(DPMPTSP),,Jl. Raden Saleh Raya No. 41 RT 01/04
雅加达,Breeze Tower,-6.1503146,106.8458984,36.7,≥32米,未分类,官方(DPMPTSP),,—
雅加达,Pusat Pengelolaan Komplek Kemayoran,-6.1520875,106.8418123,36.7,≥32米,写字楼,官方(DPMPTSP),,Jalan Merpati Blok B-14 No. 2 RW 010
雅加达,（无名）,-6.102268,106.8866387,36.7,≥32米,未分类,官方(DPMPTSP),,—
雅加达,LIVING PLAZA,-6.188295,106.7379372,36.7,≥32米,商场,官方(DPMPTSP),,Jalan Putri Harum No. 2
雅加达,RSU Gading Pluit,-6.1664085,106.9161707,36.7,≥32米,医院,官方(DPMPTSP),,Jl. Boulevard Timur RT.005 RW.002
雅加达,Pondok Indah Mall 3 dan Office Tower (Tower 5 dan 6),-6.263832,106.7821375,36.6,≥32米,写字楼,官方(DPMPTSP),,Jl. Sultan Iskandar Muda/Jl. Kartika Utama Blok V/TA Pondok Indah
雅加达,Gedung Kosong,-6.2577424,106.8104059,36.6,≥32米,写字楼,官方(DPMPTSP),,"Jl. Taman Kemang No.14, RT.14/RW.1, Bangka, Kec. Mampang Prpt., Kota Jakarta Selatan, Daerah Khusus Ibukota Jakarta 12730"
雅加达,VINSKI TOWER,-6.2804485,106.7725289,36.6,≥32米,写字楼,官方(DPMPTSP),,Jl. Ciputat Raya No. 22 A
雅加达,D,-6.1765775,106.8346755,36.6,≥32米,未分类,官方(DPMPTSP),,—
雅加达,Masjid Al Huda,-6.1767107,106.8339319,36.6,≥32米,未分类,官方(DPMPTSP),,—
雅加达,Grha 137,-6.1433884,106.8318089,36.6,≥32米,写字楼,官方(DPMPTSP),,Jl. Pangeran Jayakarta Komplek 137
雅加达,GEDUNG PELINDO HEAD,-6.1081544,106.8830868,36.6,≥32米,写字楼,官方(DPMPTSP),JKT-083,JL.Raya Pelabuhan No. 9
雅加达,Landmark Pluit,-6.1241587,106.8000016,36.6,≥32米,写字楼,官方(DPMPTSP),JKT-082,Jl. Pluit Selatan Raya
雅加达,（无名）,-6.1249731,106.9423329,36.6,≥32米,未分类,官方(DPMPTSP),,—
雅加达,Wisma ADR,-6.1258833,106.7948693,36.6,≥32米,写字楼,官方(DPMPTSP),,Jl. Pluit Raya I No. 1
雅加达,Kantor Pusat Brantas Abipraya,-6.240429,106.8771425,36.6,≥32米,写字楼,官方(DPMPTSP),,JL. D.I Panjaitan Kav.14
雅加达,Gedung Bougenville,-6.2960031,106.796715,36.6,≥32米,医院,官方(DPMPTSP),,"Jl. RS. Fatmawati Raya No.4, RT.4/RW.9, Cilandak Bar., Kec. Cilandak, Kota Jakarta Selatan, Daerah Khusus Ibukota Jakarta 12430"
雅加达,RSU Gading Pluit,-6.1660012,106.9158486,36.6,≥32米,医院,官方(DPMPTSP),,Jl. Boulevard Timur RT.005 RW.002
雅加达,RS Sumber Waras,-6.1686422,106.7975837,36.6,≥32米,医院,官方(DPMPTSP),,Jl. Kyai Tapa No. 1
雅加达,Pejaten Village Mall / The Park Pejaten,-6.2802878,106.8295118,36.5,≥32米,商场,官方(DPMPTSP),,JL. WARUNG JATI BARAT / JL. WARUNG BUNCIT RAYA
雅加达,Pasar Mayestik,-6.2409194,106.7910102,36.5,≥32米,商场,官方(DPMPTSP),,Jl. Tebah III No.3
雅加达,HOTEL 88 Mangga Besar Raya,-6.1493508,106.8237594,36.5,≥32米,酒店,官方(DPMPTSP),,"Jl. Raya Mangga Besar No.62, RT.6/RW.1, Taman Sari, Kec. Taman Sari, Kota Jakarta Barat, Daerah Khusus Ibukota Jakarta 11150"
雅加达,GRAHA SNJ,-6.2306111,106.8460612,36.4,≥32米,商场,官方(DPMPTSP),,"JL. PROF DR. SOEPOMO, S.H. RT 002 RW 015"
雅加达,Graha Ebenezer,-6.2128482,106.8289085,36.4,≥32米,未分类,官方(DPMPTSP),,—
雅加达,Komisi Pemberantasan Korupsi,-6.2122896,106.8310248,36.4,≥32米,写字楼,官方(DPMPTSP),,HR Rasuna Said Kav C1 RT 3 RW 1 Kel. Karet Kec Setiabudi
雅加达,PARKIRAN,-6.1840663,106.8215137,36.4,≥32米,写字楼,官方(DPMPTSP),,JL. KAMPUNG BALI XXXIV
雅加达,Graha Pertamina,-6.1777805,106.8334344,36.4,≥32米,未分类,官方(DPMPTSP),,—
雅加达,（无名）,-6.1052452,106.8019525,36.4,≥32米,未分类,官方(DPMPTSP),,—
雅加达,Hotel Neo Puri Indah,-6.1844531,106.7362636,36.4,≥32米,酒店,官方(DPMPTSP),,"Jl. Kembangan Raya No.8, Kembangan Utara, Kec. Kembangan, Kota Jakarta Barat, Daerah Khusus Ibukota Jakarta 11610"
雅加达,Wisma Perumnas,-6.2416366,106.8767398,36.4,≥32米,写字楼,官方(DPMPTSP),,"Jl, Di Panjaitan Kavling 11"
雅加达,Puskesmas Meruya Selatan I,-6.2093275,106.7385493,36.4,≥32米,医院,官方(DPMPTSP),,—
雅加达,GEDUNG O,-6.2786027,106.8181382,36.3,≥32米,写字楼,官方(DPMPTSP),,JL. Ampera raya no. 7
雅加达,Penerbit UI,-6.1940367,106.8465531,36.3,≥32米,未分类,官方(DPMPTSP),,—
雅加达,（无名）,-6.152523,106.8926763,36.3,≥32米,未分类,官方(DPMPTSP),,—
雅加达,PT TMMIN - Head Office,-6.1415489,106.8900929,36.3,≥32米,写字楼,官方(DPMPTSP),,"Jl. Yos Sudarso No.10, RT.10/RW.6, Sungai Bambu, Kec. Tj. Priok"
雅加达,WISMA PRESISI,-6.1924079,106.7437406,36.3,≥32米,写字楼,官方(DPMPTSP),,"Jl. Taman Aries blom A1 no.1, RT.5/RW.2, Meruya Utara, Kec. Kembangan, Kota Jakarta Barat, Daerah Khusus Ibukota Jakarta 11620"
雅加达,Graha Matapel,-6.188099,106.7736019,36.3,≥32米,写字楼,官方(DPMPTSP),,Jl. Arjuna Utara No. 46 RT. 009 RW. 001
雅加达,Amaris Hotel Tebet,-6.2347565,106.8446394,36.2,≥32米,酒店,官方(DPMPTSP),,Jl. Prof. DR Soepomo SH No.33 Rt.012 Rw.03
雅加达,（无名）,-6.2684439,106.8527122,36.2,≥32米,未分类,官方(DPMPTSP),,—
雅加达,JANTO BUILDING/GLAMOUR AUTO BOUTIQUE,-6.2539185,106.7820608,36.2,≥32米,商业/店铺,官方(DPMPTSP),,JL. ARTERI / JL. SULTAN ISKANDAR MUDA NO.9
雅加达,Plaza Timor,-6.1902149,106.8243579,36.2,≥32米,写字楼,官方(DPMPTSP),,Jl. Timor No. 2 RT. 009 RW. 004
雅加达,Hanurata Graha,-6.1835689,106.8265022,36.2,≥32米,写字楼,官方(DPMPTSP),,"Jl. Kebon Sirih No.67-69 Lantai 6, RT.3/RW.2, Kb. Sirih, Kec. Menteng, Kota Jakarta Pusa"
雅加达,Perlu Input Ulang Data,-6.2290336,106.7974788,36.2,≥32米,未分类,官方(DPMPTSP),,—
雅加达,Gedung Bisnis Jakarta Islamic Centre,-6.1234947,106.9175592,36.2,≥32米,写字楼,官方(DPMPTSP),,"Jl. Kramat Jaya Raya No.1, RT.6/RW.1, Tugu Utara, Kec. Koja, Jkt Utara, Daerah Khusus Ibukota Jakarta 14260"
雅加达,MANGGA DUA SQUARE,-6.1376156,106.8315464,36.2,≥32米,商场,官方(DPMPTSP),,"Jalan Gunung Sahari No. 1, Kelurahan Ancol, Kecamatan Pademangan, Jakarta Utara"
雅加达,Panorama Building,-6.1738832,106.8037268,36.2,≥32米,写字楼,官方(DPMPTSP),,"Jl. Tomang Raya No.63, RT.2/RW.13, Tomang, Kec. Grogol petamburan, Kota Jakarta Barat, Daerah Khusus Ibukota Jakarta 11440"
雅加达,RSUD Jati Padang,-6.2855525,106.842325,36.2,≥32米,医院,官方(DPMPTSP),,JL. RAYA RAGUNAN NO.16-17
雅加达,Graha Mental Spiritual,-6.1995269,106.8135709,36.1,≥32米,写字楼,官方(DPMPTSP),,Jalan Haji Jl. Awaludin II No.17
雅加达,Jakarta Design Center (JDC),-6.2016589,106.8009851,36.1,≥32米,写字楼,官方(DPMPTSP),,Jl. Jend. Gatot Subroto Kav. 53 RT. 007 RW. 007
雅加达,Menara BNI,-6.2042174,106.8022261,36.1,≥32米,写字楼,官方(DPMPTSP),,"Jl. Pejompongan Raya 7-23 RT/RW 001/005, Kel. Bendungan Hilir, Kec. Tanah Abang, Jakarta Pusat"
雅加达,（无名）,-6.1335865,106.9174971,36.1,≥32米,未分类,官方(DPMPTSP),,—
雅加达,QUADRA CENTRUM,-6.1917421,106.7479474,36.1,≥32米,写字楼,官方(DPMPTSP),,Jl. Taman Aries Blok E.1
雅加达,Plaza Summarecon,-6.1732987,106.8899698,36.1,≥32米,写字楼,官方(DPMPTSP),,Jalan Perintis Kemerdekaan No. 42 RT.010 RW.016
雅加达,（无名）,-6.1818117,106.9257938,36.1,≥32米,未分类,官方(DPMPTSP),,—
雅加达,GEDUNG Prof. Dr. RASMIN RASJID,-6.2028381,106.8846253,36.1,≥32米,医院,官方(DPMPTSP),,JL. PERSAHABATAN RAYA NO. 1 RT 016 RW 013
雅加达,RSUD Pasar Rebo Gedung B,-6.3034078,106.8619546,36.1,≥32米,医院,官方(DPMPTSP),,Jl. TB. Simatupang No. 30 RT. 009 RW. 002
雅加达,Apartemen Simprug Indah,-6.233563,106.7877081,36.0,≥32米,未分类,官方(DPMPTSP),,—
雅加达,Tedja Buana,-6.1857007,106.8364069,36.0,≥32米,写字楼,官方(DPMPTSP),,Jl. Menteng Raya No. 29
雅加达,Erian Hotel,-6.1876164,106.8292123,36.0,≥32米,酒店,官方(DPMPTSP),,Jl. KH Wahid Hasyim No. 45
雅加达,Hotel Alia Cikini,-6.1909262,106.8378251,36.0,≥32米,酒店,官方(DPMPTSP),,Jl. Cikini Raya No. 32
雅加达,Vihara Maha Dharma,-6.1604867,106.8164682,36.0,≥32米,未分类,官方(DPMPTSP),,—
雅加达,GEDUNG REGIONAL 2 PELINDO,-6.1077607,106.8839577,36.0,≥32米,写字楼,官方(DPMPTSP),JKT-092,JL Raya Pelabuhan NO 9
雅加达,Graha Indomak,-6.156427,106.8959127,36.0,≥32米,写字楼,官方(DPMPTSP),,Jl. Boulevard Bukit Gading Raya No. 1
雅加达,PT. Bina Nusantara Perkasa,-6.2424093,106.8613529,35.9,≥32米,商业/店铺,官方(DPMPTSP),,"Jl. Letjen M.T. Haryono No.Kav. 6, Tebet Bar., Kec. Tebet, Kota Jakarta Selatan, Daerah Khusus Ibukota Jakarta 12830"
雅加达,Masjid Jami' At-Taqwa,-6.2095883,106.7953087,35.9,≥32米,未分类,官方(DPMPTSP),,—
雅加达,（无名）,-6.1841714,106.8357278,35.9,≥32米,未分类,官方(DPMPTSP),,—
雅加达,Kereta Api Jakarta Railway Center,-6.1661671,106.8293279,35.9,≥32米,未分类,官方(DPMPTSP),,—
雅加达,Hotel Banyuwangi Sintera,-6.1622434,106.8311487,35.9,≥32米,酒店,官方(DPMPTSP),,Jl. Samanhudi No.32-34B
雅加达,（无名）,-6.1252457,106.8334473,35.9,≥32米,未分类,官方(DPMPTSP),,—
雅加达,Panin Bank,-6.1341856,106.8079655,35.9,≥32米,未分类,官方(DPMPTSP),,—
雅加达,（无名）,-6.2091163,106.9151122,35.9,≥32米,未分类,官方(DPMPTSP),,—
雅加达,RSUD CENGKARENG Gedung A,-6.1427917,106.7350667,35.9,≥32米,医院,官方(DPMPTSP),,JL.KAMAL RAYA BUMI CENGKARENG INDAH NO 1 RT 013 RW 010
雅加达,Colony Kemang,-6.2555147,106.8104082,35.8,≥32米,写字楼,官方(DPMPTSP),,"Colony 6 Kemang, Jl. Kemang Raya No.6, Bangka, Kec. Mampang Prpt., Kota Jakarta Selatan, Daerah Khusus Ibukota Jakarta 12730"
雅加达,Blok Delta,-6.2569599,106.8082684,35.8,≥32米,综合体,官方(DPMPTSP),,"Jalan Pangeran Antasari No. 14, RT 5/RW 2, 12150"
雅加达,BAF PLAZA,-6.3012029,106.8415775,35.8,≥32米,写字楼,官方(DPMPTSP),,Jl. Tanjung Barat Raya No. 121 RT 014 RW 04 Tanjung Barat
雅加达,A,-6.2564996,106.8282765,35.8,≥32米,写字楼,官方(DPMPTSP),,JL.BUNCIT RAYA NO 24 RT 11 RW 2
雅加达,SEYEON BUILDING,-6.2913268,106.780084,35.8,≥32米,写字楼,官方(DPMPTSP),,JL. T.B. SIMATUPANG / JL. ADHYAKSA RAYA (D/H. JL. ADYAKSA / JL. ADHIAKSA / JL. ADHIYAKSA) / JL. H. ILYAS KEL. LEBAK BULUS KEC. CILANDAK
雅加达,Hotel Ibis Tamarin,-6.1875516,106.8268327,35.8,≥32米,酒店,官方(DPMPTSP),,"Jl. K.H. Wahid Hasyim No.77, RT.1/RW.4, Gondangdia, Kec. Menteng, Daerah Khusus Ibukota Jakarta 10340"
雅加达,Kantor Sarana Jaya,-6.1793521,106.8192837,35.8,≥32米,写字楼,官方(DPMPTSP),,Jl. Tanah Abang Timur No. 13
雅加达,（无名）,-6.1504108,106.8911262,35.8,≥32米,未分类,官方(DPMPTSP),,—
雅加达,ITC Mangga Dua,-6.135701,106.8242229,35.8,≥32米,商场,官方(DPMPTSP),,Jl. Mangga Dua Raya
雅加达,Britz Hotel,-6.1829578,106.7513944,35.8,≥32米,酒店,官方(DPMPTSP),,Jl.Kembang Abadi Utama Nomer 1 RT 01 RW 08 Kelurahan Kembangan Selatan
雅加达,PT Japfa Comfeed Indonesia Tbk,-6.1540602,106.7461605,35.8,≥32米,写字楼,官方(DPMPTSP),,JL DAAN MOGOT KM 12 NO.9 RT 012 RW 013
雅加达,Plaza PP,-6.3030292,106.8573017,35.8,≥32米,写字楼,官方(DPMPTSP),,Jl. TB. Simatupang No. 57
雅加达,PLN UP3 JATINEGARA,-6.2214451,106.868509,35.8,≥32米,写字楼,官方(DPMPTSP),,Jl. Jatinegara Timur No. 75 Kel. Bali Mester Kec. Jatinegara Jakarta Timur
雅加达,Hotel Sutasoma,-6.2539092,106.7983375,35.7,≥32米,酒店,官方(DPMPTSP),,JL. DARMAWANGSA II/2 (D/H JL. DARMAWANGSA RAYA NO. 2 BLOK P/1 PERSIL NO. 42) / JL. WIJAYA II NO. 42
雅加达,Blok A,-6.2650253,106.8284675,35.7,≥32米,综合体,官方(DPMPTSP),,Jl. Warung Jati Barat No.83 RT.012 RW.009
雅加达,WISMA TUGU RADEN SALEH,-6.1920562,106.8414693,35.7,≥32米,写字楼,官方(DPMPTSP),,Jl. Raden Saleh No. 44
雅加达,Astragraphia,-6.1842746,106.8444296,35.7,≥32米,写字楼,官方(DPMPTSP),,"Jl. Kramat Raya No.43 , RT.3/RW.4"
雅加达,Masjid Baitul Ihsan,-6.180528,106.8188858,35.7,≥32米,未分类,官方(DPMPTSP),,—
雅加达,Hotel Maple,-6.1660205,106.7826591,35.7,≥32米,酒店,官方(DPMPTSP),,Jalan Daan Mogot Dalam Kali Sekretaris No.55 RT.005 RW.001
雅加达,GEDUNG MAYORA,-6.1774044,106.7990865,35.7,≥32米,写字楼,官方(DPMPTSP),,"Jl. Tomang Raya No.21-23, RT.1/RW.1, Tomang, Kec. Grogol petamburan, Kota Jakarta Barat, Daerah Khusus Ibukota Jakarta 11440"
雅加达,A Life Building,-6.1687383,106.7785204,35.7,≥32米,未分类,官方(DPMPTSP),,—
雅加达,RSIA Brawijaya Saharjo,-6.224567,106.8479708,35.7,≥32米,医院,官方(DPMPTSP),,Jl. Dr.Saharjo No.199 Rt.001 Rw.01
雅加达,Rumah Sakit Royal Progress,-6.1396601,106.8654678,35.7,≥32米,医院,官方(DPMPTSP),,JL. DANAU SUNTER UTARA BLOK F25 NO. 12
雅加达,GEDUNG BRIN,-6.2286995,106.8172196,35.6,≥32米,写字楼,官方(DPMPTSP),,"Jl. Gatot Subroto Kav.10, RT.6/RW.1"
雅加达,TOWER B,-6.2911503,106.8190888,35.6,≥32米,写字楼,官方(DPMPTSP),,JL. AMPERA RAYA RT. 007 RW. 002
雅加达,Blok C,-6.2651036,106.8274208,35.6,≥32米,综合体,官方(DPMPTSP),,Jl. Warung Jati Barat No.83 RT.012 RW.009
雅加达,Kantor Sekretariat Militer Republik Indonesia,-6.1689899,106.8279003,35.6,≥32米,未分类,官方(DPMPTSP),,—
雅加达,Wisma Bhakti Mulya,-6.1897073,106.846445,35.6,≥32米,写字楼,官方(DPMPTSP),,"Jalan Kramat Raya 160, Jakarta, Indonesia 10430"
雅加达,SMK Farmasi DITKESAD,-6.175464,106.8349549,35.6,≥32米,未分类,官方(DPMPTSP),,—
雅加达,Rumah Duka Sentosa,-6.1755506,106.8354737,35.6,≥32米,未分类,官方(DPMPTSP),,—
雅加达,Mercure Hotel and Convention,-6.1223168,106.8365951,35.6,≥32米,非住宅,官方(DPMPTSP),,Jl. Pantai Indah Ancol Taman Impian
雅加达,Sunlake Waterfront Resort And Convention,-6.146961,106.8798146,35.6,≥32米,酒店,官方(DPMPTSP),,Jl. Danau Permai Raya Blok C 1 Rt.002 Rw.014
雅加达,MAP (MULTI AGRO PRIMA),-6.2086433,106.7709893,35.6,≥32米,写字楼,官方(DPMPTSP),,JL. PANJANG ARTERI NO. 69 RT. 001 RW. 002
雅加达,PJS Tower,-6.1527544,106.7177664,35.6,≥32米,未分类,官方(DPMPTSP),,—
雅加达,United Tractors,-6.1839124,106.9318227,35.6,≥32米,商业/店铺,官方(DPMPTSP),,Jl. Raya Bekasi KM. 22 Wing Area RT.001 RW.001
雅加达,Amethyst Tower,-6.1449299,106.8386452,35.5,≥32米,未分类,官方(DPMPTSP),,—
雅加达,KANTOR PUSAT PT TASPEN ( PERSERO ),-6.1732017,106.8622876,35.5,≥32米,写字楼,官方(DPMPTSP),,"Jl. Letjen Suprapto No. 45, Rt 1 Rw 3"
雅加达,Transmart Carrefour Cempaka Putih,-6.1687932,106.8768124,35.5,≥32米,商场,官方(DPMPTSP),,"Jl. Jenderal Ahmad Yani No.83, RT.10/RW.7, Cemp. Putih Tim., Kec. Cemp. Putih, Kota Jakarta Pusat, Daerah Khusus Ibukota Jakarta 10510"
雅加达,Bank DKI,-6.165722,106.823234,35.5,≥32米,未分类,官方(DPMPTSP),,—
雅加达,Gedung LRT Pegangsaan Dua,-6.1569159,106.9151613,35.5,≥32米,写字楼,官方(DPMPTSP),,"Jl. Raya Kelapa Nias, RW. 025"
雅加达,MANGGA DUA SQUARE,-6.1382513,106.8316063,35.5,≥32米,商场,官方(DPMPTSP),,JL. GUNUNG SAHARI RAYA NO. 1
雅加达,Hotel Mega Anggrek,-6.1850729,106.7903219,35.5,≥32米,酒店,官方(DPMPTSP),,"Jl. Arjuna Sel. No.4, RT.2/RW.8"
雅加达,TOWER A,-6.1809611,106.9045297,35.5,≥32米,综合体,官方(DPMPTSP),,JL. PERINTIS KEMERDEKAAN KAV.99
雅加达,RS Sumber Waras,-6.1683661,106.7978925,35.5,≥32米,医院,官方(DPMPTSP),,Jl. Kyai Tapa No. 1
雅加达,COSMO AMAROOSSA HOTEL,-6.2763094,106.8087934,35.4,≥32米,酒店,官方(DPMPTSP),,"JL. PANGERAN ANTASARI, NO. 9A-B"
雅加达,Unit II,-6.2175346,106.8286641,35.4,≥32米,未分类,官方(DPMPTSP),,—
雅加达,RPX Building,-6.2808557,106.7724924,35.4,≥32米,写字楼,官方(DPMPTSP),,Jl. Ciputat Raya No. 100
雅加达,Senayan Park,-6.2126272,106.8035175,35.4,≥32米,商场,官方(DPMPTSP),,JL. Gerbang Pemuda No.3 RT.02 RW.01 Kelurahan Gelora Kecamatan Tanah Abang Jakarta Pusat
雅加达,Tanoto Foundation,-6.1976321,106.8224244,35.4,≥32米,写字楼,官方(DPMPTSP),,Jl. Teluk Betung No.33
雅加达,Bank Central Asia,-6.1879454,106.8167816,35.4,≥32米,未分类,官方(DPMPTSP),,—
雅加达,（无名）,-6.1817925,106.8189768,35.4,≥32米,未分类,官方(DPMPTSP),,—
雅加达,（无名）,-6.1221499,106.8132867,35.4,≥32米,未分类,官方(DPMPTSP),,—
雅加达,TELKOM AKSES,-6.1747332,106.7936557,35.4,≥32米,写字楼,官方(DPMPTSP),,"Jl. Letjen S. Parman No.Kav 8 1, RT.001/RW.007, Tomang, Grogol Petamburan, Kota Jakarta Barat, Daerah Khusus Ibukota Jakarta 11440"
雅加达,GRAHA MIR,-6.1924805,106.8806378,35.4,≥32米,写字楼,官方(DPMPTSP),,"JL. PEMUDA NO.9, RT.01 RW.03, KEL. RAWAMANGUN, KEC. PULOGADUNG"
雅加达,Paviliun Anggrek,-6.2959524,106.796062,35.4,≥32米,医院,官方(DPMPTSP),,"Jl. RS. Fatmawati Raya No.33A, RT.4/RW.4, Cilandak Bar., Kec. Cilandak, Kota Jakarta Selatan, Daerah Khusus Ibukota Jakarta 12430"
雅加达,Kantor,-6.1909838,106.8245054,35.3,≥32米,写字楼,官方(DPMPTSP),,—
雅加达,Pasar Pluit,-6.1209487,106.7895143,35.3,≥32米,未分类,官方(DPMPTSP),,—
雅加达,Mall of Indonesia,-6.1503643,106.8918057,35.3,≥32米,未分类,官方(DPMPTSP),,—
雅加达,（无名）,-6.1466284,106.7084462,35.3,≥32米,未分类,官方(DPMPTSP),,—
雅加达,Puri Indah Mall,-6.1889995,106.7335845,35.3,≥32米,商场,官方(DPMPTSP),,—
雅加达,（无名）,-6.1799699,106.9262852,35.3,≥32米,未分类,官方(DPMPTSP),,—
雅加达,RS PREMIER Jatinegara,-6.2216781,106.868834,35.3,≥32米,医院,官方(DPMPTSP),,"Jl. Raya Jatinegara Timur No. 85-87, RT. 02/RW.2, Bali Mester, Jatinegara, Kota Jakarta Timur, Daerah Khusus Ibukota Jakarta 13310"
雅加达,GRAHA ARDA,-6.2105412,106.8298827,35.2,≥32米,写字楼,官方(DPMPTSP),,Jl. H.R. Rasuna said Kav B6
雅加达,Gedung Pos Ibukota,-6.1677521,106.8349418,35.2,≥32米,写字楼,官方(DPMPTSP),,Jalan Lapangan Banteng Utara No. 1
雅加达,Sindo,-6.1857212,106.8314534,35.2,≥32米,写字楼,官方(DPMPTSP),,Jl. KH. Wahid Hasyim No. 36
雅加达,Perhotelan,-6.1650631,106.8417776,35.2,≥32米,酒店,官方(DPMPTSP),,Jl. Bungur Besar Raya No. 79-81
雅加达,（无名）,-6.1600276,106.8340585,35.2,≥32米,未分类,官方(DPMPTSP),,—
雅加达,（无名）,-6.1160229,106.8625535,35.2,≥32米,未分类,官方(DPMPTSP),,—
雅加达,（无名）,-6.1239758,106.8002822,35.2,≥32米,未分类,官方(DPMPTSP),,—
雅加达,Hotel Ibis Budget Jakarta Daan Mogot,-6.1616625,106.7718237,35.2,≥32米,酒店,官方(DPMPTSP),,Jl. Raya Daan Mogot No.50 B
雅加达,Bali United Office,-6.1816459,106.7676589,35.2,≥32米,写字楼,官方(DPMPTSP),,Jalan Panjang  No.29  RT.008 RW.01
雅加达,WISMA LAMPUNG,-6.1767962,106.8010387,35.2,≥32米,酒店,官方(DPMPTSP),,JL. TOMANG RAYA NO.38 RT.005 RW.001
雅加达,GRAND ITC PERMATA HIJAU,-6.2206347,106.7830986,35.1,≥32米,综合体,官方(DPMPTSP),,Jl. Letjen Soepeno No. 11
雅加达,GEDUNG D'CARTAIL & GEDUNG ASIA OUTSOURCING SERVICE,-6.2512715,106.7912848,35.1,≥32米,写字楼,官方(DPMPTSP),,"Jl. Radio Dalam Raya No.18 5, RT.5/RW.8, Gandaria Utara, Kec. Kby. Baru, Kota Jakarta Selatan, Daerah Khusus Ibukota Jakarta 12140"
雅加达,TK Fatahillah,-6.2735336,106.8299685,35.1,≥32米,未分类,官方(DPMPTSP),,—
雅加达,Globe Building,-6.269882,106.8304686,35.1,≥32米,未分类,官方(DPMPTSP),,JL. Tuti Alawiyah  Kav 31-33
雅加达,Plaza Blok M Mall,-6.2441669,106.7975899,35.1,≥32米,商场,官方(DPMPTSP),,JL. Bulungan No. 76 RT006 RW 006
雅加达,Inspektorat Jenderal Kementerian Dalam Negeri,-6.1754808,106.831473,35.1,≥32米,未分类,官方(DPMPTSP),,—
雅加达,Celestial Tower,-6.1507073,106.8463406,35.1,≥32米,未分类,官方(DPMPTSP),,—
雅加达,（无名）,-6.1255293,106.9424383,35.1,≥32米,未分类,官方(DPMPTSP),,—
雅加达,ITC Mangga Dua,-6.1348123,106.8251712,35.1,≥32米,商场,官方(DPMPTSP),,Jl. Mangga Dua Raya
雅加达,THE CAPITOL GRUP,-6.1922951,106.7977633,35.1,≥32米,写字楼,官方(DPMPTSP),,"Jl. Letjen S. Parman No.Kav 73, RT.4/RW.3, Slipi, Kec. Palmerah, Kota Jakarta Barat, Daerah Khusus Ibukota Jakarta 11410"
雅加达,KANTOR PUSAT PT TASPEN ( PERSERO ),-6.1734844,106.8616354,35.0,≥32米,写字楼,官方(DPMPTSP),,"Jl. Letjen Suprapto  No. 45, Rt 1 Rw 3"
雅加达,Hotel Ibis,-6.1833853,106.8426032,35.0,≥32米,酒店,官方(DPMPTSP),JKT-091,"Jl. Kramat Raya No.100, Kwitang, Kec. Senen, Jakarta, Daerah Khusus Ibukota Jakarta 10420"
雅加达,Pluit Junction,-6.1259623,106.7914892,35.0,≥32米,未分类,官方(DPMPTSP),,—
雅加达,Hotel Arwana,-6.1497123,106.8259219,35.0,≥32米,酒店,官方(DPMPTSP),,"Jl. Mangga Besar VIII No.7, Taman Sari, Kec. Taman Sari, Kota Jakarta Barat, Daerah Khusus Ibukota Jakarta 11150"
雅加达,AMC (Advance Medical Center),-6.1200822,106.7829889,35.0,≥32米,医院,官方(DPMPTSP),,—
雅加达,Pejaten Village Mall / The Park Pejaten,-6.2806805,106.8292005,34.9,≥32米,商场,官方(DPMPTSP),,JL. WARUNG JATI BARAT / JL. WARUNG BUNCIT RAYA
雅加达,ITC Roxy Mas,-6.1671566,106.8029691,34.9,≥32米,商场,官方(DPMPTSP),,Jl. KH. Hasyim Ashari No. 125
雅加达,Gedung Graha Anugrah,-6.1965141,106.8213333,34.9,≥32米,写字楼,官方(DPMPTSP),,Jl. Tlk. Betung I No.42C
雅加达,Pertokoan,-6.1876838,106.8167075,34.9,≥32米,商业/店铺,官方(DPMPTSP),,"Jl. Kb. Kacang 1 No.9 13, RT.13/RW.6, Kb. Kacang, Kecamatan Tanah Abang, Kota Jakarta Pusat, Daerah Khusus Ibukota Jakarta 10240"
雅加达,BNI,-6.166089,106.8101934,34.9,≥32米,未分类,官方(DPMPTSP),,—
雅加达,（无名）,-6.1667912,106.9254617,34.9,≥32米,未分类,官方(DPMPTSP),,—
雅加达,Menara Bidakara 1,-6.2401334,106.8412522,34.8,≥32米,综合体,官方(DPMPTSP),,"Jl. Gatot Subroto Kav. 71-73, RT. 001 RW. 004"
雅加达,Invinia,-6.2123589,106.8357064,34.8,≥32米,综合体,官方(DPMPTSP),JKT-056,JL. KUNINGAN MULIA LOT. 15
雅加达,SMA Negeri 25 Jakarta,-6.1673134,106.8142767,34.8,≥32米,未分类,官方(DPMPTSP),,—
雅加达,Destiny Tower,-6.1506113,106.8469294,34.8,≥32米,未分类,官方(DPMPTSP),,—
雅加达,GEDUNG MALL MANGGA DUA,-6.1371132,106.823955,34.8,≥32米,商场,官方(DPMPTSP),,Jl. Raya Mangga Dua RT. 1 RW. 12
雅加达,Wisma Narada,-6.1442424,106.8651143,34.8,≥32米,其他,官方(DPMPTSP),,Jl. Danau Agung 2 No.22
雅加达,MITRA PRAJA,-6.1331176,106.8640973,34.8,≥32米,写字楼,官方(DPMPTSP),,"VV87+JRR, RT.5/RW.18, Sunter Agung, Tanjung Priok, North Jakarta City, Jakarta 14350"
雅加达,（无名）,-6.108847,106.9479963,34.8,≥32米,未分类,官方(DPMPTSP),,—
雅加达,（无名）,-6.1923344,106.7354362,34.8,≥32米,未分类,官方(DPMPTSP),,—
雅加达,Gedung BI,-6.181777,106.8223362,34.7,≥32米,写字楼,官方(DPMPTSP),,"Jl. Kebon Sirih No.72-74, RT.2/RW.3"
雅加达,WISMA INDOMOBIL 2,-6.2425937,106.8636554,34.7,≥32米,写字楼,官方(DPMPTSP),,Jl M.T Haryono Kav. 9
雅加达,Pusdiklat RSAB Harapan Kita,-6.185259,106.8001723,34.7,≥32米,医院,官方(DPMPTSP),JKT-086,—
雅加达,Hotel Diradja,-6.2398396,106.8201651,34.6,≥32米,酒店,官方(DPMPTSP),,"Jl. Kapten Tendean No.38, RT.2/RW.5"
雅加达,SOPO DEL TOWER,-6.2306416,106.8234882,34.6,≥32米,写字楼,官方(DPMPTSP),,"Jl. Mega Kuningan Barat III, Lot 10. 1-6"
雅加达,Tedja Buana,-6.1855143,106.8367639,34.6,≥32米,写字楼,官方(DPMPTSP),,"Jl. Menteng Raya, No. 29"
雅加达,Kantor PT SANTOS JAYA ABADI,-6.1828029,106.8122789,34.6,≥32米,写字楼,官方(DPMPTSP),,JL.JATIBARU NO 58 DAN JL.JATIBARU BARAT No. 1-3
雅加达,Swiss-Bel inn Wahid Hasyim (EAST TOWER),-6.1873159,106.8206729,34.6,≥32米,酒店,官方(DPMPTSP),,"Jl. K.H. Wahid Hasyim No.135 - 137, RT.9/RW.2, Kb. Kacang, Kecamatan Tanah Abang, Kota Jakarta Pusat, Daerah Khusus Ibukota Jakarta 10240"
雅加达,（无名）,-6.1696004,106.8293577,34.6,≥32米,未分类,官方(DPMPTSP),JKT-093,—
雅加达,Alfamart,-6.161042,106.8197404,34.6,≥32米,未分类,官方(DPMPTSP),,—
雅加达,Paviliun Kartika,-6.1762475,106.8377071,34.6,≥32米,未分类,官方(DPMPTSP),,—
雅加达,（无名）,-6.1757964,106.8373498,34.6,≥32米,未分类,官方(DPMPTSP),,—
雅加达,Pt. Claris,-6.1255667,106.7792936,34.6,≥32米,写字楼,官方(DPMPTSP),,"JL. Pluit Karang Karya Blok A Selatan No. 28 - North Jakarta, RT.7/RW.16, Pejagalan, Penjaringan, North Jakarta City, Jakarta 14450"
雅加达,（无名）,-6.1264234,106.7461099,34.6,≥32米,未分类,官方(DPMPTSP),,—
雅加达,WonderMind Pluit Village,-6.1163871,106.789561,34.6,≥32米,未分类,官方(DPMPTSP),,—
雅加达,Pusat Grosir Perniagaan (PD. PASAR JAYA PERNIAGAAN),-6.1424161,106.8093393,34.6,≥32米,商场,官方(DPMPTSP),,JL. PERNIAGAAN RAYA NO.25 RT.007 RW.001
雅加达,SPARK LIFE HOTEL,-6.1498358,106.8220917,34.6,≥32米,酒店,官方(DPMPTSP),,"Jl. Raya Mangga Besar No.42 , RT.4/RW.2, Taman Sari, Kec. Taman Sari, Kota Jakarta Barat, Daerah Khusus Ibukota Jakarta 11150"
雅加达,TOWER C,-6.2912444,106.8177011,34.5,≥32米,写字楼,官方(DPMPTSP),,Jl. Ampera Raya No. 1
雅加达,（无名）,-6.2633831,106.8086642,34.5,≥32米,未分类,官方(DPMPTSP),,—
雅加达,Gedung Perkantoran,-6.1811236,106.8394632,34.5,≥32米,写字楼,官方(DPMPTSP),,"Jl. Kramat Kwitang No.21, Kwitang, Kec. Senen, Kota Jakarta Pusat, Daerah Khusus Ibukota Jakarta 10420"
雅加达,Kantor,-6.1772368,106.819058,34.5,≥32米,写字楼,官方(DPMPTSP),,Jl. Abdul Muis No. 60
雅加达,Masjid At Taqwa,-6.1693358,106.8293949,34.5,≥32米,未分类,官方(DPMPTSP),JKT-093,—
雅加达,PLAZA KOJA,-6.113847,106.8937749,34.5,≥32米,商业/店铺,官方(DPMPTSP),,Jl. Yos Sudarso No. 30 RT.009 RW.002
雅加达,The Suites Tower,-6.1130558,106.736276,34.5,≥32米,未分类,官方(DPMPTSP),,—
雅加达,SIBALEC,-6.1380789,106.7881501,34.5,≥32米,写字楼,官方(DPMPTSP),,"Jl. Bidara Raya No.1/47 11, RT.2/RW.6, Pejagalan, Kec. Penjaringan, Jkt Utara, Daerah Khusus Ibukota Jakarta 14450"
雅加达,D'lofts Apartment,-6.203841,106.785332,34.5,≥32米,综合体,官方(DPMPTSP),,jalan komplek sandang jalan rawa belong e12 no. 8 RT7/RW10
雅加达,ICON RESIDENCE,-6.2019692,106.7830404,34.5,≥32米,综合体,官方(DPMPTSP),,"Jl. Rw. Belong No.68 9, RT.9/RW.15, Palmerah, Kec. Palmerah, Kota Jakarta Barat, Daerah Khusus Ibukota Jakarta 11480"
雅加达,Posto Dormire Hotel,-6.1657109,106.7965118,34.5,≥32米,酒店,官方(DPMPTSP),,Jl. Dr. Susilo Raya No.3 RT. 001/RW. 003
雅加达,yellowmanggarai,-6.210592,106.8453753,34.4,≥32米,酒店,官方(DPMPTSP),,JL. MINANGKABAU NO. 9-11
雅加达,RPX Building,-6.28035,106.7718084,34.4,≥32米,未分类,官方(DPMPTSP),JKT-057,—
雅加达,（无名）,-6.1476195,106.8365254,34.4,≥32米,未分类,官方(DPMPTSP),,—
雅加达,Amethyst Club,-6.2121756,106.8173068,34.4,≥32米,其他,官方(DPMPTSP),,Jalan K.H. Mas Mansyur No.13
雅加达,Atrium Mall,-6.1764196,106.8411098,34.4,≥32米,未分类,官方(DPMPTSP),,—
雅加达,NY. DEWI KAM & KANNY KAMDRAWATI,-6.224301,106.8191162,34.3,≥32米,住宅类,官方(DPMPTSP),,JL. KARET SAWAH RT. 007/003
雅加达,Pondok Indah Mall 2,-6.2658531,106.7828143,34.3,≥32米,商业/店铺,官方(DPMPTSP),,Jl. Metro Pondok Indah No. - RT 000 RW 000
雅加达,Kantor Gapura Angkasa,-6.1540329,106.842813,34.3,≥32米,写字楼,官方(DPMPTSP),JKT-094,Jl. Merpati 3 Blok B-12 Kav 7  RW. 010
雅加达,PT. ALIA DIGITAL PRINTEX,-6.1968935,106.9148018,34.3,≥32米,写字楼,官方(DPMPTSP),,"Jl. Rw. Terate II No.8, RW.9, Jatinegara, Kec. Cakung"
雅加达,PSKD 4,-6.243128,106.7962446,34.2,≥32米,未分类,官方(DPMPTSP),,—
雅加达,Telkom Indonesia,-6.2364513,106.7991447,34.2,≥32米,未分类,官方(DPMPTSP),,—
雅加达,Gedung Nusantara III,-6.2090487,106.7997493,34.2,≥32米,未分类,官方(DPMPTSP),,—
雅加达,WISMA 47,-6.1690574,106.8103689,34.2,≥32米,写字楼,官方(DPMPTSP),,JL. CIDENG BARAT 20
雅加达,GEDUNG REGIONAL 2,-6.1079887,106.8840287,34.2,≥32米,写字楼,官方(DPMPTSP),JKT-092,JL RAYA PELABUHAN NO 9
雅加达,（无名）,-6.1064327,106.9134396,34.2,≥32米,未分类,官方(DPMPTSP),,—
雅加达,（无名）,-6.264874,106.8870545,34.2,≥32米,未分类,官方(DPMPTSP),,—
雅加达,Rumah Sakit Pondok Indah,-6.2836494,106.7816732,34.2,≥32米,医院,官方(DPMPTSP),,JL. TAMAN DUTA I BLOK II UE
雅加达,Tower Sadewa,-6.2818803,106.8184814,34.1,≥32米,未分类,官方(DPMPTSP),JKT-026,—
雅加达,Ballroom Hotel Mulia Senayan,-6.2150902,106.7965634,34.1,≥32米,酒店,官方(DPMPTSP),,JL. Gerbang Pemuda No.8 Senayan RT.02 RW.01 Gelora Tanah Abang Jakarta Pusat
雅加达,Ballroom Hotel Muia Senayan,-6.214844,106.7970442,34.1,≥32米,酒店,官方(DPMPTSP),,JL. Gerbang Pemuda No.8 Senayan RT.02 RW.01 Gelora Tanah Abang Jakarta Pusat
雅加达,Klinik Setia,-6.1663814,106.8014632,34.1,≥32米,未分类,官方(DPMPTSP),,—
雅加达,HOTEL URBAN 101,-6.1836275,106.8206967,34.1,≥32米,酒店,官方(DPMPTSP),,JL. TAMAN KEBON SIRIH I NO 3
雅加达,（无名）,-6.1751662,106.8214101,34.1,≥32米,未分类,官方(DPMPTSP),,—
雅加达,Bank Mandiri,-6.1766666,106.8207548,34.1,≥32米,未分类,官方(DPMPTSP),,—
雅加达,Gedung B,-6.1986065,106.8515739,34.1,≥32米,其他,官方(DPMPTSP),,"Jl. Salemba Raya No.28A, RT.5/RW.6, Kenari, Kec. Senen, Kota Jakarta Pusat, Daerah Khusus Ibukota Jakarta 10430"
雅加达,Hotel Orchardz Jayakarta,-6.1438006,106.8287065,34.1,≥32米,酒店,官方(DPMPTSP),,Jl. Pangeran Jayakarta no. 44
雅加达,Sekretariat RW 02,-6.1389811,106.7640248,34.1,≥32米,未分类,官方(DPMPTSP),,—
雅加达,Gedung Anggrek,-6.2964262,106.7959389,34.1,≥32米,医院,官方(DPMPTSP),,"Jl. RS. Fatmawati Raya  RT.4/RW.4, Cilandak Bar., Kec. Cilandak, Kota Jakarta Selatan, Daerah Khusus Ibukota Jakarta 12430"
雅加达,Promenade 20,-6.2534195,106.8147267,34.0,≥32米,写字楼,官方(DPMPTSP),,Promenade 20 Jl. Bangka Raya No.20 RT 02 RW 10
雅加达,ISC TOWER,-6.2559204,106.8281845,34.0,≥32米,写字楼,官方(DPMPTSP),,"Jl. Mampang Prapatan Raya 1 A, RT 11 RW 2"
雅加达,C,-6.1773564,106.8342617,34.0,≥32米,未分类,官方(DPMPTSP),JKT-095,—
雅加达,Apartemen Talang Betutu,-6.2017494,106.8219048,34.0,≥32米,综合体,官方(DPMPTSP),JKT-096,Jl. Talang Betutu No.1
雅加达,KANTOR  Plaza Warly / Plaza Warly,-6.1771604,106.8752843,34.0,≥32米,酒店,官方(DPMPTSP),,"Jl. Cempaka Putih Raya, RT.8/RW.3, Cemp. Putih Tim., Kec. Cemp. Putih, Kota Jakarta Pusat, Daerah Khusus Ibukota Jakarta 10510"
雅加达,Masjid Al-Hidayah Dirgantara,-6.1544933,106.843418,34.0,≥32米,未分类,官方(DPMPTSP),JKT-061,—
雅加达,Vihara Dharma Suci,-6.1301465,106.7691636,34.0,≥32米,未分类,官方(DPMPTSP),,—
雅加达,Mall of Indonesia,-6.1507505,106.8925304,34.0,≥32米,未分类,官方(DPMPTSP),,—
雅加达,SAVA Beauty and Wellnes,-6.1876234,106.8284562,34.0,≥32米,医院,官方(DPMPTSP),,Jl. KH. Wahid Hasyim No. 55 RT. 001 RW. 004
雅加达,RSUD KALIDERES,-6.1462046,106.7081477,34.0,≥32米,医院,官方(DPMPTSP),,"Jl. Bedugul Jl. Daan Mogot, Kalideres, Kec. Kalideres, Kota Jakarta Barat, Daerah Khusus Ibukota Jakarta 11840"
雅加达,RDTX SQUARE,-6.2179788,106.8183441,33.9,≥32米,写字楼,官方(DPMPTSP),,"Jl. Professor Doktor Satrio No.164 RT.10/RW.04,"
雅加达,Hotel Cikini,-6.1923178,106.8390624,33.9,≥32米,酒店,官方(DPMPTSP),,Jl. Cikini Raya No. 81
雅加达,DAPENRA,-6.1542658,106.84271,33.9,≥32米,写字楼,官方(DPMPTSP),JKT-094,Jalan Merpati 3 Blok B-12 Kav 8 RW 010
雅加达,Graha Mall Cijantung,-6.3125313,106.8618918,33.9,≥32米,商场,官方(DPMPTSP),,"Graha Mall Cijantung Posi SU 16, Jl. Pendidikan I No.1, RT.1/RW.4"
雅加达,Heartology Cardiovascular Hospital,-6.2356385,106.8152171,33.9,≥32米,医院,官方(DPMPTSP),,JL. BIRAH III NO. 4 BLOK S.II PERSIL NO. 76.C-F RT 005 RW 006
雅加达,Ambhara Hotel,-6.2434803,106.8036597,33.8,≥32米,酒店,官方(DPMPTSP),,JL ISKANDARSYAH RAYA NO.1
雅加达,Wisma KDS,-6.2613655,106.8294743,33.8,≥32米,写字楼,官方(DPMPTSP),,Jl. Warung Buncit Raya No.6B
雅加达,Amaris Hotel Pasar Baru,-6.1605464,106.8369286,33.8,≥32米,酒店,官方(DPMPTSP),,"Jl. Pasar Baru Timur No.20-21, RT.4/RW.3"
雅加达,Masjid As-Salam,-6.1883333,106.8599122,33.8,≥32米,未分类,官方(DPMPTSP),,—
雅加达,Graha APIC,-6.2016889,106.8216619,33.8,≥32米,写字楼,官方(DPMPTSP),JKT-096,Jl. Talang Betutu No.5
雅加达,Wisma Negara,-6.1693261,106.8234389,33.8,≥32米,未分类,官方(DPMPTSP),,—
雅加达,Gedung D,-6.1990605,106.8511566,33.8,≥32米,其他,官方(DPMPTSP),,"Jl. Salemba Raya No.28A, RT.5/RW.6, Kenari, Kec. Senen, Kota Jakarta Pusat, Daerah Khusus Ibukota Jakarta 10430"
雅加达,Menara BNI Pejompongan,-6.2039495,106.8021847,33.8,≥32米,非住宅,官方(DPMPTSP),,"Jl. Pejompongan Raya 7-23 RT/RW 001/005, Kel. Bendungan Hilir, Kec. Tanah Abang, Jakarta Pusat"
雅加达,Senayan Square,-6.2256079,106.8000579,33.8,≥32米,商场,官方(DPMPTSP),,JL. Pintu Satu Senayan
雅加达,Menara Radius Prawiro,-6.1817711,106.8215739,33.8,≥32米,未分类,官方(DPMPTSP),,—
雅加达,ASTRA TOWER GEDUNG C,-6.136727,106.8865593,33.8,≥32米,写字楼,官方(DPMPTSP),,JL. GAYA MOTOR RAYA NO. 8
雅加达,Perkantoran,-6.1555102,106.8218631,33.8,≥32米,写字楼,官方(DPMPTSP),,"Jl. Rata No.19 RT.011 RW.006 Kel. Maphar, Kec. Taman Sari, Kota Jakarta Barat, Daerah Khusus Ibukota Jakarta 11160"
雅加达,Bank Intidana,-6.133431,106.8093527,33.8,≥32米,未分类,官方(DPMPTSP),,—
雅加达,Sekretariat RW 03,-6.1331663,106.8077281,33.8,≥32米,未分类,官方(DPMPTSP),,—
雅加达,GRAND OTISTA,-6.2421387,106.8687101,33.8,≥32米,写字楼,官方(DPMPTSP),,JL OTTO ISKANDAR DINATA No.40
雅加达,（无名）,-6.3300961,106.8798194,33.8,≥32米,未分类,官方(DPMPTSP),,—
雅加达,WORLD CAPITAL TOWER,-6.229299,106.8270883,33.7,≥32米,写字楼,官方(DPMPTSP),,JL. DR. Ide Anak Agung Gde Agung
雅加达,Menara Imperium,-6.2102191,106.8318916,33.7,≥32米,写字楼,官方(DPMPTSP),,"Jl. HR. Rasuna Said Kav 1, RT 006 RW 001"
雅加达,HOTEL AMARIS,-6.1824687,106.8160468,33.7,≥32米,酒店,官方(DPMPTSP),,Jl. KH. Fachrudin No 8A
雅加达,PT. PAL Indonesia (Persero),-6.1759372,106.8163028,33.7,≥32米,未分类,官方(DPMPTSP),,—
雅加达,Apartemen Cikini 5,-6.1924962,106.8378528,33.7,≥32米,综合体,官方(DPMPTSP),,Jl. Cikini V No. 14 RT 11/05
雅加达,Gereja Kristus Yesus,-6.1294622,106.767205,33.7,≥32米,未分类,官方(DPMPTSP),,—
雅加达,RUKO SEWA,-6.199738,106.7828187,33.7,≥32米,商业/店铺,官方(DPMPTSP),,"Jl. Rw. Belong No.80c, RT.7/RW.15, Palmerah, Kec. Palmerah, Kota Jakarta Barat, Daerah Khusus Ibukota Jakarta 11530"
雅加达,Tower 2,-6.190462,106.7986185,33.7,≥32米,写字楼,官方(DPMPTSP),,"Jl. Tali Raya No. 08, Kel. Slipi, Kec. Palmerah, Jakarta Barat"
雅加达,（无名）,-6.1748547,106.7932022,33.7,≥32米,未分类,官方(DPMPTSP),,—
雅加达,Masjid At-Tin,-6.297705,106.8842257,33.7,≥32米,未分类,官方(DPMPTSP),,—
雅加达,Ventricle Building,-6.1855195,106.7986785,33.7,≥32米,医院,官方(DPMPTSP),,Jl. Letjend S. Parman Kav. 87 RT. 001 RW. 008
雅加达,Sarana Square,-6.2337999,106.8479167,33.6,≥32米,商场,官方(DPMPTSP),,Jl. Tebet Barat IV Rt.009 Rw.002
雅加达,Cove Prima,-6.2723152,106.8090709,33.6,≥32米,公寓,官方(DPMPTSP),,"JL. PANGERAN ANTASARI, NO. 26"
雅加达,CIBIS EIGHT,-6.2950668,106.8144007,33.6,≥32米,写字楼,官方(DPMPTSP),,JL. TB. SIMATUPANG NO.2 RT 013 RW 005
雅加达,HOTEL  KRISTAL,-6.2840161,106.7913866,33.6,≥32米,酒店,官方(DPMPTSP),,"Jl. Terogong Raya No.17, RT.2/RW.10, Hotel Kristal"
雅加达,E,-6.1761681,106.8342172,33.6,≥32米,未分类,官方(DPMPTSP),JKT-097,—
雅加达,BELUM ADA KEGIATAN,-6.1818548,106.8155175,33.6,≥32米,写字楼,官方(DPMPTSP),,JL. JATI BARU RAYA NO. 4
雅加达,Metropolitan,-6.1630956,106.8192652,33.6,≥32米,未分类,官方(DPMPTSP),,—
雅加达,（无名）,-6.1693018,106.776849,33.6,≥32米,未分类,官方(DPMPTSP),,—
雅加达,Apartemen Plaza Jayakarta,-6.1474413,106.8178857,33.6,≥32米,公寓,官方(DPMPTSP),,—
雅加达,PGC,-6.2619933,106.8661876,33.6,≥32米,商业/店铺,官方(DPMPTSP),,JL. MAYJEN SUTOYO 76 KEL CILILITAN KEC KRAMAT JATI JAKARTA TIMUR
雅加达,PDC TOER,-6.2051029,106.8585356,33.6,≥32米,写字楼,官方(DPMPTSP),JKT-077,Jl. Matraman Raya No.87
雅加达,AGI,-6.2020037,106.8558346,33.6,≥32米,写字楼,官方(DPMPTSP),,"Jl. Matraman Raya No.1, RT.2/RW.1, Kb. Manggis, Kec. Matraman, Kota Jakarta Timur, Daerah Khusus Ibukota Jakarta 13150"
雅加达,B,-6.1773641,106.8340223,33.5,≥32米,未分类,官方(DPMPTSP),JKT-095,—
雅加达,D,-6.1764056,106.8342598,33.5,≥32米,未分类,官方(DPMPTSP),JKT-097,—
雅加达,Oria Hotel,-6.1875504,106.8263263,33.5,≥32米,酒店,官方(DPMPTSP),,Jl. KH. Wahid Hasyim No. 85 RT. 001 RW. 004
雅加达,Wisma Indramas,-6.1409718,106.8142035,33.5,≥32米,写字楼,官方(DPMPTSP),,"Jl. Pintu Besar Selatan No.59 65, RW.6, Pinangsia, Taman Sari, West Jakarta City, Jakarta 11110"
雅加达,BRI,-6.2426044,106.802071,33.4,≥32米,未分类,官方(DPMPTSP),,—
雅加达,Eurokars Group Indonesia,-6.241039,106.7823032,33.4,≥32米,商业/店铺,官方(DPMPTSP),,Jl. Sultan Iskandar Muda No. 51 RT 006 RW 003
雅加达,Mall Golden Truly,-6.1609993,106.8382018,33.4,≥32米,未分类,官方(DPMPTSP),,—
雅加达,Kantor Dewan Pimpinan Pusat PDIP,-6.2015496,106.8420873,33.4,≥32米,写字楼,官方(DPMPTSP),,"Jl. Pangeran Diponegoro No.58, RT. 001 / RW. 002, Kel. Menteng, Kec. Menteng, Jakarta Pusat"
雅加达,Harcomas Mangga Dua,-6.1377062,106.8231274,33.4,≥32米,商场,官方(DPMPTSP),,Jl. P. Jayakarta No. 73 A RT. 008 RW. 006
雅加达,Perum Sarana Perikanan Samudra / Henry Sutioso,-6.1043264,106.8010515,33.4,≥32米,仓库,官方(DPMPTSP),,Jl. Muara Baru Blok D Kav. No. 2
雅加达,Mercedes-Benz,-6.1257172,106.795325,33.4,≥32米,未分类,官方(DPMPTSP),,—
雅加达,（无名）,-6.1924134,106.7349893,33.4,≥32米,未分类,官方(DPMPTSP),,—
雅加达,Glodok Plaza,-6.1425581,106.8165225,33.4,≥32米,商业/店铺,官方(DPMPTSP),,"Jl. Pinangsia Raya No.1, RT.1/RW.6,"
雅加达,GRHA MAHKAMAH AGUNG,-6.1712473,106.8779708,33.4,≥32米,住宅,官方(DPMPTSP),,Jl. Pulo Mas Selatan RW 013
雅加达,STIKOM Interstudi,-6.2522187,106.7976114,33.3,≥32米,未分类,官方(DPMPTSP),,—
雅加达,Wisma Sirca,-6.186711,106.8312495,33.3,≥32米,未分类,官方(DPMPTSP),,—
雅加达,PASAR BARU METRO ATOM,-6.1615452,106.8328453,33.3,≥32米,商场,官方(DPMPTSP),,Jalan Haji Samanhudi Pasar Baru
雅加达,Ancol Beach City Mall Jakarta,-6.1176059,106.8581025,33.3,≥32米,未分类,官方(DPMPTSP),,JL. ANCOL/ JL. PURI JIMBARAN (KOMP. TAMAN IMPIAN JAYA ANCOL)
雅加达,IS PLAZA,-6.1930112,106.8670867,33.3,≥32米,写字楼,官方(DPMPTSP),,"Jl. Pramuka, RT.9/RW.5, Utan Kayu Utara, Kec. Matraman, Kota Jakarta Timur, Daerah Khusus Ibukota Jakarta 13120"
雅加达,HOTEL D'PARAGON,-6.2016734,106.8584681,33.3,≥32米,酒店,官方(DPMPTSP),,Jl. Tegalan No.15 RT.11 RW.3
雅加达,Gedung Bundar Jampidsus,-6.2425034,106.797905,33.2,≥32米,未分类,官方(DPMPTSP),,—
雅加达,WISMA46 KOTA BNI,-6.2034765,106.8206344,33.2,≥32米,写字楼,官方(DPMPTSP),,Jl. Jenderal Sudirman Kav. 1 RT.10 RW.09
雅加达,Gedung Pascasarjana Salemba,-6.1936212,106.8480859,33.2,≥32米,未分类,官方(DPMPTSP),,—
雅加达,KANTOR,-6.1442418,106.7821187,33.2,≥32米,写字楼,官方(DPMPTSP),,JL. PANGERAN TUBAGUS ANGKE NO. 18
雅加达,（无名）,-6.3006172,106.8872787,33.2,≥32米,未分类,官方(DPMPTSP),,—
雅加达,Show Room Toyota,-6.2469997,106.7809211,33.1,≥32米,未分类,官方(DPMPTSP),,—
雅加达,Tara Group,-6.1695876,106.810462,33.1,≥32米,写字楼,官方(DPMPTSP),,Jl. Cideng Barat No. 47 B RT. 009 RW. 004
雅加达,Grand Cemara Hotel,-6.1876805,106.830725,33.1,≥32米,未分类,官方(DPMPTSP),,—
雅加达,TK / SBB Indera Hati,-6.2008085,106.8478558,33.1,≥32米,未分类,官方(DPMPTSP),,—
雅加达,（无名）,-6.1057835,106.9075763,33.1,≥32米,未分类,官方(DPMPTSP),JKT-073,—
雅加达,HOTEL AMARIS,-6.1835758,106.7973913,33.1,≥32米,酒店,官方(DPMPTSP),,JL. LETJEN S. PARMAN KAV. 92A & F
雅加达,Wisma Lumibini,-6.1748412,106.8025559,33.1,≥32米,写字楼,官方(DPMPTSP),JKT-098,"Jl. Tomang Raya No.53, RT.12/RW.5, Tomang, Kec. Grogol petamburan, Kota Jakarta Barat, Daerah Khusus Ibukota Jakarta 11440"
雅加达,Ciplaz Klender,-6.2141544,106.903153,33.1,≥32米,商场,官方(DPMPTSP),,"Jl. I Gusti Ngurah Rai RT.8/RW.6, Klender, Kec. Duren Sawit, Kota Jakarta Timur, Daerah Khusus Ibukota Jakarta 13470"
雅加达,（无名）,-6.1848437,106.9203261,33.1,≥32米,未分类,官方(DPMPTSP),,—
雅加达,RSCM Kencana,-6.1984895,106.8457439,33.1,≥32米,医院,官方(DPMPTSP),,Jl. Diponegoro No. 71
雅加达,PERSATUAN INSINYUR INDONESIA,-6.2082906,106.8328309,33.0,≥32米,综合体,官方(DPMPTSP),,JL. HALIMUN NO.39
雅加达,Masjid Jami Baitul Halim,-6.2468561,106.8233511,33.0,≥32米,未分类,官方(DPMPTSP),,—
雅加达,Gedung Mukti Group,-6.2015496,106.821066,33.0,≥32米,写字楼,官方(DPMPTSP),,Jl. Talang Betutu No.11 A
雅加达,Wisma Mulia,-6.1894629,106.8472799,33.0,≥32米,未分类,官方(DPMPTSP),,"Jl. Kramat Raya No.83, RT.2/RW.7"
雅加达,Menara Danareksa (Gedung Parkir),-6.181738,106.8248641,33.0,≥32米,写字楼,官方(DPMPTSP),,Jl. Medan Merdeka Selatan No. 14 RT.11 RW.2
雅加达,Yayasan Pengharapan Iman Kasih / Gilgal Center,-6.1225111,106.7401265,33.0,≥32米,未分类,官方(DPMPTSP),,—
雅加达,Gading Marina,-6.1552748,106.8953244,33.0,≥32米,其他,官方(DPMPTSP),,Jl. Raya Boulevard Barat No. 1 RT. 015 RW. 003
雅加达,Smarthomm Hotel Ancol,-6.1312115,106.8283177,33.0,≥32米,酒店,官方(DPMPTSP),,Jl. R.E. MARTADINATA  BLOK C NO. 12A RT. 006/004
雅加达,DPP PARTAI GOLKAR,-6.1850321,106.7936297,33.0,≥32米,写字楼,官方(DPMPTSP),,"Jl. Anggrek Neli Murni No.11A, RT.16/RW.1"
雅加达,Sedayu City Suite Life,-6.1690583,106.9212857,33.0,≥32米,综合体,官方(DPMPTSP),,JL. SEDAYU CITY KELAPA GADING
雅加达,（无名）,-6.1788704,106.9264978,33.0,≥32米,未分类,官方(DPMPTSP),,—
雅加达,Wisma BCA Tower 2,-6.2216598,106.867289,33.0,≥32米,写字楼,官方(DPMPTSP),,Jl. Jatinegara Timur No. 72 RT 006/ 003 Kel. Bali Mester Kec. Jatinegara Jakarta Timur
雅加达,Tidak ada nama gedung,-6.2679619,106.8306195,32.9,≥32米,写字楼,官方(DPMPTSP),,Jl. Warung Buncit Raya
雅加达,Eurokars Prima Utama,-6.2014724,106.8440076,32.9,≥32米,写字楼,官方(DPMPTSP),,Jl. Proklamasi No 36 A
雅加达,Perlu Input Ulang Data,-6.1737754,106.9162965,32.9,≥32米,未分类,官方(DPMPTSP),,—
雅加达,Business Hotel,-6.1749219,106.8023394,32.9,≥32米,酒店,官方(DPMPTSP),JKT-098,"Jl. Tomang Raya No.51, RT.12/RW.5, Tomang, Kec. Grogol petamburan, Jakarta, Daerah Khusus Ibukota Jakarta 11439"
雅加达,（无名）,-6.1701861,106.9271962,32.9,≥32米,未分类,官方(DPMPTSP),,—
雅加达,PT Asiasejahtera Perdana Pharmaceutical,-6.2409868,106.8323168,32.8,≥32米,写字楼,官方(DPMPTSP),,Jl. Gatot Subroto No. Kav 99 2 RT 002 RW 004
雅加达,Multika Building,-6.2488411,106.8270101,32.8,≥32米,写字楼,官方(DPMPTSP),,"Jl. Mampang Prpt. Raya No.71-73, RT.1/RW.1, Tegal Parang, Kec. Mampang Prpt., Kota Jakarta Selatan, Daerah Khusus Ibukota Jakarta 12790"
雅加达,（无名）,-6.162539,106.8374373,32.8,≥32米,未分类,官方(DPMPTSP),,—
雅加达,Fave Hotel,-6.1735628,106.8118648,32.8,≥32米,未分类,官方(DPMPTSP),,—
雅加达,ARTOTEL,-6.1888442,106.8247767,32.8,≥32米,酒店,官方(DPMPTSP),,JL. Sunda No. 3 RT. 008 RW. 004
雅加达,IBIS HOTEL ARCADIA,-6.1866655,106.8260524,32.8,≥32米,酒店,官方(DPMPTSP),,Jl. KH. Wahid Hasyim No. 114
雅加达,PAKARTI OFFICE CENTER GEDUNG 2,-6.1771942,106.816551,32.8,≥32米,写字楼,官方(DPMPTSP),,"Jl. Tanah Abang III No.23 - 27 RT 002 RW 003, Kel. Petojo Selatan, Kec. Gambir, Jakarta Pusat"
雅加达,Belum ada nama gedung,-6.1948037,106.8369555,32.8,≥32米,其他,官方(DPMPTSP),,Jl. Teuku Cik Ditiro No. 11
雅加达,Masjid Raya Al-Husna,-6.1102435,106.8836397,32.8,≥32米,未分类,官方(DPMPTSP),,—
雅加达,Tower B,-6.156925,106.883623,32.8,≥32米,未分类,官方(DPMPTSP),JKT-062,—
雅加达,（无名）,-6.1253697,106.9427447,32.8,≥32米,未分类,官方(DPMPTSP),,—
雅加达,（无名）,-6.1321555,106.8239283,32.8,≥32米,未分类,官方(DPMPTSP),,—
雅加达,TRUE FINANCE,-6.3032111,106.8457062,32.7,≥32米,写字楼,官方(DPMPTSP),,Jl. Let. Jend. TB. Simatupang Kav. 11 RT. 08 RW. 05
雅加达,Kapital Tower 1,-6.2559273,106.8121142,32.7,≥32米,写字楼,官方(DPMPTSP),,"Jl. Kemang Raya No.4, Bangka, Kec. Mampang Prpt., Kota Jakarta Selatan, Daerah Khusus Ibukota Jakarta 12730"
雅加达,Blok B,-6.2648152,106.8278837,32.7,≥32米,综合体,官方(DPMPTSP),,Jl. Warung Jati Barat No.83 RT.012 RW.009
雅加达,（无名）,-6.2689742,106.8528256,32.7,≥32米,未分类,官方(DPMPTSP),,—
雅加达,Hotel Ashley Sabang,-6.1841719,106.8246465,32.7,≥32米,酒店,官方(DPMPTSP),,cluster the ayona No 3
雅加达,Departemen Mikrobiologi Klinik FKUI,-6.1985732,106.8418388,32.7,≥32米,未分类,官方(DPMPTSP),,—
雅加达,TOWER 2,-6.1496936,106.8341343,32.7,≥32米,综合体,官方(DPMPTSP),JKT-047,JL. KARTINI RAYA NO. 57 RT/RW: 003/002
雅加达,（无名）,-6.1064956,106.9098672,32.7,≥32米,未分类,官方(DPMPTSP),,—
雅加达,（无名）,-6.1784837,106.9192833,32.7,≥32米,未分类,官方(DPMPTSP),,—
雅加达,GEDUNG RABANA,-6.1758479,106.8024241,32.7,≥32米,写字楼,官方(DPMPTSP),,JL. TOMANG RAYA NO.48A RT.001 RW.003
雅加达,PEJATEN INDAH APARTEMEN,-6.2801896,106.8278598,32.6,≥32米,综合体,官方(DPMPTSP),,"JL. WARUNG BUNCIT RAYA NO.388.A (D/H. JL. RAGUNAN), RT. 005 RW. 003"
雅加达,Masjid Al-Istiqomah,-6.246993,106.8332253,32.6,≥32米,未分类,官方(DPMPTSP),,—
雅加达,（无名）,-6.1807342,106.8381719,32.6,≥32米,未分类,官方(DPMPTSP),,—
雅加达,（无名）,-6.1245405,106.799362,32.6,≥32米,未分类,官方(DPMPTSP),JKT-078,—
雅加达,Pasar Pagi Asemka,-6.1395208,106.8116916,32.6,≥32米,未分类,官方(DPMPTSP),,—
雅加达,Masjid Jami Assiroth,-6.2252742,106.7778033,32.6,≥32米,未分类,官方(DPMPTSP),,—
雅加达,City Plaza Jatinegara,-6.214133,106.8648132,32.6,≥32米,写字楼,官方(DPMPTSP),,Jalan Matraman Raya 173-175 RT. 011 RW. 005
雅加达,Kemala Bhayangkari,-6.2417286,106.8138704,32.5,≥32米,其他,官方(DPMPTSP),,Jl. Wijaya I No.17 RT.06 RW.01
雅加达,GEDUNG G,-6.2786781,106.8184394,32.5,≥32米,写字楼,官方(DPMPTSP),,JL. AMPERA RAYA NO. 7
雅加达,Blok 5,-6.1747261,106.8421938,32.5,≥32米,未分类,官方(DPMPTSP),,—
雅加达,Millennium Mall,-6.1766881,106.8411918,32.5,≥32米,商场,官方(DPMPTSP),,Jl. Senen Raya No. 135
雅加达,Blue Sky Pandurata Boutique Hotel,-6.1898885,106.8443807,32.5,≥32米,未分类,官方(DPMPTSP),,—
雅加达,（无名）,-6.1072986,106.7390243,32.5,≥32米,未分类,官方(DPMPTSP),JKT-079,—
雅加达,（无名）,-6.1787815,106.9205093,32.5,≥32米,未分类,官方(DPMPTSP),,—
雅加达,BANK DKI,-6.2104704,106.8594941,32.5,≥32米,写字楼,官方(DPMPTSP),,"Jl. Matraman Raya No.138, RT.1/RW.4, Kb. Manggis, Kec. Matraman, Kota Jakarta Timur, Daerah Khusus Ibukota Jakarta 13150"
雅加达,Cibubur Junction,-6.3700613,106.8942725,32.5,≥32米,商场,官方(DPMPTSP),,"Jl. Jambore No.1, RT.8/RW.7, Cibubur, Kec. Ciracas, Kota Jakarta Timur, Daerah Khusus Ibukota Jakarta 13720"
雅加达,Sambal Bakar Indonesia,-6.1769249,106.9553856,32.5,≥32米,未分类,官方(DPMPTSP),,—
雅加达,Klinik Medifit,-6.1748334,106.8093185,32.5,≥32米,医院,官方(DPMPTSP),,Jl. Musi. No.15 RT.13 RW.2
雅加达,Gedung Buddhi,-6.2254574,106.815488,32.4,≥32米,综合体,官方(DPMPTSP),,Jl. Gatot Subroto Kav. 40-42 No. 77 RT. 007/RW. 001
雅加达,Panin Plaza Permata Hijau,-6.2217912,106.7848934,32.4,≥32米,写字楼,官方(DPMPTSP),,Jl. Letjen Soepeno D17-18
雅加达,De Entrance Arkadia,-6.3004222,106.8335359,32.4,≥32米,写字楼,官方(DPMPTSP),,JlL. TB. SIMATUPANG KAV.  88
雅加达,MAZDA SIMPRUG,-6.2335238,106.7863882,32.4,≥32米,商业/店铺,官方(DPMPTSP),,Jl. Teuku Nyak Arief No. 9 RT 002 (D/H RT. 008) RW 002
雅加达,MERCURE HOTEL CIKINI,-6.1944577,106.8387346,32.4,≥32米,酒店,官方(DPMPTSP),,Jl. Cikini Raya No. 66
雅加达,（无名）,-6.1241631,106.735934,32.4,≥32米,未分类,官方(DPMPTSP),,—
雅加达,Ruko Inkopal (Persada Gading Elok),-6.1535371,106.8923848,32.4,≥32米,商业/店铺,官方(DPMPTSP),,Jl. Boulevard Barat Kav No. 1 Kel. Kelapa Gading Barat Kec. Kelapa Gading
雅加达,（无名）,-6.1084411,106.9488513,32.4,≥32米,未分类,官方(DPMPTSP),JKT-076,—
雅加达,RUMAH KOS ESHAN,-6.201128,106.8615376,32.4,≥32米,公寓,官方(DPMPTSP),,"Jl. Kayu Manis IV No.27, RT.2/RW.4, Kayu Manis, Kec. Matraman, Kota Jakarta Timur, Daerah Khusus Ibukota Jakarta 13130"
雅加达,（无名）,-6.1873425,106.9096027,32.4,≥32米,未分类,官方(DPMPTSP),,—
雅加达,PT. Bank Syariah Indonesia KC. Jakarta Hasanudin,-6.2429084,106.8029395,32.3,≥32米,写字楼,官方(DPMPTSP),,—
雅加达,MUC Building,-6.3033828,106.852479,32.3,≥32米,写字楼,官方(DPMPTSP),,JL TB SIMATUPANG NO 15 RT 010 RW 003
雅加达,AUTO2000 KRIDA CILANDAK,-6.2913107,106.8137283,32.3,≥32米,工业,官方(DPMPTSP),,JL. KRIDA NO. 19
雅加达,Hotel POP,-6.2549182,106.8089211,32.3,≥32米,酒店,官方(DPMPTSP),,JL. KEMANG RAYA NO.3
雅加达,Hotel Arion,-6.2561714,106.8152114,32.3,≥32米,酒店,官方(DPMPTSP),,Jalan Kemang Raya No. 7 RT 4 RW 1
雅加达,THE AKKAS COMMERCIAL BUILDING,-6.3040455,106.8425262,32.3,≥32米,写字楼,官方(DPMPTSP),,Jl. TB Simatupang No.23 Tanjung Barat
雅加达,Super Oyo Town House 1 Hotel Salemba,-6.1980914,106.8517064,32.3,≥32米,酒店,官方(DPMPTSP),,Jl. Salemba Raya No. 26
雅加达,Maxone Hotel,-6.1900122,106.8477922,32.3,≥32米,酒店,官方(DPMPTSP),,Jl Kramat Raya  No 91
雅加达,（无名）,-6.1922559,106.7358567,32.3,≥32米,未分类,官方(DPMPTSP),,—
雅加达,RUKAN WEST VISTA,-6.1582808,106.7260068,32.3,≥32米,综合体,官方(DPMPTSP),,JL. LINGKAR LUAR BARAT NO. 8
雅加达,Perpustakaan UNJ,-6.1941155,106.8782624,32.3,≥32米,未分类,官方(DPMPTSP),,—
雅加达,Puskesmas Kecamatan Mampang Prapatan,-6.2486949,106.811276,32.3,≥32米,医院,官方(DPMPTSP),,Jl. Liliana Blok C24-25 RT 02 RW 08
雅加达,KMO BUILDING,-6.2396439,106.7957475,32.2,≥32米,写字楼,官方(DPMPTSP),,JL.KYAI MAJA NO.1
雅加达,Park View Plaza,-6.2568412,106.810514,32.2,≥32米,写字楼,官方(DPMPTSP),,JL. Taman Kemang No.27
雅加达,Masjid Jami Baitul Mughni,-6.2310485,106.8213426,32.2,≥32米,未分类,官方(DPMPTSP),,—
雅加达,Gedung Naya Pramuka,-6.1938092,106.8610254,32.2,≥32米,写字楼,官方(DPMPTSP),,Jl. Rawamangun No 59C
雅加达,（无名）,-6.1795989,106.8164254,32.2,≥32米,未分类,官方(DPMPTSP),,—
雅加达,GEDUNG REGIONAL 2,-6.1077375,106.8844839,32.2,≥32米,写字楼,官方(DPMPTSP),,JL RAYA PELABUHAN NO 9
雅加达,（无名）,-6.1251777,106.7489599,32.2,≥32米,未分类,官方(DPMPTSP),,—
雅加达,ASTRA TOWER,-6.1358809,106.8866391,32.2,≥32米,写字楼,官方(DPMPTSP),,JL. GAYA MOTOR RAYA NO. 8
雅加达,FOX LITE HOTEL,-6.1659269,106.7860362,32.2,≥32米,酒店,官方(DPMPTSP),,JL. DAAN MOGOT NO. 2 RT. 014 RW. 004 JELAMBAR GROGOL PETAMBURAN JAKARTA BARAT
雅加达,（无名）,-6.3043784,106.8642849,32.2,≥32米,未分类,官方(DPMPTSP),,—
雅加达,GEDUNG PERAWATAN 1,-6.1855683,106.7975956,32.2,≥32米,医院,官方(DPMPTSP),,JL. LETJED S. PARMAN KAV. 87 RT. 1 RW. 8
雅加达,THE MANSION MEGA KUNINGAN,-6.2284062,106.828241,32.1,≥32米,公寓,官方(DPMPTSP),JKT-025,JL. LINGKAR MEGA KUNINGAN RT 005/002
雅加达,MI Fatahillah,-6.2742528,106.8306601,32.1,≥32米,未分类,官方(DPMPTSP),,—
雅加达,HOTEL 88 FATMAWATI,-6.2630906,106.7965475,32.1,≥32米,酒店,官方(DPMPTSP),,JL. RS. FATMAWATI NO. 3+4 (D/H.RT.006) RT/RW  002/07
雅加达,Mushola Al Waqfiyah,-6.2712164,106.8303175,32.1,≥32米,未分类,官方(DPMPTSP),,—
雅加达,Metro Pasar Baru,-6.1611561,106.8320741,32.1,≥32米,非住宅,官方(DPMPTSP),,Jl.. KH. Samanhudi No 117
雅加达,Gedung Kemenpora,-6.2127707,106.7990463,32.1,≥32米,未分类,官方(DPMPTSP),,—
雅加达,Gedung Kemenpora,-6.2125178,106.7986774,32.1,≥32米,未分类,官方(DPMPTSP),,—
雅加达,JNE EXPRESS,-6.1781072,106.7979709,32.1,≥32米,写字楼,官方(DPMPTSP),,"Jl. Tomang Raya No.11, RT.2/RW.1, Tomang, Kec. Grogol petamburan, Kota Jakarta Barat, Daerah Khusus Ibukota Jakarta 11440"
雅加达,GEDUNG KANTOR FUJI FILM,-6.2004183,106.8538634,32.1,≥32米,写字楼,官方(DPMPTSP),,"Jl. Matraman Raya No.12 2, RT.2/RW.1, Kb. Manggis, Kec. Matraman, Kota Jakarta Timur, Daerah Khusus Ibukota Jakarta 13150"
雅加达,BLUEBIRD POOL SUTOYO,-6.2492333,106.8782509,32.1,≥32米,写字楼,官方(DPMPTSP),,JL. RAYA HALIM PERDANA KUSUMAH NO. 1
雅加达,（无名）,-6.2207852,106.8242312,32.0,≥32米,未分类,官方(DPMPTSP),,—
雅加达,KANTOR,-6.1775477,106.875288,32.0,≥32米,写字楼,官方(DPMPTSP),,"Jl. Jenderal Ahmad Yani No.66, RT.8/RW.3, Cemp. Putih Tim., Kec. Cemp. Putih, Pusat, Daerah Khusus Ibukota Jakarta 10510"
雅加达,Mall Ciputra,-6.1678376,106.7864764,32.0,≥32米,商场,官方(DPMPTSP),,Jalan Letjen S. Parman RT.011 RW.001
雅加达,Glodok Jaya,-6.1445583,106.8165608,32.0,≥32米,商业/店铺,官方(DPMPTSP),,"Jl. Komplek Glodok Jaya/Jl. Hayam Wuruk No.14 RT 008/RW 007, Mangga Besar, Taman Sari, Jakarta Barat, DKI Jakarta, 11180"
泗水,The Peak (Tunjungan Plaza 5),-7.2619152,112.7397313,201.0,≥80米,商场,GoogleV3坐标+CTBUH真高,,313.4
泗水,One Icon Residences (Tunjungan Plaza 6),-7.2616301,112.7379887,198.2,≥80米,公寓,GoogleV3坐标+CTBUH真高,,1621.9
泗水,Pakuwon Tower,-7.2611347,112.7384928,171.7,≥80米,未分类,GoogleV3坐标+CTBUH真高,,1611.6
泗水,Puncak CBD Tower 3,-7.3094464,112.7043867,168.0,≥80米,未分类,GoogleV3坐标+CTBUH真高,,2616.3
泗水,The Voila 2 (Ciputra World),-7.2935604,112.7204085,165.0,≥80米,未分类,GoogleV3坐标+CTBUH真高,SBY-001,598.6
泗水,The Voila 1 (Ciputra World),-7.2934615,112.7208511,165.0,≥80米,未分类,GoogleV3坐标+CTBUH真高,SBY-001,385.6
泗水,Puncak Dharmahusada C,-7.2580253,112.7804323,161.0,≥80米,商业,GoogleV3坐标+CTBUH真高,SBY-002,279.6
泗水,One East Apartment,-7.2799542,112.7813985,159.0,≥80米,公寓,GoogleV3坐标+CTBUH真高,SBY-003,"Jalan Raya Kertajaya Indah, Surabaya City, East Java, Indonesia"
泗水,The Via (Ciputra World),-7.2936504,112.7195261,150.0,≥80米,未分类,GoogleV3坐标+CTBUH真高,SBY-004,498.2
泗水,The Vue (Ciputra World),-7.2934748,112.7186956,150.0,≥80米,未分类,GoogleV3坐标+CTBUH真高,,50.4
泗水,Pakuwon Tanglin Mansion,-7.2885692,112.6764233,145.0,≥80米,未分类,GoogleV3坐标+CTBUH真高,,256.5
泗水,Pakuwon Orchard Mansion,-7.2877217,112.6754535,145.0,≥80米,未分类,GoogleV3坐标+CTBUH真高,,957.8
泗水,Marvell City Tower C,-7.2891519,112.7464904,145.0,≥80米,未分类,GoogleV3坐标+CTBUH真高,,563.5
泗水,Adhiwangsa Residence Tower 1,-7.2851682,112.681866,143.0,≥80米,公寓,GoogleV3坐标+CTBUH真高,SBY-005,64.2
泗水,Water Place Residence Tower E,-7.2928854,112.6722676,141.0,≥80米,公寓,GoogleV3坐标+CTBUH真高,,156.8
泗水,Water Place Residence Tower F,-7.2911958,112.6724218,141.0,≥80米,公寓,GoogleV3坐标+CTBUH真高,SBY-006,278.5
泗水,Water Place Residence Tower C,-7.2924207,112.6729731,141.0,≥80米,公寓,GoogleV3坐标+CTBUH真高,SBY-007,157.1
泗水,Water Place Residence Tower B,-7.2917232,112.6733442,141.0,≥80米,公寓,GoogleV3坐标+CTBUH真高,,"Jl. Puncak Permai I, Babatan, Suko Manunggal, Surabaya"
泗水,Puncak Bukit Golf Apartment,-7.2832905,112.6840381,137.0,≥80米,公寓,GoogleV3坐标+CTBUH真高,,83.8
泗水,Grand Sungkono Lagoon II - Venetian,-7.2907342,112.7064111,137.0,≥80米,未分类,GoogleV3坐标+CTBUH真高,,356.5
泗水,Adhiwangsa Residence Tower 2,-7.2854635,112.6814812,137.0,≥80米,公寓,GoogleV3坐标+CTBUH真高,,607.9
泗水,De Papilio Tamansari,-7.3310818,112.7298392,133.0,≥80米,酒店,GoogleV3坐标+CTBUH真高,SBY-008,"Jalan Jenderal Achmad Yani, Surabaya"
泗水,The Trillium Office & Residence,-7.2661188,112.7489755,129.0,≥80米,公寓,GoogleV3坐标+CTBUH真高,,"Jalan Pemuda, Surabaya"
泗水,Apartemen Taman Beverly,-7.2861571,112.6969421,129.0,≥80米,住宅,GoogleV3坐标+CTBUH真高,,1587
泗水,De Vasa Condotel,-7.2864486,112.6988775,129.0,≥80米,公寓,GoogleV3坐标+CTBUH真高,SBY-009,769.5
泗水,Fairfield by Marriott Surabaya,-7.2889526,112.7109121,121.0,≥80米,未分类,GoogleV3坐标+CTBUH真高,,Jalan Mayjend Sungkono
泗水,Educity Residence Princeton Tower,-7.2728266,112.8082328,117.0,≥80米,公寓,GoogleV3坐标+CTBUH真高,,987.8
泗水,Educity Residence Stanford Tower,-7.2721805,112.8074063,117.0,≥80米,公寓,GoogleV3坐标+CTBUH真高,,1023.5
泗水,Educity Residence Harvard Tower,-7.2720119,112.8079958,117.0,≥80米,公寓,GoogleV3坐标+CTBUH真高,,976.4
泗水,Educity Residence Yale Tower,-7.2726292,112.8073575,117.0,≥80米,公寓,GoogleV3坐标+CTBUH真高,,13.2
泗水,Sheraton Surabaya Hotel & Towers,-7.2628201,112.7382892,113.0,≥80米,酒店,GoogleV3坐标+CTBUH真高,,"Jalan Embong Malang, Kedungdoro, Tegalsari, Surabaya"
泗水,Hotel Wyndham (Pullman),-7.2676305,112.7418463,109.0,≥80米,酒店,GoogleV3坐标+CTBUH真高,,925.6
泗水,Gunawangsa A,-7.2896953,112.7690625,109.0,≥80米,公寓,GoogleV3坐标+CTBUH真高,,Surabaya
泗水,Gunawangsa B,-7.2900269,112.7686464,109.0,≥80米,公寓,GoogleV3坐标+CTBUH真高,,Surabaya
泗水,Puri Matahari Tower 1,-7.2843663,112.6852732,107.0,≥80米,公寓,GoogleV3坐标+CTBUH真高,,907
泗水,JW Marriott Surabaya,-7.2596088,112.734828,105.0,≥80米,未分类,GoogleV3坐标+CTBUH真高,,1292.3
泗水,Bumi Surabaya City Resort (former Hyatt Regency),-7.2710217,112.7411115,103.0,≥80米,酒店,GoogleV3坐标+CTBUH真高,,"Jend. Basuki Rahmat, Surabaya"
泗水,Plaza BRI,-7.2727686,112.7415899,101.0,≥80米,商场,GoogleV3坐标+CTBUH真高,SBY-010,1015
泗水,Somerset Tower 1,-7.2844373,112.7055375,101.0,≥80米,公寓,GoogleV3坐标+CTBUH真高,,189.4
泗水,Somerset Tower 2,-7.2839544,112.7052853,101.0,≥80米,公寓,GoogleV3坐标+CTBUH真高,SBY-011,201.5
泗水,Graha Pena,-7.3201213,112.7314324,100.0,≥80米,商业,GoogleV3坐标+CTBUH真高,,943.8
泗水,Orchard Tower,-7.2754555,112.7794792,98.0,≥80米,未分类,GoogleV3坐标+2.5D高度,,131.3
泗水,Orchard Tower,-7.2897557,112.746268,97.5,≥80米,未分类,GoogleV3坐标+2.5D高度,,1370
泗水,,-7.2755042,112.7799455,97.0,≥80米,未分类,GoogleV3坐标+2.5D高度,,148.9
泗水,,-7.2768291,112.7797853,96.5,≥80米,未分类,GoogleV3坐标+2.5D高度,,4151.5
泗水,Aspen Tower,-7.338284,112.7279667,96.5,≥80米,公寓,GoogleV3坐标+2.5D高度,,1386
泗水,Apartemen Sheraton,-7.2621818,112.7387942,96.0,≥80米,公寓,GoogleV3坐标+2.5D高度,,1192.1
泗水,Apartemen Sheraton,-7.3458307,112.7272943,96.0,≥80米,未分类,GoogleV3坐标+2.5D高度,,425.2
泗水,Waterplace Tower A,-7.2916048,112.6723065,95.5,≥80米,未分类,GoogleV3坐标+2.5D高度,,60.7
泗水,Premier Tower,-7.3268606,112.7331158,95.0,≥80米,公寓,GoogleV3坐标+2.5D高度,,79.2
泗水,Suite Tower,-7.3271206,112.7327576,95.0,≥80米,公寓,GoogleV3坐标+2.5D高度,,229.4
泗水,Ascott,-7.2920715,112.6735211,94.0,≥80米,未分类,GoogleV3坐标+2.5D高度,,"Jl. Puncak Permai I, Babatan, Suko Manunggal, Surabaya"
泗水,Galaxy Mall 3,-7.2764553,112.7800279,94.0,≥80米,商业,GoogleV3坐标+2.5D高度,,59.1
泗水,Hotel Platinum Surabaya,-7.2574272,112.7382457,93.5,≥80米,酒店,GoogleV3坐标+2.5D高度,SBY-012,"Jalan Tunjungan, Surabaya"
泗水,Tower C,-7.2585589,112.7807285,93.0,≥80米,公寓,GoogleV3坐标+2.5D高度,,1061.7
泗水,AMG Tower,-7.3439171,112.7278496,93.0,≥80米,未分类,GoogleV3坐标+2.5D高度,,992.3
泗水,Tower C,-7.2870912,112.7021142,92.5,≥80米,未分类,GoogleV3坐标+2.5D高度,,1536.2
泗水,AMG Tower,-7.2603141,112.7367511,92.5,≥80米,未分类,GoogleV3坐标+2.5D高度,SBY-013,548.7
泗水,Ascott,-7.3311531,112.7526347,92.0,≥80米,未分类,GoogleV3坐标+2.5D高度,SBY-014,624.7
泗水,Ascott,-7.3114418,112.7674444,92.0,≥80米,未分类,GoogleV3坐标+2.5D高度,,357.1
泗水,Ascott,-7.3107801,112.7737726,92.0,≥80米,未分类,GoogleV3坐标+2.5D高度,,1213.7
泗水,Ascott,-7.2896174,112.6742296,92.0,≥80米,未分类,GoogleV3坐标+2.5D高度,SBY-015,931.1
泗水,Ascott,-7.3040134,112.7435865,92.0,≥80米,未分类,GoogleV3坐标+2.5D高度,SBY-016,1004.5
泗水,,-7.3169587,112.7499146,91.5,≥80米,未分类,GoogleV3坐标+2.5D高度,SBY-017,146.2
泗水,,-7.2815052,112.7702391,91.5,≥80米,未分类,GoogleV3坐标+2.5D高度,SBY-018,1321.7
泗水,Adhiwangsa Golf Residence 2,-7.2865047,112.6808675,91.5,≥80米,公寓,GoogleV3坐标+2.5D高度,,1121.6
泗水,Adhiwangsa Golf Residence 2,-7.2937631,112.7189346,91.5,≥80米,未分类,GoogleV3坐标+2.5D高度,,1164.8
泗水,Adhiwangsa Golf Residence 2,-7.2877042,112.7013135,90.0,≥80米,公寓,GoogleV3坐标+2.5D高度,,1987.1
泗水,Adhiwangsa Golf Residence 2,-7.3170282,112.7502217,90.0,≥80米,未分类,GoogleV3坐标+2.5D高度,SBY-017,154.3
泗水,Bella Tower,-7.2754877,112.805224,89.5,≥80米,公寓,GoogleV3坐标+2.5D高度,,535.5
泗水,Bella Tower,-7.2854204,112.6324423,88.5,≥80米,未分类,GoogleV3坐标+2.5D高度,,48.2
泗水,Waterplace Tower A,-7.2902103,112.6773694,88.5,≥80米,未分类,GoogleV3坐标+2.5D高度,,328.1
泗水,Waterplace Tower A,-7.2724944,112.7433834,88.0,≥80米,未分类,GoogleV3坐标+2.5D高度,,1391.3
泗水,Bella Tower,-7.2921027,112.7153319,87.5,≥80米,未分类,GoogleV3坐标+2.5D高度,,853.4
泗水,Bella Tower,-7.2732218,112.74361,86.5,≥80米,未分类,GoogleV3坐标+2.5D高度,,120.1
泗水,Alpine Tower,-7.3388737,112.7277822,86.5,≥80米,公寓,GoogleV3坐标+2.5D高度,SBY-019,580.3
泗水,Alpine Tower,-7.2864103,112.6986274,86.0,≥80米,未分类,GoogleV3坐标+2.5D高度,SBY-009,187.7
泗水,Benson Tower,-7.289883,112.6738991,86.0,≥80米,未分类,GoogleV3坐标+2.5D高度,,1122
泗水,Benson Tower,-7.2579908,112.7801055,85.0,≥80米,商业,GoogleV3坐标+2.5D高度,,1353.6
泗水,Grand Dafam Hotel,-7.2664693,112.7492261,85.0,≥80米,酒店,GoogleV3坐标+2.5D高度,,538.1
泗水,Apartemen Dian Regency,-7.2899348,112.8123412,84.0,≥80米,公寓,GoogleV3坐标+2.5D高度,,"Jl. Keputih, Sukolilo, Surabaya"
泗水,Royal Tulip Darmo Surabaya,-7.2863483,112.7384054,83.0,≥80米,未分类,GoogleV3坐标+2.5D高度,,1245.3
泗水,Royal Tulip Darmo Surabaya,-7.2907073,112.7054965,83.0,≥80米,未分类,GoogleV3坐标+2.5D高度,,501.7
泗水,Royal Tulip Darmo Surabaya,-7.2656108,112.7468289,82.5,≥80米,未分类,GoogleV3坐标+2.5D高度,SBY-020,91.7
泗水,Bumi Mandiri Tower II,-7.271843,112.742595,82.0,≥80米,商业,GoogleV3坐标+2.5D高度,SBY-021,"Jalan Panglima Besar Sudirman, Surabaya"
泗水,Premier Tower,-7.3103091,112.7736795,82.0,≥80米,未分类,GoogleV3坐标+2.5D高度,,1676.9
泗水,Tunjungan Hotel,-7.2621882,112.7400337,82.0,≥80米,酒店,GoogleV3坐标+2.5D高度,,"Jalan Tunjungan, Surabaya"
泗水,Telkom Landmark Tower,-7.2849772,112.7814718,82.0,≥80米,写字楼,GoogleV3坐标+2.5D高度,,"Jalan Doktor Insinyur Haji Soekarno, Surabaya"
泗水,Telkom Landmark Tower,-7.3039968,112.7433306,81.5,≥80米,未分类,GoogleV3坐标+2.5D高度,SBY-016,247.1
泗水,Telkom Landmark Tower,-7.3043642,112.7435664,81.5,≥80米,未分类,GoogleV3坐标+2.5D高度,,86
泗水,One East,-7.2797532,112.7814243,80.5,≥80米,公寓,GoogleV3坐标+2.5D高度,SBY-003,"Jalan Raya Kertajaya Indah, Surabaya City, East Java, Indonesia"
泗水,The Alana Hotel Surabaya,-7.3183875,112.7317005,79.5,≥64米,酒店,GoogleV3坐标+2.5D高度,,"Jalan Ketintang I, Surabaya"
泗水,The Alana Hotel Surabaya,-7.2541328,112.7157331,79.5,≥64米,未分类,GoogleV3坐标+2.5D高度,,1505.8
泗水,Regency Tower,-7.271387,112.7405848,79.5,≥64米,酒店,GoogleV3坐标+2.5D高度,,726.7
泗水,Bumi Mandiri Tower II,-7.2992758,112.6606233,79.5,≥64米,未分类,GoogleV3坐标+2.5D高度,,752.3
泗水,UC Apartment,-7.285292,112.6320271,79.5,≥64米,公寓,GoogleV3坐标+2.5D高度,,309.4
泗水,Mayapada Hospital,-7.2918472,112.72771,79.5,≥64米,医院,GoogleV3坐标+2.5D高度,,Jalan Mayor Jenderal Sungkono
泗水,Hotel Crown Prince,-7.2713887,112.7420305,79.0,≥64米,酒店,GoogleV3坐标+2.5D高度,,"Jalan Jenderal Basuki Rachmat, Surabaya"
泗水,Apartemen Taman Melati,-7.2769371,112.780304,78.5,≥64米,公寓,GoogleV3坐标+2.5D高度,SBY-022,1187.4
泗水,Apartemen Taman Melati,-7.2614378,112.7858001,78.5,≥64米,公寓,GoogleV3坐标+2.5D高度,,678.6
泗水,Tower C,-7.2638681,112.7465569,78.0,≥64米,未分类,GoogleV3坐标+2.5D高度,,131.8
泗水,One East,-7.2881622,112.6758461,77.5,≥64米,未分类,GoogleV3坐标+2.5D高度,,3733.3
泗水,One East,-7.2932348,112.7134274,77.0,≥64米,未分类,GoogleV3坐标+2.5D高度,SBY-023,991.2
泗水,The Alana Hotel Surabaya,-7.3474331,112.7130854,77.0,≥64米,未分类,GoogleV3坐标+2.5D高度,,2084.9
泗水,Gunawangsa II MERR Apartment,-7.2923073,112.7052559,77.0,≥64米,公寓,GoogleV3坐标+2.5D高度,,"Jalan Dr. Ir. H. Soekarno, Surabaya"
泗水,Gunawangsa II MERR Apartment,-7.3115453,112.7818328,76.5,≥64米,公寓,GoogleV3坐标+2.5D高度,,"Jalan Dr. Ir. H. Soekarno, Surabaya"
泗水,Suite Tower,-7.2453812,112.7351836,76.0,≥64米,公寓,GoogleV3坐标+2.5D高度,,38.2
泗水,UC Apartment,-7.2895918,112.7159367,76.0,≥64米,未分类,GoogleV3坐标+2.5D高度,,289.9
泗水,Gedung Sampoerna mantips,-7.3271651,112.7140538,76.0,≥64米,公寓,GoogleV3坐标+2.5D高度,SBY-024,300.5
泗水,Gedung Sampoerna mantips,-7.2861556,112.7804991,75.5,≥64米,未分类,GoogleV3坐标+2.5D高度,,"Jalan Tunjungan, Surabaya"
泗水,Apartemen Taman Melati,-7.2943532,112.6811521,75.5,≥64米,公寓,GoogleV3坐标+2.5D高度,SBY-025,160.8
泗水,Plaza Sinarmas,-7.2725287,112.7422155,75.5,≥64米,商业,GoogleV3坐标+2.5D高度,,"Jalan Pemuda, Surabaya"
泗水,Plaza Sinarmas,-7.2653178,112.7469375,75.0,≥64米,商业,GoogleV3坐标+2.5D高度,SBY-020,"Jalan Pemuda, Surabaya"
泗水,Plaza Sinarmas,-7.3266017,112.7141717,75.0,≥64米,公寓,GoogleV3坐标+2.5D高度,,149.7
泗水,Swiss-Belinn,-7.2941885,112.6809717,75.0,≥64米,公寓,GoogleV3坐标+2.5D高度,SBY-025,"Jl. Manyar Kertoarjo, Manyar Sabrangan, Mulyorejo, Surabaya, East Java"
泗水,Swiss-Belinn,-7.2807627,112.7703277,75.0,≥64米,商业,GoogleV3坐标+2.5D高度,,"Jl. Manyar Kertoarjo, Manyar Sabrangan, Mulyorejo, Surabaya, East Java"
泗水,Gunawangsa II MERR Apartment,-7.2768894,112.7793274,74.5,≥64米,未分类,GoogleV3坐标+2.5D高度,,1165.4
泗水,Suite Tower,-7.292531,112.7054555,74.5,≥64米,未分类,GoogleV3坐标+2.5D高度,,419.2
泗水,Trans Luxury Hotel,-7.3309081,112.7525367,74.5,≥64米,酒店,GoogleV3坐标+2.5D高度,SBY-014,1737.4
泗水,Trans Luxury Hotel,-7.3386057,112.7286222,74.5,≥64米,酒店,GoogleV3坐标+2.5D高度,,"Jalan Jenderal Achmad Yani, Surabaya"
泗水,City of Tomorrow,-7.3452598,112.7281893,74.0,≥64米,未分类,GoogleV3坐标+2.5D高度,SBY-026,"Jalan Jenderal Achmad Yani, Surabaya"
泗水,Menara Graha Pena,-7.2938529,112.7205589,74.0,≥64米,商业,GoogleV3坐标+2.5D高度,,689.7
泗水,Menara Graha Pena,-7.3197577,112.7314631,74.0,≥64米,商业,GoogleV3坐标+2.5D高度,,512.5
泗水,Rumah Sakit Spesialis Husada Utama,-7.2649915,112.7561996,74.0,≥64米,医院,GoogleV3坐标+2.5D高度,,Jalan Mayjen Prof.Dr.Moestopo
泗水,Plaza Sinarmas,-7.3433607,112.785071,73.5,≥64米,未分类,GoogleV3坐标+2.5D高度,,832.3
泗水,Apartemen Puncak Marina Tower 2,-7.286204,112.7025737,73.0,≥64米,公寓,GoogleV3坐标+2.5D高度,,"Jalan Margorejo Indah Gang XVII, Surabaya"
泗水,Apartemen Dian Regency,-7.2881953,112.6755039,72.5,≥64米,公寓,GoogleV3坐标+2.5D高度,SBY-027,"Jl. Keputih, Sukolilo, Surabaya"
泗水,Apartemen Puncak Marina Tower 2,-7.3153166,112.7484199,72.5,≥64米,公寓,GoogleV3坐标+2.5D高度,,"Jalan Margorejo Indah Gang XVII, Surabaya"
泗水,Apartemen Dian Regency,-7.289604,112.8119524,72.5,≥64米,公寓,GoogleV3坐标+2.5D高度,,"Jl. Keputih, Sukolilo, Surabaya"
泗水,Apartemen Dian Regency,-7.3269597,112.7141798,72.5,≥64米,公寓,GoogleV3坐标+2.5D高度,SBY-024,106.6
泗水,Vasa Suite Surabaya,-7.2759075,112.745923,72.5,≥64米,酒店,GoogleV3坐标+2.5D高度,,"Jalan Raya Gubeng, Surabaya"
泗水,Praxis,-7.3462778,112.7995349,72.0,≥64米,未分类,GoogleV3坐标+2.5D高度,,1450.1
泗水,Best Western,-7.3310975,112.7300674,72.0,≥64米,酒店,GoogleV3坐标+2.5D高度,SBY-008,"Jalan Jenderal Achmad Yani, Surabaya"
泗水,Praxis,-7.2728541,112.7437075,72.0,≥64米,写字楼,GoogleV3坐标+2.5D高度,,2433.1
泗水,Hotel Oval,-7.2859374,112.6321485,71.5,≥64米,酒店,GoogleV3坐标+2.5D高度,,328
泗水,Voza Tower,-7.2869284,112.6990701,71.5,≥64米,写字楼,GoogleV3坐标+2.5D高度,,241.2
泗水,Hotel Oval,-7.2939472,112.737272,71.0,≥64米,酒店,GoogleV3坐标+2.5D高度,,817
泗水,Java Paragon Hotel & Residences,-7.2915296,112.7152251,71.0,≥64米,酒店,GoogleV3坐标+2.5D高度,,102.8
泗水,Trans Hotel Apartment,-7.2574783,112.7340669,70.5,≥64米,公寓,GoogleV3坐标+2.5D高度,,396.7
泗水,Golden City Mall,-7.2916075,112.7060449,70.5,≥64米,商场,GoogleV3坐标+2.5D高度,,14187.3
泗水,Trans Hotel Apartment,-7.3387694,112.7279946,70.5,≥64米,公寓,GoogleV3坐标+2.5D高度,SBY-019,"Jalan Raya Gubeng, Surabaya"
泗水,Apartemen Dian Regency,-7.2884326,112.6760554,70.5,≥64米,未分类,GoogleV3坐标+2.5D高度,,151.1
泗水,Hotel Santika Premiere,-7.2721475,112.7476599,70.5,≥64米,公寓,GoogleV3坐标+2.5D高度,,"Jalan Raya Gubeng, Surabaya"
泗水,Apartemen Dian Regency,-7.2627851,112.7374261,70.0,≥64米,未分类,GoogleV3坐标+2.5D高度,SBY-028,29.2
泗水,Apartemen Dian Regency,-7.2948355,112.6825107,69.5,≥64米,公寓,GoogleV3坐标+2.5D高度,SBY-029,219.4
泗水,Bumi Mandiri Tower I,-7.289703,112.714013,69.0,≥64米,商业,GoogleV3坐标+2.5D高度,,"Jalan Jenderal Basuki Rachmat, Surabaya"
泗水,Praxis,-7.2702294,112.8115044,69.0,≥64米,未分类,GoogleV3坐标+2.5D高度,,1188.2
泗水,Bumi Mandiri Tower I,-7.2717605,112.742052,69.0,≥64米,商业,GoogleV3坐标+2.5D高度,,"Jalan Jenderal Basuki Rachmat, Surabaya"
泗水,Leedon Hotel & Suites Surabaya,-7.2009187,112.7207584,69.0,≥64米,酒店,GoogleV3坐标+2.5D高度,,"Jl. Jaksa Agung Suprapto No.37, Ketabang, Kec. Genteng, Surabaya, Jawa Timur 60272, Surabaya"
泗水,Leedon Hotel & Suites Surabaya,-7.2569152,112.7462078,68.5,≥64米,酒店,GoogleV3坐标+2.5D高度,,"Jl. Jaksa Agung Suprapto No.37, Ketabang, Kec. Genteng, Surabaya, Jawa Timur 60272, Surabaya"
泗水,Orchard Tower,-7.288025,112.675324,68.5,≥64米,公寓,GoogleV3坐标+2.5D高度,SBY-027,1141.7
泗水,Hotel Oval,-7.2618618,112.7393649,68.5,≥64米,未分类,GoogleV3坐标+2.5D高度,,1974.4
泗水,Metropolis Tower C,-7.3196734,112.7588688,68.0,≥64米,公寓,GoogleV3坐标+2.5D高度,,200.3
泗水,City of Tomorrow,-7.314134,112.7351442,68.0,≥64米,未分类,GoogleV3坐标+2.5D高度,,"Jalan Jenderal Achmad Yani, Surabaya"
泗水,Bale Hinggil Apartment,-7.3094687,112.7815624,67.0,≥64米,公寓,GoogleV3坐标+2.5D高度,,"Jalan Dr. Ir. H. Soekarno, Surabaya"
泗水,Swiss-Belinn,-7.2619856,112.7409237,67.0,≥64米,未分类,GoogleV3坐标+2.5D高度,,"Jalan Tunjungan, Surabaya"
泗水,Grapari,-7.2890467,112.745407,67.0,≥64米,未分类,GoogleV3坐标+2.5D高度,,242.4
泗水,Grapari,-7.285302,112.698047,67.0,≥64米,未分类,GoogleV3坐标+2.5D高度,,741.3
泗水,BCA,-7.2893434,112.6743944,67.0,≥64米,商业,GoogleV3坐标+2.5D高度,,Jalan Raya Darmo
泗水,Bumi Mandiri Tower I,-7.2792702,112.7026703,67.0,≥64米,未分类,GoogleV3坐标+2.5D高度,,475.9
泗水,BCA,-7.2783167,112.7416963,67.0,≥64米,商业,GoogleV3坐标+2.5D高度,,Jalan Raya Darmo
泗水,Apartemen Purimas,-7.2744211,112.7485337,67.0,≥64米,公寓,GoogleV3坐标+2.5D高度,,440.2
泗水,Waterplace Tower B,-7.2923434,112.6725928,66.5,≥64米,未分类,GoogleV3坐标+2.5D高度,,"Jalan H.R. Muhammad, Surabaya"
泗水,Apartemen Purimas,-7.3340424,112.7854307,66.5,≥64米,公寓,GoogleV3坐标+2.5D高度,,1439.7
泗水,Golden Tulip,-7.2844569,112.689456,66.5,≥64米,公寓,GoogleV3坐标+2.5D高度,,"Jalan H.R. Muhammad, Surabaya"
泗水,favehotel Rungkut,-7.3203848,112.7723691,66.0,≥64米,商业,GoogleV3坐标+2.5D高度,,464
泗水,Galaxy Mall 3,-7.2458281,112.7341668,65.5,≥64米,商业,GoogleV3坐标+2.5D高度,,38.8
泗水,The Square Hotel,-7.2605054,112.7369321,65.0,≥64米,酒店,GoogleV3坐标+2.5D高度,SBY-013,1954.2
泗水,Galaxy Mall 3,-7.2761717,112.7802712,65.0,≥64米,商业,GoogleV3坐标+2.5D高度,,352.7
泗水,The Square Hotel,-7.338801,112.7376662,65.0,≥64米,公寓,GoogleV3坐标+2.5D高度,,932.9
泗水,City of Tomorrow,-7.275811,112.7802465,64.5,≥64米,未分类,GoogleV3坐标+2.5D高度,,"Jalan Jenderal Achmad Yani, Surabaya"
泗水,Princeton Tower,-7.2731818,112.8079406,64.5,≥64米,公寓,GoogleV3坐标+2.5D高度,,89.2
泗水,City of Tomorrow,-7.3455681,112.7276759,64.5,≥64米,未分类,GoogleV3坐标+2.5D高度,,"Jalan Jenderal Achmad Yani, Surabaya"
泗水,Royal Plaza,-7.2573037,112.7383858,64.5,≥64米,商场,GoogleV3坐标+2.5D高度,SBY-012,"Jalan Jenderal Achmad Yani, Surabaya"
泗水,Tower B,-7.2934205,112.7132318,64.0,≥64米,公寓,GoogleV3坐标+2.5D高度,SBY-023,755.2
泗水,Royal Plaza,-7.3091212,112.7341807,63.5,≥48米,商场,GoogleV3坐标+2.5D高度,,"Jalan Jenderal Achmad Yani, Surabaya"
泗水,Tower B,-7.2582563,112.7803435,63.5,≥48米,公寓,GoogleV3坐标+2.5D高度,SBY-002,768.1
泗水,UC Apartment,-7.3085168,112.7343873,63.5,≥48米,公寓,GoogleV3坐标+2.5D高度,SBY-030,1444.2
泗水,Gedung Avian Brands,-7.293183,112.720666,63.5,≥48米,未分类,GoogleV3坐标+2.5D高度,,"Jalan A Yani, Surabaya"
泗水,Gedung Avian Brands,-7.342715,112.7305398,63.0,≥48米,未分类,GoogleV3坐标+2.5D高度,,"Jalan A Yani, Surabaya"
泗水,Puncak Bukit Golf Apartemen,-7.2835656,112.6843516,62.5,≥48米,公寓,GoogleV3坐标+2.5D高度,,Jalan Stasiun Wonokromo
泗水,Golden Tulip,-7.2758754,112.7793201,62.5,≥48米,未分类,GoogleV3坐标+2.5D高度,,248.2
泗水,Darmo Trade Center,-7.3022955,112.738221,62.5,≥48米,公寓,GoogleV3坐标+2.5D高度,,Jalan Stasiun Wonokromo
泗水,Graha Pangeran / BNI,-7.2634754,112.7388699,61.5,≥48米,未分类,GoogleV3坐标+2.5D高度,SBY-031,Jalan Jend. A. Yani
泗水,Galaxy Mall 3,-7.3083877,112.7346194,61.5,≥48米,未分类,GoogleV3坐标+2.5D高度,SBY-030,144.6
泗水,Bank Maspion,-7.2665866,112.7406706,61.5,≥48米,商业,GoogleV3坐标+2.5D高度,,Jalan Basuki Rachmat
泗水,Graha Pangeran / BNI,-7.3443476,112.7283164,61.5,≥48米,未分类,GoogleV3坐标+2.5D高度,,Jalan Jend. A. Yani
泗水,The Square Hotel,-7.2749413,112.7831739,61.0,≥48米,未分类,GoogleV3坐标+2.5D高度,,221
泗水,City of Tomorrow,-7.2882073,112.7872302,61.0,≥48米,未分类,GoogleV3坐标+2.5D高度,,73.9
泗水,DoubleTree by Hilton Surabaya,-7.2569315,112.7365021,61.0,≥48米,酒店,GoogleV3坐标+2.5D高度,,"Jalan Tunjungan, Surabaya"
泗水,City of Tomorrow,-7.2907982,112.7058567,61.0,≥48米,未分类,GoogleV3坐标+2.5D高度,,109.4
泗水,Golden Tulip,-7.2922622,112.7055536,60.5,≥48米,未分类,GoogleV3坐标+2.5D高度,,"Jalan H.R. Muhammad, Surabaya"
泗水,Deka Hotel,-7.2856885,112.6999645,60.5,≥48米,酒店,GoogleV3坐标+2.5D高度,,"Jalan Panglima Besar Sudirman, Surabaya"
泗水,Pakuwon Mall,-7.3007365,112.6726922,60.5,≥48米,商业,GoogleV3坐标+2.5D高度,SBY-032,151.2
泗水,Wisma Intiland,-7.2728747,112.7430139,60.5,≥48米,商业,GoogleV3坐标+2.5D高度,,"Jalan Panglima Besar Sudirman, Surabaya"
泗水,Pakuwon Mall,-7.288766,112.6754546,60.5,≥48米,商业,GoogleV3坐标+2.5D高度,,1057.5
泗水,Twin Towers,-7.2878105,112.6360646,60.0,≥48米,未分类,GoogleV3坐标+2.5D高度,,154.1
泗水,Apartemen Puncak Marina Tower 1,-7.266874,112.7406383,60.0,≥48米,公寓,GoogleV3坐标+2.5D高度,,"Jalan Margorejo Indah Gang XVII, Surabaya"
泗水,Novotel,-7.3109423,112.7732296,60.0,≥48米,商业,GoogleV3坐标+2.5D高度,,966.4
泗水,Twin Towers,-7.2511353,112.7485016,60.0,≥48米,未分类,GoogleV3坐标+2.5D高度,,400.5
泗水,Apartemen Puncak Marina Tower 1,-7.3151994,112.7489889,60.0,≥48米,公寓,GoogleV3坐标+2.5D高度,,"Jalan Margorejo Indah Gang XVII, Surabaya"
泗水,Wisma BCA Bukit Darmo,-7.2864329,112.6790109,59.5,≥48米,商业,GoogleV3坐标+2.5D高度,,41.3
泗水,UC Apartment,-7.3102544,112.7733029,59.5,≥48米,公寓,GoogleV3坐标+2.5D高度,,540.5
泗水,UC Apartment,-7.2655645,112.7469964,59.5,≥48米,商业,GoogleV3坐标+2.5D高度,SBY-020,17.4
泗水,Pakuwon Mall,-7.2728898,112.7964463,59.0,≥48米,商业,GoogleV3坐标+2.5D高度,SBY-033,382.2
泗水,Twin Towers,-7.2873102,112.7465586,59.0,≥48米,未分类,GoogleV3坐标+2.5D高度,SBY-034,758.3
泗水,Grand City,-7.2699832,112.8119154,59.0,≥48米,未分类,GoogleV3坐标+2.5D高度,,1455.4
泗水,Graha Pangeran / BNI,-7.2781948,112.7043994,58.5,≥48米,未分类,GoogleV3坐标+2.5D高度,,517.1
泗水,NAFF Karaoke,-7.2639396,112.7302778,58.5,≥48米,商业,GoogleV3坐标+2.5D高度,,343.2
泗水,Bank Maspion,-7.359324,112.6227002,58.0,≥48米,未分类,GoogleV3坐标+2.5D高度,,30.5
泗水,Mercure Surabaya Manyar,-7.2802109,112.7659288,58.0,≥48米,未分类,GoogleV3坐标+2.5D高度,,"Jalan Manyar Kertoarjo, Mulyorejo"
泗水,Mercure Surabaya Manyar,-7.3450117,112.7279854,58.0,≥48米,未分类,GoogleV3坐标+2.5D高度,SBY-035,1140.1
泗水,UC Apartment,-7.329238,112.7603596,58.0,≥48米,未分类,GoogleV3坐标+2.5D高度,SBY-036,503.2
泗水,Puncak MERR A,-7.2617832,112.7390981,58.0,≥48米,公寓,GoogleV3坐标+2.5D高度,SBY-037,"Jalan Wonorejo Timur, Surabaya"
泗水,Puncak MERR A,-7.2935488,112.7206066,57.5,≥48米,未分类,GoogleV3坐标+2.5D高度,SBY-001,96.5
泗水,Plasa Telkom,-7.3345106,112.7853249,57.5,≥48米,写字楼,GoogleV3坐标+2.5D高度,,Jalan Mergoyoso
泗水,Puncak MERR A,-7.3103375,112.7882612,57.5,≥48米,公寓,GoogleV3坐标+2.5D高度,,"Jalan Wonorejo Timur, Surabaya"
泗水,Pakuwon Mall,-7.2880676,112.6764204,57.5,≥48米,未分类,GoogleV3坐标+2.5D高度,,106.2
泗水,Plasa Telkom,-7.2625432,112.7397761,57.5,≥48米,写字楼,GoogleV3坐标+2.5D高度,,Jalan Mergoyoso
泗水,Hotel Quest,-7.2853495,112.7388098,57.5,≥48米,酒店,GoogleV3坐标+2.5D高度,,"Jalan Ronggolawe, Surabaya"
泗水,Royal Plaza,-7.2670338,112.7509685,57.5,≥48米,商场,GoogleV3坐标+2.5D高度,,"Jalan Jenderal Achmad Yani, Surabaya"
泗水,Apartemen Puncak Marina Tower 1,-7.2769259,112.8058897,57.0,≥48米,未分类,GoogleV3坐标+2.5D高度,,1765.5
泗水,Pasar Turi,-7.2622222,112.7476015,57.0,≥48米,未分类,GoogleV3坐标+2.5D高度,,525.6
泗水,Wisma BCA Bukit Darmo,-7.2930645,112.7190491,57.0,≥48米,未分类,GoogleV3坐标+2.5D高度,SBY-038,372.8
泗水,UC Apartment,-7.2935024,112.7192564,57.0,≥48米,商业,GoogleV3坐标+2.5D高度,SBY-038,23.2
泗水,Pasar Turi,-7.2456142,112.7346423,57.0,≥48米,公寓,GoogleV3坐标+2.5D高度,,37.3
泗水,Plasa Telkom,-7.2839945,112.7054849,56.5,≥48米,公寓,GoogleV3坐标+2.5D高度,SBY-011,Jalan Mergoyoso
泗水,Ibis Styles Surabaya Jemursari,-7.2684337,112.7451167,56.5,≥48米,未分类,GoogleV3坐标+2.5D高度,,"Jalan Jemur Sari, Rungkut"
泗水,Shangri-La Surabaya,-7.2006487,112.720594,56.0,≥48米,未分类,GoogleV3坐标+2.5D高度,SBY-039,"Jl. Mayjend Sungkono, Pakis, Sawahan, Surabaya, East Java"
泗水,Ibis Styles Surabaya Jemursari,-7.3219878,112.745186,56.0,≥48米,未分类,GoogleV3坐标+2.5D高度,,"Jalan Jemur Sari, Rungkut"
泗水,Grand City,-7.2677468,112.7705801,56.0,≥48米,未分类,GoogleV3坐标+2.5D高度,,598.5
泗水,Bank Maspion,-7.3577736,112.6227889,56.0,≥48米,商业,GoogleV3坐标+2.5D高度,,Jalan Basuki Rachmat
泗水,Primebiz Hotel Surabaya,-7.3294086,112.7224636,55.5,≥48米,商场,GoogleV3坐标+2.5D高度,,789.4
泗水,Hotel Ibis Basuki Rahmat,-7.2697536,112.7413214,55.5,≥48米,酒店,GoogleV3坐标+2.5D高度,,101.3
泗水,Mercure Surabaya Manyar,-7.2016568,112.7211865,55.0,≥48米,未分类,GoogleV3坐标+2.5D高度,SBY-040,385.6
泗水,Hotel Dafam Pacific Caesar,-7.2588287,112.782873,55.0,≥48米,酒店,GoogleV3坐标+2.5D高度,,545.4
泗水,Wisma BCA Bukit Darmo,-7.276558,112.7805015,55.0,≥48米,未分类,GoogleV3坐标+2.5D高度,,706.2
泗水,Mercure Surabaya Manyar,-7.2936022,112.720004,55.0,≥48米,未分类,GoogleV3坐标+2.5D高度,SBY-004,752.8
泗水,Tower A,-7.2930237,112.7187913,55.0,≥48米,公寓,GoogleV3坐标+2.5D高度,SBY-038,44.2
泗水,Wisma BCA Bukit Darmo,-7.3392657,112.7839654,54.5,≥48米,未分类,GoogleV3坐标+2.5D高度,,1029.5
泗水,Tower C,-7.2928567,112.6725884,54.5,≥48米,公寓,GoogleV3坐标+2.5D高度,,Surabaya
泗水,Tower A,-7.2576438,112.7793819,54.5,≥48米,公寓,GoogleV3坐标+2.5D高度,,"Jalan Panglima Besar Sudirman, Surabaya"
泗水,Plasa Telkom,-7.2456016,112.7334602,54.5,≥48米,未分类,GoogleV3坐标+2.5D高度,SBY-041,547.3
泗水,Tower C,-7.2795052,112.6923562,54.5,≥48米,公寓,GoogleV3坐标+2.5D高度,,Surabaya
泗水,Galaxy Mall 3,-7.2746233,112.7821383,54.5,≥48米,商业,GoogleV3坐标+2.5D高度,SBY-042,1130.8
泗水,Hotel Quest,-7.3448978,112.7283219,54.5,≥48米,未分类,GoogleV3坐标+2.5D高度,SBY-026,141.1
泗水,Graha Pasifik,-7.3097167,112.734416,54.0,≥48米,商业,GoogleV3坐标+2.5D高度,,"Jalan Jenderal Basuki Rachmat, Surabaya"
泗水,Royal Plaza,-7.2645123,112.7433493,54.0,≥48米,未分类,GoogleV3坐标+2.5D高度,,377
泗水,JW Marriott Hotel Surabaya,-7.260001,112.7349717,54.0,≥48米,酒店,GoogleV3坐标+2.5D高度,,"Jalan Embong Malang, Surabaya"
泗水,Graha Pasifik,-7.2688727,112.741924,54.0,≥48米,商业,GoogleV3坐标+2.5D高度,,"Jalan Jenderal Basuki Rachmat, Surabaya"
泗水,Voza Tower,-7.2363713,112.7338085,53.5,≥48米,写字楼,GoogleV3坐标+2.5D高度,,501
泗水,Tanglin Tower,-7.2623926,112.7511724,53.5,≥48米,未分类,GoogleV3坐标+2.5D高度,,5424.3
泗水,Tanglin Tower,-7.2875277,112.6749236,53.0,≥48米,未分类,GoogleV3坐标+2.5D高度,,469
泗水,Tanglin Tower,-7.2634348,112.7401323,53.0,≥48米,未分类,GoogleV3坐标+2.5D高度,,1401.3
泗水,Waterplace Tower A,-7.2913804,112.6726131,53.0,≥48米,商业,GoogleV3坐标+2.5D高度,SBY-006,Jalan Basuki Rachmat
泗水,Ibis Styles Surabaya Jemursari,-7.2925907,112.7191555,52.5,≥48米,未分类,GoogleV3坐标+2.5D高度,,4679.6
泗水,Shangri-La Surabaya,-7.2924464,112.7205148,52.5,≥48米,酒店,GoogleV3坐标+2.5D高度,,1286.2
泗水,Ibis Styles Surabaya Jemursari,-7.310195,112.7345248,52.5,≥48米,未分类,GoogleV3坐标+2.5D高度,,46.5
泗水,Marvell City Mall,-7.2837441,112.7057288,52.5,≥48米,酒店,GoogleV3坐标+2.5D高度,SBY-043,"Jl. Raya Ngagel, Ngagel, Wonokromo, Kota SBY, Jawa Timur, Indonesia"
泗水,Hotel Garden Palace,-7.2636907,112.7467705,52.5,≥48米,酒店,GoogleV3坐标+2.5D高度,,"Jalan Pemuda, Surabaya"
泗水,Bank Maspion,-7.3598864,112.6226707,52.5,≥48米,未分类,GoogleV3坐标+2.5D高度,,323.4
泗水,Marvell City Mall,-7.2888413,112.7461077,52.5,≥48米,商场,GoogleV3坐标+2.5D高度,,"Jl. Raya Ngagel, Ngagel, Wonokromo, Kota SBY, Jawa Timur, Indonesia"
泗水,Amaris Hotel Margorejo,-7.3172971,112.7493394,52.5,≥48米,酒店,GoogleV3坐标+2.5D高度,,"Jalan Progo, Surabaya, Jawa Timur, Indonesia"
泗水,Primebiz Hotel Surabaya,-7.2634023,112.739507,52.5,≥48米,未分类,GoogleV3坐标+2.5D高度,,4776
泗水,Hotel Ibis Basuki Rahmat,-7.258423,112.8103958,52.5,≥48米,未分类,GoogleV3坐标+2.5D高度,,1153.2
泗水,Amaris Hotel Margorejo,-7.2741016,112.7821564,52.0,≥48米,未分类,GoogleV3坐标+2.5D高度,,2716.4
泗水,Lenmarc Mall,-7.3380044,112.7139716,52.0,≥48米,商业,GoogleV3坐标+2.5D高度,,Surabaya
泗水,Hotel Dafam Pacific Caesar,-7.2839428,112.7058507,52.0,≥48米,酒店,GoogleV3坐标+2.5D高度,SBY-043,52.5
泗水,favehotel Rungkut,-7.2614366,112.7507115,52.0,≥48米,酒店,GoogleV3坐标+2.5D高度,,46.2
泗水,ITC Surabaya - Mega Grosir,-7.203269,112.721603,51.5,≥48米,商场,GoogleV3坐标+2.5D高度,,"Jalan Gembong, Simokerto, Surabaya, East Java"
泗水,Lenmarc Mall,-7.2862036,112.6809996,51.5,≥48米,商业,GoogleV3坐标+2.5D高度,,Surabaya
泗水,Hotel Dafam Pacific Caesar,-7.3081833,112.7348097,51.5,≥48米,未分类,GoogleV3坐标+2.5D高度,SBY-030,395.4
泗水,ITC Surabaya - Mega Grosir,-7.2410461,112.7469526,51.5,≥48米,商场,GoogleV3坐标+2.5D高度,,"Jalan Gembong, Simokerto, Surabaya, East Java"
泗水,Tower A,-7.2933069,112.7191228,51.5,≥48米,未分类,GoogleV3坐标+2.5D高度,SBY-038,103.7
泗水,PT. Bestprofit Futures Surabaya,-7.2656685,112.7448206,51.5,≥48米,公寓,GoogleV3坐标+2.5D高度,,1551.5
泗水,Tower C,-7.2553621,112.7335139,51.0,≥48米,未分类,GoogleV3坐标+2.5D高度,SBY-044,553.7
泗水,Wisma Intiland,-7.2946148,112.6806247,51.0,≥48米,公寓,GoogleV3坐标+2.5D高度,,166.4
泗水,Sentral Yamaha Basuki Rahmat,-7.2018982,112.721304,51.0,≥48米,未分类,GoogleV3坐标+2.5D高度,SBY-040,"Jalan Jenderal Basuki Rachmat, Surabaya"
泗水,Hotel Platinum Surabaya,-7.2928962,112.7205815,51.0,≥48米,酒店,GoogleV3坐标+2.5D高度,,"Jalan Tunjungan, Surabaya"
泗水,The Alana Hotel Surabaya,-7.2718313,112.7412717,51.0,≥48米,未分类,GoogleV3坐标+2.5D高度,,256.5
泗水,Sentral Yamaha Basuki Rahmat,-7.2660134,112.741329,51.0,≥48米,未分类,GoogleV3坐标+2.5D高度,,"Jalan Jenderal Basuki Rachmat, Surabaya"
泗水,Grha Wonokoyo,-7.308879,112.7347882,51.0,≥48米,未分类,GoogleV3坐标+2.5D高度,,"Jalan Raya Darmo, Surabaya"
泗水,Grand Heaven,-7.2904868,112.711383,51.0,≥48米,未分类,GoogleV3坐标+2.5D高度,SBY-045,887
泗水,Graha Pena,-7.2927807,112.7195418,51.0,≥48米,商业,GoogleV3坐标+2.5D高度,,3541.2
泗水,Grha Wonokoyo,-7.2905429,112.7395591,50.5,≥48米,未分类,GoogleV3坐标+2.5D高度,,"Jalan Raya Darmo, Surabaya"
泗水,Grand Heaven,-7.3475896,112.7136856,50.5,≥48米,公寓,GoogleV3坐标+2.5D高度,,2305.4
泗水,Tower B,-7.333169,112.7883475,50.0,≥48米,公寓,GoogleV3坐标+2.5D高度,,Surabaya
泗水,Grand City,-7.2946813,112.6820945,50.0,≥48米,公寓,GoogleV3坐标+2.5D高度,SBY-046,217.1
泗水,Hotel Cendana,-7.2019713,112.7215843,50.0,≥48米,酒店,GoogleV3坐标+2.5D高度,SBY-040,Jl. Pregolan
泗水,The Empire Palace,-7.2778159,112.7045033,50.0,≥48米,会展,GoogleV3坐标+2.5D高度,SBY-047,"Jl. Blauran, Genteng, Surabaya"
泗水,Tower B,-7.2792679,112.6920046,50.0,≥48米,公寓,GoogleV3坐标+2.5D高度,,Surabaya
泗水,Grand City,-7.2618809,112.7506803,50.0,≥48米,商业,GoogleV3坐标+2.5D高度,,Jalan HR Muhammad
泗水,Hotel Cendana,-7.2682862,112.7395727,50.0,≥48米,酒店,GoogleV3坐标+2.5D高度,,Jl. Pregolan
泗水,The Empire Palace,-7.2578207,112.7341926,49.5,≥48米,会展,GoogleV3坐标+2.5D高度,,"Jl. Blauran, Genteng, Surabaya"
泗水,BRI,-7.2862712,112.6982752,49.5,≥48米,商业,GoogleV3坐标+2.5D高度,,Jalan HR Muhammad
泗水,Hotel Garden Palace,-7.2759446,112.7806614,49.5,≥48米,未分类,GoogleV3坐标+2.5D高度,,829.1
泗水,Wisma BCA Bukit Darmo,-7.2861333,112.6792384,49.5,≥48米,商业,GoogleV3坐标+2.5D高度,,1458.4
泗水,Marvell City Mall,-7.2549881,112.7332898,49.5,≥48米,酒店,GoogleV3坐标+2.5D高度,SBY-048,192.2
泗水,Max One Dharmahusada,-7.2673258,112.7711525,49.5,≥48米,酒店,GoogleV3坐标+2.5D高度,,"Jalan Dharmahusada No. 189, Surabaya, Jawa Timur, Indonesia"
泗水,Menara Standard Chartered Bank Surabaya,-7.2670896,112.7414681,49.0,≥48米,商业,GoogleV3坐标+2.5D高度,SBY-049,295.4
泗水,BG Junction,-7.2546677,112.7328907,49.0,≥48米,商业,GoogleV3坐标+2.5D高度,,130.8
泗水,The Central Mall Gunawangsa Tidar,-7.2726211,112.7494033,49.0,≥48米,酒店,GoogleV3坐标+2.5D高度,,1194.1
泗水,Tunjungan Electronic Centre,-7.2550486,112.7336574,49.0,≥48米,商业,GoogleV3坐标+2.5D高度,SBY-050,113
泗水,Grand Darmo Suite,-7.2685129,112.7424197,49.0,≥48米,未分类,GoogleV3坐标+2.5D高度,,"Jalan Progo, Surabaya, Jawa Timur, Indonesia"
泗水,The Central Mall Gunawangsa Tidar,-7.2546704,112.7158168,49.0,≥48米,商场,GoogleV3坐标+2.5D高度,,1157.9
泗水,Max One Dharmahusada,-7.2469012,112.7325574,49.0,≥48米,未分类,GoogleV3坐标+2.5D高度,,65
泗水,Tunjungan Electronic Centre,-7.2568782,112.7380516,49.0,≥48米,商业,GoogleV3坐标+2.5D高度,,2081.6
泗水,Grand Darmo Suite,-7.2917619,112.7408932,49.0,≥48米,商业,GoogleV3坐标+2.5D高度,,"Jalan Progo, Surabaya, Jawa Timur, Indonesia"
泗水,Rumah Sakit Universitas Airlangga,-7.2698139,112.7849509,49.0,≥48米,医院,GoogleV3坐标+2.5D高度,,"Jalan Dharmahusada Indah Utara, Surabaya"
泗水,RSIA Lombok Dua Dua Surabaya,-7.2784501,112.7487933,49.0,≥48米,医院,GoogleV3坐标+2.5D高度,,"Jalan Flores Nomor 12, Ngagel, Surabaya"
泗水,The Central Mall Gunawangsa Tidar,-7.2007834,112.7210717,48.5,≥48米,未分类,GoogleV3坐标+2.5D高度,,837.3
泗水,Bank Jatim,-7.2703724,112.7409973,48.5,≥48米,商业,GoogleV3坐标+2.5D高度,,"Jalan Jenderal Basuki Rachmat, Surabaya"
泗水,Apartemen Dian Regency,-7.3168149,112.7501208,48.5,≥48米,公寓,GoogleV3坐标+2.5D高度,SBY-017,"Jl. Keputih, Sukolilo, Surabaya"
泗水,Pop! Hotel,-7.2409359,112.7424494,48.5,≥48米,公寓,GoogleV3坐标+2.5D高度,,"Jalan Waspada, Bongkaran, Pabean Cantian, Kota SBY, Jawa Timur, Indonesia"
泗水,G Suites Hotel,-7.2735694,112.7474921,48.0,≥48米,酒店,GoogleV3坐标+2.5D高度,,"Jl. Raya Gubeng, Surabaya;Gubeng, Surabaya, East Java"
泗水,PT. Bestprofit Futures Surabaya,-7.2634766,112.7404969,48.0,≥48米,未分类,GoogleV3坐标+2.5D高度,,3886.9
泗水,Grand City,-7.2579738,112.7347472,48.0,≥48米,未分类,GoogleV3坐标+2.5D高度,,75.2
泗水,Trillium Office & Residence,-7.256978,112.7361403,48.0,≥48米,公寓,GoogleV3坐标+2.5D高度,,"Jalan Pemuda, Surabaya"
泗水,Yello,-7.3261607,112.7146245,48.0,≥48米,公寓,GoogleV3坐标+2.5D高度,,259.9
泗水,Spazio Office Building,-7.2894271,112.6777311,48.0,≥48米,写字楼,GoogleV3坐标+2.5D高度,,5425.1
泗水,Yello,-7.2668713,112.7430757,47.5,≥40米,未分类,GoogleV3坐标+2.5D高度,,753.1
泗水,PT. Bestprofit Futures Surabaya,-7.2636694,112.73997,47.5,≥40米,未分类,GoogleV3坐标+2.5D高度,,37.4
泗水,Waterplace Tower C,-7.2924664,112.6732381,47.5,≥40米,未分类,GoogleV3坐标+2.5D高度,SBY-007,224.7
泗水,Gedung Ekonomi,-7.2416306,112.7470409,47.5,≥40米,写字楼,GoogleV3坐标+2.5D高度,,Jalan Embong Malang
泗水,Bank Central Asia,-7.2411241,112.7379195,47.5,≥40米,商业,GoogleV3坐标+2.5D高度,,Jalan Veteran No. 18-24
泗水,Leedon Hotel & Suites Surabaya,-7.2456063,112.7576117,47.5,≥40米,酒店,GoogleV3坐标+2.5D高度,,"Jl. Jaksa Agung Suprapto No.37, Ketabang, Kec. Genteng, Surabaya, Jawa Timur 60272, Surabaya"
泗水,Adhiwangsa Golf Residence 1,-7.2852458,112.6817333,47.5,≥40米,公寓,GoogleV3坐标+2.5D高度,SBY-005,320.7
泗水,PELNI,-7.2004302,112.720521,47.5,≥40米,商业,GoogleV3坐标+2.5D高度,SBY-039,702.1
泗水,Grha Wonokoyo,-7.2725526,112.7416255,47.0,≥40米,未分类,GoogleV3坐标+2.5D高度,SBY-010,189.3
泗水,Gedung Ekonomi,-7.260169,112.7361284,47.0,≥40米,写字楼,GoogleV3坐标+2.5D高度,,Jalan Embong Malang
泗水,Aloft Hotel,-7.343809,112.7849184,47.0,≥40米,公寓,GoogleV3坐标+2.5D高度,,709.8
泗水,Wisma Intiland,-7.2697433,112.8126494,47.0,≥40米,商业,GoogleV3坐标+2.5D高度,,"Jalan Panglima Besar Sudirman, Surabaya"
泗水,PELNI,-7.2447424,112.7388481,47.0,≥40米,商业,GoogleV3坐标+2.5D高度,,431.2
泗水,Hotel Cendana,-7.2555133,112.7338468,47.0,≥40米,公寓,GoogleV3坐标+2.5D高度,,1614.1
泗水,Aloft Hotel,-7.2754976,112.8044311,47.0,≥40米,公寓,GoogleV3坐标+2.5D高度,,1198.7
泗水,Wisma Intiland,-7.2731047,112.742645,46.5,≥40米,商业,GoogleV3坐标+2.5D高度,,"Jalan Panglima Besar Sudirman, Surabaya"
泗水,The Empire Palace,-7.2556037,112.7335241,46.5,≥40米,未分类,GoogleV3坐标+2.5D高度,SBY-044,634.7
泗水,Lenmarc Mall,-7.2945982,112.6818692,46.5,≥40米,公寓,GoogleV3坐标+2.5D高度,SBY-046,227.1
泗水,Waterplace Tower B,-7.2921286,112.6721319,46.5,≥40米,酒店,GoogleV3坐标+2.5D高度,,102.5
泗水,Tower B,-7.301664,112.7385748,46.5,≥40米,公寓,GoogleV3坐标+2.5D高度,,Surabaya
泗水,Grand City,-7.2348067,112.7382028,46.5,≥40米,未分类,GoogleV3坐标+2.5D高度,SBY-051,3792.1
泗水,Adhiwangsa Golf Residence 2,-7.2865793,112.6804179,46.5,≥40米,公寓,GoogleV3坐标+2.5D高度,,700
泗水,Wisma Intiland,-7.2904053,112.7379218,46.5,≥40米,商业,GoogleV3坐标+2.5D高度,,"Jalan Panglima Besar Sudirman, Surabaya"
泗水,Grand City,-7.2741197,112.6908071,46.5,≥40米,未分类,GoogleV3坐标+2.5D高度,,713.9
泗水,Hotel 88 Kedungsari,-7.2837688,112.7060649,46.0,≥40米,酒店,GoogleV3坐标+2.5D高度,,435.8
泗水,UC Apartment,-7.356822,112.776371,46.0,≥40米,公寓,GoogleV3坐标+2.5D高度,SBY-052,463.2
泗水,High Point Apartment,-7.3392006,112.7380014,46.0,≥40米,公寓,GoogleV3坐标+2.5D高度,,19.7
泗水,Hotel 88 Kedungsari,-7.2658011,112.7313963,46.0,≥40米,酒店,GoogleV3坐标+2.5D高度,,512.5
泗水,High Point Apartment,-7.3367796,112.7386371,45.5,≥40米,公寓,GoogleV3坐标+2.5D高度,,22.5
泗水,Trans Luxury Hotel,-7.268831,112.7494716,45.5,≥40米,酒店,GoogleV3坐标+2.5D高度,,311.6
泗水,Bank Jatim,-7.2406866,112.7467654,45.5,≥40米,商业,GoogleV3坐标+2.5D高度,,"Jalan Jenderal Basuki Rachmat, Surabaya"
泗水,Rumah Sakit Universitas Airlangga,-7.3397861,112.7393975,45.0,≥40米,未分类,GoogleV3坐标+2.5D高度,,1888.1
泗水,RSIA Lombok Dua Dua Surabaya,-7.241296,112.7464777,45.0,≥40米,未分类,GoogleV3坐标+2.5D高度,,274.5
泗水,Bank Jatim,-7.2627705,112.7401847,45.0,≥40米,商业,GoogleV3坐标+2.5D高度,,"Jalan Jenderal Basuki Rachmat, Surabaya"
泗水,High Point Apartment,-7.2627492,112.7392796,45.0,≥40米,未分类,GoogleV3坐标+2.5D高度,SBY-053,33.1
泗水,Trans Luxury Hotel,-7.338934,112.7287731,45.0,≥40米,酒店,GoogleV3坐标+2.5D高度,,42.7
泗水,Apartemen Puncak Marina Tower 2,-7.2629689,112.7389174,45.0,≥40米,公寓,GoogleV3坐标+2.5D高度,,"Jalan Margorejo Indah Gang XVII, Surabaya"
泗水,Apartemen Dian Regency,-7.2903753,112.7115807,45.0,≥40米,未分类,GoogleV3坐标+2.5D高度,SBY-045,65.7
泗水,Pop! Hotel,-7.2612027,112.7499868,44.5,≥40米,未分类,GoogleV3坐标+2.5D高度,,3004.3
泗水,G Suites Hotel,-7.2014904,112.7213551,44.5,≥40米,未分类,GoogleV3坐标+2.5D高度,SBY-040,217.8
泗水,Trans Luxury Hotel,-7.289421,112.6735992,44.5,≥40米,未分类,GoogleV3坐标+2.5D高度,,1775.2
泗水,Aloft Hotel,-7.2910952,112.7951622,44.5,≥40米,公寓,GoogleV3坐标+2.5D高度,,147.4
泗水,Pakuwon Trade Center,-7.3222647,112.7304357,44.5,≥40米,商业,GoogleV3坐标+2.5D高度,SBY-054,1126.8
泗水,Plaza Sinarmas,-7.3565127,112.7069185,44.0,≥40米,商业,GoogleV3坐标+2.5D高度,,"Jalan Pemuda, Surabaya"
泗水,Shangri-La Surabaya,-7.3199752,112.7589315,44.0,≥40米,未分类,GoogleV3坐标+2.5D高度,,"Jl. Mayjend Sungkono, Pakis, Sawahan, Surabaya, East Java"
泗水,Bank Maspion,-7.2629683,112.7391942,44.0,≥40米,商业,GoogleV3坐标+2.5D高度,SBY-053,Jalan Kembang Jepun
泗水,Pakuwon Trade Center,-7.2907442,112.6739503,44.0,≥40米,商业,GoogleV3坐标+2.5D高度,,11091.1
泗水,Spazio Office Building,-7.2886115,112.7456539,44.0,≥40米,未分类,GoogleV3坐标+2.5D高度,,3316.4
泗水,Shangri-La Surabaya,-7.2897581,112.7161723,44.0,≥40米,公寓,GoogleV3坐标+2.5D高度,,"Jl. Mayjend Sungkono, Pakis, Sawahan, Surabaya, East Java"
泗水,Bank Maspion,-7.2375851,112.7433592,44.0,≥40米,商业,GoogleV3坐标+2.5D高度,,Jalan Kembang Jepun
泗水,Hartono Elektronika,-7.2582563,112.780864,43.5,≥40米,商业,GoogleV3坐标+2.5D高度,,"Jalan Doktor Insinyur Haji Soekarno, Surabaya"
泗水,Hotel 88,-7.2677957,112.7433385,43.5,≥40米,酒店,GoogleV3坐标+2.5D高度,SBY-055,406.8
泗水,Leedon Hotel & Suites Surabaya,-7.3268061,112.7146859,43.5,≥40米,公寓,GoogleV3坐标+2.5D高度,,829.2
泗水,Adhiwangsa Golf Residence 2,-7.2927287,112.7187668,43.0,≥40米,公寓,GoogleV3坐标+2.5D高度,,38.2
泗水,Hartono Elektronika,-7.2841286,112.7813108,43.0,≥40米,未分类,GoogleV3坐标+2.5D高度,,"Jalan Doktor Insinyur Haji Soekarno, Surabaya"
泗水,Hotel 88,-7.2582877,112.7336659,43.0,≥40米,酒店,GoogleV3坐标+2.5D高度,,450.7
泗水,Gedung Ekonomi,-7.2633216,112.7387358,43.0,≥40米,未分类,GoogleV3坐标+2.5D高度,SBY-031,1016.9
泗水,Aloft Hotel,-7.1926296,112.677456,43.0,≥40米,未分类,GoogleV3坐标+2.5D高度,,297.7
泗水,Pakuwon Mall,-7.3026495,112.7377185,43.0,≥40米,商业,GoogleV3坐标+2.5D高度,,3982.9
泗水,PELNI,-7.2945382,112.7307589,43.0,≥40米,未分类,GoogleV3坐标+2.5D高度,,952.3
泗水,Plaza Sinarmas,-7.2008048,112.7362977,42.5,≥40米,未分类,GoogleV3坐标+2.5D高度,,94
泗水,Pakuwon Mall,-7.2892505,112.6755476,42.5,≥40米,商业,GoogleV3坐标+2.5D高度,,13873.5
泗水,Kantor Pertamina Marketing Operation Region V,-7.3022003,112.7418917,42.5,≥40米,写字楼,GoogleV3坐标+2.5D高度,,Jalan Jagir Wonokromo nomor 88
泗水,Twin Towers,-7.248915,112.7340076,42.5,≥40米,未分类,GoogleV3坐标+2.5D高度,,1762.6
泗水,Wisma Intiland,-7.2017348,112.7214716,42.5,≥40米,未分类,GoogleV3坐标+2.5D高度,SBY-040,317.6
泗水,Leedon Hotel & Suites Surabaya,-7.3082134,112.7345453,42.5,≥40米,未分类,GoogleV3坐标+2.5D高度,SBY-030,305.2
泗水,Trans Icon Mall,-7.3573542,112.7758255,42.5,≥40米,商业,GoogleV3坐标+2.5D高度,,78.4
泗水,Cleo Hotel Jemursari,-7.3192416,112.7479736,42.5,≥40米,公寓,GoogleV3坐标+2.5D高度,,"Jl. Keputih, Sukolilo, Surabaya"
泗水,Darmo Trade Center,-7.354874,112.7007027,42.5,≥40米,商场,GoogleV3坐标+2.5D高度,,Jalan Stasiun Wonokromo
泗水,The Empire Palace,-7.1924383,112.6772622,42.5,≥40米,会展,GoogleV3坐标+2.5D高度,,"Jl. Blauran, Genteng, Surabaya"
泗水,Adhiwangsa Golf Residence 2,-7.2547395,112.7332249,42.0,≥40米,未分类,GoogleV3坐标+2.5D高度,SBY-048,959.1
泗水,Wisma Intiland,-7.2744814,112.7823801,42.0,≥40米,未分类,GoogleV3坐标+2.5D高度,,20
泗水,Trans Icon Mall,-7.338501,112.7282217,42.0,≥40米,商业,GoogleV3坐标+2.5D高度,,2839.5
泗水,UC Apartment,-7.2897091,112.6734397,42.0,≥40米,未分类,GoogleV3坐标+2.5D高度,,1165.5
泗水,High Point Apartment,-7.3238151,112.7431735,42.0,≥40米,未分类,GoogleV3坐标+2.5D高度,,516.8
泗水,Four Points by Sheraton,-7.2617793,112.7388679,42.0,≥40米,公寓,GoogleV3坐标+2.5D高度,SBY-037,139.6
泗水,Batiqa Hotel Darmo Surabaya,-7.2806367,112.7307985,42.0,≥40米,酒店,GoogleV3坐标+2.5D高度,,148.8
泗水,Hotel 88 Kedungsari,-7.1928251,112.6776601,41.5,≥40米,未分类,GoogleV3坐标+2.5D高度,,280.8
泗水,Olive Tower,-7.277907,112.7047525,41.5,≥40米,公寓,GoogleV3坐标+2.5D高度,SBY-047,487
泗水,Hotel Santika Pandegiling 45,-7.3225157,112.7303829,41.5,≥40米,酒店,GoogleV3坐标+2.5D高度,SBY-054,523.5
泗水,Hotel Ibis Basuki Rahmat,-7.3365881,112.7156933,41.5,≥40米,酒店,GoogleV3坐标+2.5D高度,,225.3
泗水,Telkomsel,-7.2949225,112.682733,41.5,≥40米,公寓,GoogleV3坐标+2.5D高度,SBY-029,"Jalan Gayungan, Kec. Gayungan, Surabaya"
泗水,Batiqa Hotel Darmo Surabaya,-7.2943233,112.7406479,41.5,≥40米,酒店,GoogleV3坐标+2.5D高度,,25.6
泗水,Trans Luxury Hotel,-7.2168993,112.7236763,41.5,≥40米,未分类,GoogleV3坐标+2.5D高度,,85.2
泗水,Olive Tower,-7.2728343,112.7967659,41.5,≥40米,公寓,GoogleV3坐标+2.5D高度,,1085.5
泗水,Hotel Santika Pandegiling 45,-7.2776274,112.7402367,41.0,≥40米,酒店,GoogleV3坐标+2.5D高度,,166.9
泗水,Telkomsel,-7.336183,112.7240125,41.0,≥40米,商业,GoogleV3坐标+2.5D高度,,"Jalan Gayungan, Kec. Gayungan, Surabaya"
泗水,Galaxy Mall 1 & 2,-7.2901093,112.7063481,41.0,≥40米,商业,GoogleV3坐标+2.5D高度,,5588.4
泗水,Hotel Platinum Surabaya,-7.2352323,112.738081,41.0,≥40米,酒店,GoogleV3坐标+2.5D高度,,"Jalan Tunjungan, Surabaya"
泗水,Bank Jatim,-7.2749861,112.7824256,41.0,≥40米,未分类,GoogleV3坐标+2.5D高度,,71.5
泗水,Waterplace Tower A,-7.3563667,112.788187,41.0,≥40米,未分类,GoogleV3坐标+2.5D高度,,168.1
泗水,Amar Bank,-7.2539726,112.750287,41.0,≥40米,商业,GoogleV3坐标+2.5D高度,,Jalan Kusuma Bangsa
泗水,Galaxy Mall 1 & 2,-7.2752246,112.7822625,41.0,≥40米,商业,GoogleV3坐标+2.5D高度,,1487.2
泗水,GraPARI Telkomsel,-7.2941277,112.7296308,41.0,≥40米,未分类,GoogleV3坐标+2.5D高度,,"Jl. Pemuda, Surabaya"
泗水,Telkomsel,-7.320002,112.7585307,41.0,≥40米,未分类,GoogleV3坐标+2.5D高度,,391.6
泗水,Eastcoast Residence,-7.2588337,112.8101355,40.5,≥40米,公寓,GoogleV3坐标+2.5D高度,,"Jl. Kalisari Timur 16, Surabaya"
泗水,Apartemen Puncak Marina Tower 2,-7.3049327,112.710999,40.5,≥40米,未分类,GoogleV3坐标+2.5D高度,,45.2
泗水,GraPARI Telkomsel,-7.2661566,112.7494787,40.5,≥40米,未分类,GoogleV3坐标+2.5D高度,,"Jl. Pemuda, Surabaya"
泗水,Fresh Face Skincare Clinic,-7.2845736,112.739053,40.5,≥40米,未分类,GoogleV3坐标+2.5D高度,,"Jalan Gembong, Simokerto, Surabaya, East Java"
泗水,Pakuwon Trade Center,-7.3451054,112.7284065,40.5,≥40米,未分类,GoogleV3坐标+2.5D高度,SBY-026,441.8
泗水,Gedung Pusat Pelayanan Jantung Terpadu,-7.2691833,112.7568874,40.5,≥40米,医院,GoogleV3坐标+2.5D高度,SBY-056,17.3
泗水,Gedung Pusat Diagnostik Terpadu,-7.2677272,112.7572426,40.5,≥40米,医院,GoogleV3坐标+2.5D高度,,RSUD Dr Soetomo
泗水,Ascott Serviced Apartments,-7.344795,112.7279139,40.0,≥40米,公寓,GoogleV3坐标+2.5D高度,SBY-035,48
泗水,First Media,-7.2702402,112.7510945,40.0,≥40米,未分类,GoogleV3坐标+2.5D高度,,1400.7
泗水,Kost Jadoel,-7.2748368,112.7820163,40.0,≥40米,宿舍,GoogleV3坐标+2.5D高度,SBY-042,"Jalan Kalijudan Asri Indah, Surabaya"
泗水,ITC Surabaya - Mega Grosir,-7.2410249,112.746573,40.0,≥40米,商场,GoogleV3坐标+2.5D高度,,"Jalan Gembong, Simokerto, Surabaya, East Java"
泗水,Galaxy Mall 1 & 2,-7.2905186,112.7062351,40.0,≥40米,未分类,GoogleV3坐标+2.5D高度,,17.3
泗水,Hotel Santika Pandegiling 45,-7.2943952,112.6590029,40.0,≥40米,酒店,GoogleV3坐标+2.5D高度,,336.2
泗水,Ascott Serviced Apartments,-7.2913141,112.6730522,40.0,≥40米,公寓,GoogleV3坐标+2.5D高度,,316.8
泗水,Eastcoast Residence,-7.2880712,112.7474861,40.0,≥40米,未分类,GoogleV3坐标+2.5D高度,,106.2
泗水,Kost Jadoel,-7.2584761,112.7796545,40.0,≥40米,宿舍,GoogleV3坐标+2.5D高度,,"Jalan Kalijudan Asri Indah, Surabaya"
泗水,Great Diponegoro Hotel,-7.2452533,112.7337486,39.5,≥32米,酒店,GoogleV3坐标+2.5D高度,,736.8
泗水,Bank Jatim,-7.2762464,112.7806935,39.5,≥32米,商业,GoogleV3坐标+2.5D高度,,"Jalan Jenderal Basuki Rachmat, Surabaya"
泗水,Brassery,-7.2459558,112.7574096,39.5,≥32米,未分类,GoogleV3坐标+2.5D高度,,"Jalan Gubeng, Surabaya"
泗水,Nestrivo (PT. Nestindo Karya Indonesia),-7.2770652,112.7805126,39.5,≥32米,写字楼,GoogleV3坐标+2.5D高度,SBY-022,"Jajar Tunggal, Surabaya"
泗水,Plasa Telkom,-7.2897471,112.6776551,39.5,≥32米,写字楼,GoogleV3坐标+2.5D高度,,Jalan Mergoyoso
泗水,La Lisa Hotel Surabaya,-7.2668532,112.7414195,39.5,≥32米,酒店,GoogleV3坐标+2.5D高度,SBY-049,449.1
泗水,Great Diponegoro Hotel,-7.2796158,112.7300414,39.5,≥32米,酒店,GoogleV3坐标+2.5D高度,,520.9
泗水,Brassery,-7.2721409,112.7473535,39.5,≥32米,公寓,GoogleV3坐标+2.5D高度,,"Jalan Gubeng, Surabaya"
泗水,Nestrivo (PT. Nestindo Karya Indonesia),-7.3094328,112.7039397,39.5,≥32米,写字楼,GoogleV3坐标+2.5D高度,,"Jajar Tunggal, Surabaya"
泗水,Nur Pacific,-7.2057015,112.7346394,39.5,≥32米,未分类,GoogleV3坐标+2.5D高度,,"Jl. Raya Gubeng, Kota SBY, Jawa Timur, Indonesia"
泗水,La Lisa Hotel Surabaya,-7.3045425,112.7618504,39.5,≥32米,酒店,GoogleV3坐标+2.5D高度,,149.3
泗水,OCBC NISP,-7.2659248,112.7485853,39.5,≥32米,商业,GoogleV3坐标+2.5D高度,,670.7
泗水,Kost Jadoel,-7.2872686,112.7016193,39.5,≥32米,公寓,GoogleV3坐标+2.5D高度,,826.8
泗水,Great Diponegoro Hotel,-7.3447909,112.7284199,39.0,≥32米,未分类,GoogleV3坐标+2.5D高度,SBY-026,75.6
泗水,Nur Pacific,-7.272667,112.748286,39.0,≥32米,商业,GoogleV3坐标+2.5D高度,,"Jl. Raya Gubeng, Kota SBY, Jawa Timur, Indonesia"
泗水,Hotel Garden Palace,-7.2635856,112.7463994,39.0,≥32米,酒店,GoogleV3坐标+2.5D高度,,"Jalan Pemuda, Surabaya"
泗水,Zest Hotel Jemursari,-7.3119046,112.7577125,39.0,≥32米,酒店,GoogleV3坐标+2.5D高度,,541.8
泗水,Flat Prajurit Mariir,-7.1955134,112.6490299,39.0,≥32米,未分类,GoogleV3坐标+2.5D高度,,149.6
泗水,La Lisa Hotel Surabaya,-7.289186,112.6748635,39.0,≥32米,未分类,GoogleV3坐标+2.5D高度,,12.3
泗水,Waterplace Residence,-7.2759438,112.7809937,39.0,≥32米,住宅,GoogleV3坐标+2.5D高度,,358
泗水,Trans Icon Mall,-7.348096,112.7992667,39.0,≥32米,商业,GoogleV3坐标+2.5D高度,,2685.4
泗水,Bella Tower,-7.301778,112.7382922,39.0,≥32米,公寓,GoogleV3坐标+2.5D高度,,28.2
泗水,Darmo Trade Center,-7.2818218,112.6477247,39.0,≥32米,未分类,GoogleV3坐标+2.5D高度,,76.9
泗水,Ruang Keuangan RS. Islam Surabaya,-7.3064356,112.7346934,39.0,≥32米,医院,GoogleV3坐标+2.5D高度,,1046.5
泗水,Plasa Telkom,-7.2671753,112.7574512,39.0,≥32米,医院,GoogleV3坐标+2.5D高度,,14.2
泗水,World Trade Center,-7.2629465,112.7479064,38.5,≥32米,商业,GoogleV3坐标+2.5D高度,,"Jalan Plaza Boulevard, Surabaya"
泗水,Graha Bumiputera,-7.2978136,112.7392919,38.5,≥32米,商业,GoogleV3坐标+2.5D高度,,"Jalan Raya Darmo, Surabaya"
泗水,Apartemen Dian Regency,-7.2861935,112.6804894,38.5,≥32米,未分类,GoogleV3坐标+2.5D高度,,1953.8
泗水,Flat Prajurit Mariir,-7.3064523,112.7048793,38.5,≥32米,未分类,GoogleV3坐标+2.5D高度,,73.2
泗水,The Empire Palace,-7.2853214,112.7813157,38.5,≥32米,未分类,GoogleV3坐标+2.5D高度,,487.5
泗水,Waterplace Residence,-7.2918481,112.6728767,38.5,≥32米,住宅,GoogleV3坐标+2.5D高度,,504.7
泗水,KFC,-7.258488,112.8096868,38.5,≥32米,未分类,GoogleV3坐标+2.5D高度,,237.8
泗水,Batiqa Hotel Darmo Surabaya,-7.2457648,112.7335695,38.5,≥32米,未分类,GoogleV3坐标+2.5D高度,SBY-041,14.2
泗水,Waterplace Residence,-7.2028572,112.7214067,38.5,≥32米,未分类,GoogleV3坐标+2.5D高度,,476.9
泗水,Hotel Santika Pandegiling 45,-7.2816102,112.7703925,38.5,≥32米,未分类,GoogleV3坐标+2.5D高度,SBY-018,728.5
泗水,Rumah Sakit Universitas Surabaya,-7.3139057,112.7663773,38.5,≥32米,医院,GoogleV3坐标+2.5D高度,,"Jalan Doktor Insinyur Haji Soekarno, Surabaya"
泗水,Telkomsel,-7.2592325,112.727488,38.0,≥32米,未分类,GoogleV3坐标+2.5D高度,,463
泗水,Batiqa Hotel Darmo Surabaya,-7.203165,112.7206698,38.0,≥32米,未分类,GoogleV3坐标+2.5D高度,,473.3
泗水,World Trade Center,-7.2731368,112.7964705,38.0,≥32米,商业,GoogleV3坐标+2.5D高度,SBY-033,285
泗水,Ciputra World,-7.2931188,112.7197224,38.0,≥32米,商业,GoogleV3坐标+2.5D高度,,"Jl. Mayjen Sungkono, Pakis, Surabaya"
泗水,KFC,-7.2895699,112.7459718,38.0,≥32米,未分类,GoogleV3坐标+2.5D高度,,317.4
泗水,Galaxy Mall 1 & 2,-7.2756029,112.782243,38.0,≥32米,商业,GoogleV3坐标+2.5D高度,,736.5
泗水,Telkomsel,-7.192462,112.6794041,38.0,≥32米,未分类,GoogleV3坐标+2.5D高度,,25
泗水,Apartemen Puncak Marina Tower 1,-7.3038613,112.7432658,38.0,≥32米,公寓,GoogleV3坐标+2.5D高度,SBY-016,"Jalan Margorejo Indah Gang XVII, Surabaya"
泗水,Galaxy Mall 1 & 2,-7.3582975,112.7771214,38.0,≥32米,未分类,GoogleV3坐标+2.5D高度,,170.9
泗水,Hotel Platinum Surabaya,-7.323868,112.7449441,38.0,≥32米,未分类,GoogleV3坐标+2.5D高度,,68.3
泗水,Jayanata,-7.2683409,112.7372212,38.0,≥32米,商业,GoogleV3坐标+2.5D高度,,Jalan Mawar
泗水,Waterplace Tower A,-7.2587658,112.742738,37.5,≥32米,未分类,GoogleV3坐标+2.5D高度,,754.5
泗水,Amar Bank,-7.2749212,112.6797677,37.5,≥32米,公寓,GoogleV3坐标+2.5D高度,,37.7
泗水,Bank Panin,-7.2914605,112.7232108,37.5,≥32米,商业,GoogleV3坐标+2.5D高度,,jalan Mayjen Sungkono
泗水,Galaxy Mall 1 & 2,-7.2002413,112.7362166,37.5,≥32米,未分类,GoogleV3坐标+2.5D高度,,598.4
泗水,Menara Graha Pena,-7.3272633,112.7145303,37.5,≥32米,公寓,GoogleV3坐标+2.5D高度,,361.5
泗水,GraPARI Telkomsel,-7.2902771,112.7113737,37.5,≥32米,未分类,GoogleV3坐标+2.5D高度,SBY-045,86.4
泗水,Plasa Telkom,-7.2895042,112.6760292,37.5,≥32米,未分类,GoogleV3坐标+2.5D高度,,9
泗水,Ciputra World,-7.2618798,112.7498989,37.5,≥32米,未分类,GoogleV3坐标+2.5D高度,,141.6
泗水,First Media,-7.2367525,112.7366295,37.5,≥32米,未分类,GoogleV3坐标+2.5D高度,,607.4
泗水,Marvell City Mall,-7.2891224,112.7457914,37.5,≥32米,商场,GoogleV3坐标+2.5D高度,,"Jl. Raya Ngagel, Ngagel, Wonokromo, Kota SBY, Jawa Timur, Indonesia"
泗水,Apartemen Puncak Marina Tower 1,-7.2720142,112.8097334,37.0,≥32米,未分类,GoogleV3坐标+2.5D高度,,276.2
泗水,Wisma Intiland,-7.2415608,112.7475658,37.0,≥32米,商业,GoogleV3坐标+2.5D高度,,"Jalan Panglima Besar Sudirman, Surabaya"
泗水,Hotel Platinum Surabaya,-7.2949488,112.7438393,37.0,≥32米,未分类,GoogleV3坐标+2.5D高度,,137.6
泗水,Ascott Serviced Apartments,-7.2036216,112.7260969,37.0,≥32米,未分类,GoogleV3坐标+2.5D高度,,45.8
泗水,Amaris Hotel,-7.275505,112.8057099,37.0,≥32米,酒店,GoogleV3坐标+2.5D高度,,4191.8
泗水,Swiss-Belinn,-7.2776445,112.7931006,37.0,≥32米,商业,GoogleV3坐标+2.5D高度,,"Jl. Manyar Kertoarjo, Manyar Sabrangan, Mulyorejo, Surabaya, East Java"
泗水,Kantor Pertamina Marketing Operation Region V,-7.2698962,112.7381723,37.0,≥32米,写字楼,GoogleV3坐标+2.5D高度,,Jalan Jagir Wonokromo nomor 88
泗水,Galaxy Mall 1 & 2,-7.2718366,112.7423668,36.5,≥32米,未分类,GoogleV3坐标+2.5D高度,SBY-021,1038.5
泗水,Menara Graha Pena,-7.3133028,112.7566074,36.5,≥32米,未分类,GoogleV3坐标+2.5D高度,,499.9
泗水,BRI Agro,-7.2015272,112.7211132,36.5,≥32米,商业,GoogleV3坐标+2.5D高度,SBY-040,jendral sudirma.
泗水,Hotel Santika Pandegiling 45,-7.3569278,112.7765817,36.5,≥32米,未分类,GoogleV3坐标+2.5D高度,SBY-052,520.2
泗水,Golden Tulip,-7.2585039,112.7321834,36.5,≥32米,未分类,GoogleV3坐标+2.5D高度,,524.8
泗水,Kost Jadoel,-7.2890776,112.6739306,36.5,≥32米,未分类,GoogleV3坐标+2.5D高度,,3128.5
泗水,Aspen Tower,-7.271319,112.7579918,36.5,≥32米,公寓,GoogleV3坐标+2.5D高度,,234
泗水,Brassery,-7.2856005,112.680838,36.5,≥32米,未分类,GoogleV3坐标+2.5D高度,,215.2
泗水,Amaris Hotel,-7.2588571,112.7333461,36.5,≥32米,酒店,GoogleV3坐标+2.5D高度,,660.1
泗水,Tunjungan Plaza,-7.2869095,112.6804732,36.5,≥32米,商场,GoogleV3坐标+2.5D高度,,22.8
泗水,La Lisa Hotel Surabaya,-7.2466404,112.7769079,36.5,≥32米,未分类,GoogleV3坐标+2.5D高度,,2541.7
泗水,BRI Agro,-7.2686604,112.7444844,36.5,≥32米,商业,GoogleV3坐标+2.5D高度,,jendral sudirma.
泗水,Golden Tulip,-7.2631616,112.7400111,36.5,≥32米,未分类,GoogleV3坐标+2.5D高度,,"Jalan H.R. Muhammad, Surabaya"
泗水,Bank Jatim,-7.2761898,112.7820833,36.0,≥32米,未分类,GoogleV3坐标+2.5D高度,,394
泗水,Brassery,-7.3369277,112.7155283,36.0,≥32米,未分类,GoogleV3坐标+2.5D高度,,252.1
泗水,Nestrivo (PT. Nestindo Karya Indonesia),-7.287655,112.7470389,36.0,≥32米,未分类,GoogleV3坐标+2.5D高度,,621.9
泗水,Nur Pacific,-7.3461008,112.7090753,36.0,≥32米,未分类,GoogleV3坐标+2.5D高度,,50.2
泗水,Telkom Landmark Tower,-7.2444383,112.777628,36.0,≥32米,写字楼,GoogleV3坐标+2.5D高度,,"Jalan Doktor Insinyur Haji Soekarno, Surabaya"
泗水,OCBC NISP,-7.2568501,112.7369357,36.0,≥32米,未分类,GoogleV3坐标+2.5D高度,,2151.8
泗水,GraPARI Telkomsel,-7.3019449,112.7377375,36.0,≥32米,未分类,GoogleV3坐标+2.5D高度,,1084.2
泗水,Kost Jadoel,-7.2801622,112.7816763,36.0,≥32米,未分类,GoogleV3坐标+2.5D高度,,13.7
泗水,Tunjungan Plaza,-7.2624805,112.7390825,36.0,≥32米,商业,GoogleV3坐标+2.5D高度,,436.1
泗水,Menara Mandiri,-7.3251816,112.7375482,36.0,≥32米,未分类,GoogleV3坐标+2.5D高度,,"Jalan Tunjungan, Surabaya"
泗水,Brassery,-7.3507151,112.7087907,36.0,≥32米,酒店,GoogleV3坐标+2.5D高度,,92.6
泗水,Hotel Garden Palace,-7.3047026,112.7608536,36.0,≥32米,未分类,GoogleV3坐标+2.5D高度,,322.7
泗水,Zest Hotel Jemursari,-7.2552268,112.733821,36.0,≥32米,未分类,GoogleV3坐标+2.5D高度,SBY-050,41.8
泗水,Flat Prajurit Mariir,-7.2553919,112.7332689,35.5,≥32米,未分类,GoogleV3坐标+2.5D高度,SBY-044,563.2
泗水,La Lisa Hotel Surabaya,-7.280454,112.7417182,35.5,≥32米,未分类,GoogleV3坐标+2.5D高度,,571.6
泗水,Bella Tower,-7.3121015,112.7282502,35.5,≥32米,未分类,GoogleV3坐标+2.5D高度,,56.8
泗水,Grapari,-7.3096508,112.7035078,35.5,≥32米,未分类,GoogleV3坐标+2.5D高度,,2478.4
泗水,Carrefour,-7.3207609,112.7706343,35.5,≥32米,商业,GoogleV3坐标+2.5D高度,,9383.5
泗水,World Trade Center,-7.2849498,112.739391,35.5,≥32米,酒店,GoogleV3坐标+2.5D高度,,"Jalan Plaza Boulevard, Surabaya"
泗水,Graha Bumiputera,-7.2407915,112.7327497,35.5,≥32米,未分类,GoogleV3坐标+2.5D高度,,84.9
泗水,Ascott,-7.2174514,112.721412,35.5,≥32米,未分类,GoogleV3坐标+2.5D高度,,"Jl. Puncak Permai I, Babatan, Suko Manunggal, Surabaya"
泗水,Flat Prajurit Mariir,-7.2417743,112.7441613,35.5,≥32米,未分类,GoogleV3坐标+2.5D高度,,17748.6
泗水,OCBC NISP,-7.2918004,112.7169566,35.5,≥32米,未分类,GoogleV3坐标+2.5D高度,,303.1
泗水,Bella Tower,-7.2756428,112.7806432,35.5,≥32米,未分类,GoogleV3坐标+2.5D高度,,1320.7
泗水,Galaxy Mall 1 & 2,-7.2957123,112.738328,35.0,≥32米,未分类,GoogleV3坐标+2.5D高度,,255
泗水,Telkom,-7.2903843,112.7168986,35.0,≥32米,未分类,GoogleV3坐标+2.5D高度,,1705.1
泗水,Golden Tulip,-7.2851913,112.6814913,35.0,≥32米,未分类,GoogleV3坐标+2.5D高度,SBY-005,2790.6
泗水,Rumah Sakit Universitas Surabaya,-7.2669158,112.7416707,35.0,≥32米,未分类,GoogleV3坐标+2.5D高度,SBY-049,12.8
泗水,Zest Hotel Jemursari,-7.3294126,112.7604713,35.0,≥32米,未分类,GoogleV3坐标+2.5D高度,SBY-036,1591.1
泗水,Jayanata,-7.2021215,112.740271,35.0,≥32米,未分类,GoogleV3坐标+2.5D高度,,7313.6
泗水,BRI,-7.2425103,112.6841431,35.0,≥32米,未分类,GoogleV3坐标+2.5D高度,,167.7
泗水,Leedon Hotel & Suites Surabaya,-7.2615381,112.7498944,35.0,≥32米,酒店,GoogleV3坐标+2.5D高度,,"Jl. Jaksa Agung Suprapto No.37, Ketabang, Kec. Genteng, Surabaya, Jawa Timur 60272, Surabaya"
泗水,Ciputra World,-7.2654034,112.7491412,35.0,≥32米,未分类,GoogleV3坐标+2.5D高度,,193.1
泗水,Midtown Hotel,-7.2767404,112.7822215,34.5,≥32米,酒店,GoogleV3坐标+2.5D高度,,648.2
泗水,Double Happiness,-7.3172224,112.7526275,34.5,≥32米,未分类,GoogleV3坐标+2.5D高度,,Jl. Kedungsari
泗水,Telkom,-7.2763435,112.7453189,34.5,≥32米,未分类,GoogleV3坐标+2.5D高度,,552.2
泗水,Grha Wismilak,-7.2696357,112.7855072,34.5,≥32米,商业,GoogleV3坐标+2.5D高度,,"Jalan Dokter Sutomo, Surabaya"
泗水,Adhiwangsa Golf Residence 2,-7.2422879,112.7428828,34.5,≥32米,公寓,GoogleV3坐标+2.5D高度,,413.5
泗水,Graha Bumiputera,-7.2543418,112.732536,34.5,≥32米,未分类,GoogleV3坐标+2.5D高度,,5798.6
泗水,Hartono Elektronika,-7.2764537,112.7822223,34.5,≥32米,商业,GoogleV3坐标+2.5D高度,,631.5
泗水,Flat Prajurit Mariir,-7.2419157,112.7472247,34.5,≥32米,未分类,GoogleV3坐标+2.5D高度,,441.8
泗水,Lima Lima Dinamika,-7.2628871,112.7373307,34.5,≥32米,写字楼,GoogleV3坐标+2.5D高度,SBY-028,"Jalan Raya Jemursari, Surabaya"
泗水,Bank Commonwealth,-7.2458457,112.7367665,34.0,≥32米,商业,GoogleV3坐标+2.5D高度,,Jalan Bubutan
泗水,Midtown Hotel,-7.2676624,112.7408169,34.0,≥32米,酒店,GoogleV3坐标+2.5D高度,,418.5
泗水,Pasar Grosir Surabaya,-7.2973603,112.6964131,34.0,≥32米,商场,GoogleV3坐标+2.5D高度,,"Jalan Raya Dupak, Surabaya"
泗水,Menara Graha Pena,-7.3118346,112.7671254,34.0,≥32米,酒店,GoogleV3坐标+2.5D高度,,49.3
泗水,Grha Wismilak,-7.2819738,112.7401319,34.0,≥32米,商业,GoogleV3坐标+2.5D高度,,"Jalan Dokter Sutomo, Surabaya"
泗水,Apartemen Puncak Marina Tower 1,-7.2655993,112.7648621,34.0,≥32米,未分类,GoogleV3坐标+2.5D高度,,191.6
泗水,Ascott,-7.3135988,112.6855055,34.0,≥32米,商业,GoogleV3坐标+2.5D高度,,120.1
泗水,Golden Tulip,-7.3338077,112.7354399,34.0,≥32米,未分类,GoogleV3坐标+2.5D高度,,35.1
泗水,Lima Lima Dinamika,-7.3216311,112.7438689,34.0,≥32米,写字楼,GoogleV3坐标+2.5D高度,,"Jalan Raya Jemursari, Surabaya"
泗水,Bank Central Asia,-7.1921964,112.6770254,34.0,≥32米,未分类,GoogleV3坐标+2.5D高度,,280.3
泗水,Jayanata,-7.2760153,112.7824028,34.0,≥32米,未分类,GoogleV3坐标+2.5D高度,SBY-057,1283.4
泗水,Menara Bank Mega,-7.3003599,112.6730592,34.0,≥32米,写字楼,GoogleV3坐标+2.5D高度,,849.1
泗水,Marvell City Mall,-7.2163399,112.7246586,34.0,≥32米,未分类,GoogleV3坐标+2.5D高度,,329.6
泗水,Mayapada Hospital,-7.2887076,112.7096969,34.0,≥32米,未分类,GoogleV3坐标+2.5D高度,,584.2
泗水,Menara Graha Pena,-7.3118727,112.680791,33.5,≥32米,未分类,GoogleV3坐标+2.5D高度,,1267.6
泗水,Pasar Grosir Surabaya,-7.2462393,112.7324485,33.5,≥32米,商场,GoogleV3坐标+2.5D高度,,"Jalan Raya Dupak, Surabaya"
泗水,PT PAL Indonesia (Persero),-7.3163394,112.7494513,33.5,≥32米,未分类,GoogleV3坐标+2.5D高度,,"Jalan Ujung, Semampir"
泗水,Adhiwangsa Golf Residence 2,-7.2773016,112.6945606,33.5,≥32米,未分类,GoogleV3坐标+2.5D高度,,55.9
泗水,Amaris Hotel,-7.2050854,112.7268506,33.5,≥32米,未分类,GoogleV3坐标+2.5D高度,,102.9
泗水,Swiss-Belinn,-7.2929326,112.7209099,33.5,≥32米,未分类,GoogleV3坐标+2.5D高度,,75.3
泗水,Kantor Pertamina Marketing Operation Region V,-7.2925397,112.6754779,33.5,≥32米,未分类,GoogleV3坐标+2.5D高度,,161.5
泗水,Wisma Sehati Surabaya,-7.2940699,112.7377143,33.5,≥32米,未分类,GoogleV3坐标+2.5D高度,,996.8
泗水,Leedon Hotel & Suites Surabaya,-7.3175445,112.7499386,33.5,≥32米,未分类,GoogleV3坐标+2.5D高度,,698.8
泗水,Tanglin Tower,-7.3450198,112.6988559,33.5,≥32米,医院,GoogleV3坐标+2.5D高度,,293.2
泗水,Midtown Hotel,-7.2730916,112.7508638,33.0,≥32米,未分类,GoogleV3坐标+2.5D高度,,97.7
泗水,Menara Bank Mega,-7.3381759,112.7285963,33.0,≥32米,写字楼,GoogleV3坐标+2.5D高度,,772
泗水,Pakuwon Mall Home Pro,-7.287555,112.746294,33.0,≥32米,商场,GoogleV3坐标+2.5D高度,SBY-034,529.1
泗水,Aria Centra Hotel,-7.2404881,112.7459412,33.0,≥32米,酒店,GoogleV3坐标+2.5D高度,,64.7
泗水,Wisma Intiland,-7.3433744,112.7845255,33.0,≥32米,未分类,GoogleV3坐标+2.5D高度,SBY-058,820.1
泗水,Aspen Tower,-7.2622834,112.7479945,33.0,≥32米,未分类,GoogleV3坐标+2.5D高度,,100.9
泗水,Double Happiness,-7.3527739,112.7028874,33.0,≥32米,未分类,GoogleV3坐标+2.5D高度,,1477.8
泗水,PT PAL Indonesia (Persero),-7.2053371,112.7416591,33.0,≥32米,商业,GoogleV3坐标+2.5D高度,,"Jalan Ujung, Semampir"
泗水,Jayanata,-7.3566043,112.6416108,33.0,≥32米,未分类,GoogleV3坐标+2.5D高度,,Jalan Mawar
泗水,Kantor Pertamina Marketing Operation Region V,-7.2648623,112.748273,33.0,≥32米,未分类,GoogleV3坐标+2.5D高度,,2905.9
泗水,Galaxy Mall 1 & 2,-7.2759036,112.7819253,33.0,≥32米,商业,GoogleV3坐标+2.5D高度,,324.3
泗水,Menara Bank Mega,-7.2470116,112.7298096,33.0,≥32米,未分类,GoogleV3坐标+2.5D高度,,4052
泗水,BRI Agro,-7.3345985,112.7898467,33.0,≥32米,未分类,GoogleV3坐标+2.5D高度,,989
泗水,Mayapada Hospital,-7.2220397,112.6231836,33.0,≥32米,未分类,GoogleV3坐标+2.5D高度,,35.9
泗水,Gedung Pusat Pelayanan Jantung Terpadu,-7.2912534,112.673784,33.0,≥32米,未分类,GoogleV3坐标+2.5D高度,,168.2
泗水,Pakuwon Mall Home Pro,-7.2894642,112.6740693,33.0,≥32米,商场,GoogleV3坐标+2.5D高度,SBY-015,509.3
泗水,Aria Centra Hotel,-7.2676056,112.7434809,33.0,≥32米,酒店,GoogleV3坐标+2.5D高度,SBY-055,805
泗水,Aspen Tower,-7.3397362,112.7386642,33.0,≥32米,未分类,GoogleV3坐标+2.5D高度,,181.7
泗水,Royal Tulip Darmo Surabaya,-7.297687,112.7660957,33.0,≥32米,未分类,GoogleV3坐标+2.5D高度,,2209.1
泗水,Kantor Pertamina Marketing Operation Region V,-7.3398537,112.7838429,32.5,≥32米,未分类,GoogleV3坐标+2.5D高度,,3294.2
泗水,BCA,-7.2844993,112.7814828,32.5,≥32米,商业,GoogleV3坐标+2.5D高度,,"Jalan Tunjungan, Surabaya"
泗水,Menara Mandiri,-7.2656966,112.7464342,32.5,≥32米,未分类,GoogleV3坐标+2.5D高度,,564.9
泗水,Four Points by Sheraton,-7.2767352,112.7825464,32.5,≥32米,未分类,GoogleV3坐标+2.5D高度,,151.5
泗水,Pakuwon Mall Home Pro,-7.3215898,112.6768225,32.5,≥32米,未分类,GoogleV3坐标+2.5D高度,,377.8
泗水,Aria Centra Hotel,-7.2757751,112.7824543,32.5,≥32米,未分类,GoogleV3坐标+2.5D高度,SBY-057,7.3
泗水,Toeng Mart,-7.2395562,112.7299667,32.5,≥32米,商业,GoogleV3坐标+2.5D高度,,"Jalan Jaksa Agung Suprapto, Surabaya"
泗水,BRI,-7.2447538,112.7345786,32.5,≥32米,未分类,GoogleV3坐标+2.5D高度,,359.1
泗水,Telkom Landmark Tower,-7.268932,112.7568067,32.5,≥32米,未分类,GoogleV3坐标+2.5D高度,SBY-056,85
泗水,PT PAL Indonesia (Persero),-7.2348178,112.7379403,32.5,≥32米,未分类,GoogleV3坐标+2.5D高度,SBY-051,49.1
泗水,Grapari,-7.3431165,112.7846064,32.5,≥32米,未分类,GoogleV3坐标+2.5D高度,SBY-058,308
泗水,Surabaya Suites Hotel,-7.2634343,112.7485873,32.5,≥32米,酒店,GoogleV3坐标+2.5D高度,,"Jalan Plaza Boulevard, Surabaya"
泗水,Bale Hinggil Apartment,-7.2937025,112.7197703,32.5,≥32米,公寓,GoogleV3坐标+2.5D高度,SBY-004,"Jalan Dr. Ir. H. Soekarno, Surabaya"
泗水,Menara Mandiri,-7.2630248,112.740585,32.0,≥32米,商业,GoogleV3坐标+2.5D高度,,"Jalan Tunjungan, Surabaya"
泗水,Jiwasraya,-7.3112378,112.7737807,32.0,≥32米,商业,GoogleV3坐标+2.5D高度,,Jalan Raya Arjuna
泗水,Four Points by Sheraton,-7.2613423,112.7389497,32.0,≥32米,未分类,GoogleV3坐标+2.5D高度,,1204.8
泗水,Tunjungan Hotel,-7.2943815,112.7402311,32.0,≥32米,未分类,GoogleV3坐标+2.5D高度,,662.9
泗水,ITC Surabaya - Mega Grosir,-7.2885034,112.6753373,32.0,≥32米,未分类,GoogleV3坐标+2.5D高度,,2746
泗水,Gedung Go Skate,-7.2690793,112.7497279,32.0,≥32米,未分类,GoogleV3坐标+2.5D高度,,114.6
泗水,Toeng Mart,-7.2575823,112.7462389,32.0,≥32米,商业,GoogleV3坐标+2.5D高度,,"Jalan Jaksa Agung Suprapto, Surabaya"
泗水,ACE LIFE,-7.2463165,112.7320972,32.0,≥32米,商业,GoogleV3坐标+2.5D高度,,Jalan tidar Surabaya
泗水,BCA,-7.3004744,112.6727219,32.0,≥32米,未分类,GoogleV3坐标+2.5D高度,SBY-032,83.5
泗水,Menara Mandiri,-7.2418976,112.7437064,32.0,≥32米,未分类,GoogleV3坐标+2.5D高度,,834.3
泗水,Flat Prajurit Mariir,-7.2336086,112.7304998,32.0,≥32米,未分类,GoogleV3坐标+2.5D高度,,424.2
泗水,Telkom,-7.2727441,112.7410708,32.0,≥32米,未分类,GoogleV3坐标+2.5D高度,,1335.7
泗水,Ascott,-7.3291717,112.7617527,32.0,≥32米,未分类,GoogleV3坐标+2.5D高度,,319.4
泗水,Pakuwon Mall,-7.3577345,112.7750738,32.0,≥32米,商业,GoogleV3坐标+2.5D高度,,394.2
泗水,Flat Prajurit Mariir,-7.3541395,112.7225236,32.0,≥32米,未分类,GoogleV3坐标+2.5D高度,,991
泗水,Bale Hinggil Apartment,-7.3095793,112.7811365,32.0,≥32米,公寓,GoogleV3坐标+2.5D高度,,"Jalan Dr. Ir. H. Soekarno, Surabaya"
泗水,Jiwasraya,-7.2642063,112.7270838,32.0,≥32米,商业,GoogleV3坐标+2.5D高度,,Jalan Raya Arjuna
泗水,Telkom Landmark Tower,-7.3472793,112.7993363,32.0,≥32米,商业,GoogleV3坐标+2.5D高度,,1232
泗水,Galaxy Mall 1 & 2,-7.2051736,112.7428166,32.0,≥32米,未分类,GoogleV3坐标+2.5D高度,,4324.1
泗水,Leedon Hotel & Suites Surabaya,-7.2181902,112.62568,32.0,≥32米,未分类,GoogleV3坐标+2.5D高度,,174.3
泗水,Grapari,-7.2874803,112.7465298,32.0,≥32米,未分类,GoogleV3坐标+2.5D高度,SBY-034,33.1
泗水,Gedung Go Skate,-7.2609535,112.737881,32.0,≥32米,未分类,GoogleV3坐标+2.5D高度,,3357.4
泗水,Midtown Hotel,-7.3457438,112.7270232,32.0,≥32米,未分类,GoogleV3坐标+2.5D高度,,176.7
泗水,ACE LIFE,-7.2581344,112.7311814,32.0,≥32米,商业,GoogleV3坐标+2.5D高度,,Jalan tidar Surabaya
泗水,Menara Mandiri,-7.2318692,112.6815192,32.0,≥32米,未分类,GoogleV3坐标+2.5D高度,,129.2
泗水,Telkom,-7.2404421,112.7462445,32.0,≥32米,未分类,GoogleV3坐标+2.5D高度,,20.2
泗水,Grha Wismilak,-7.2807748,112.7381628,32.0,≥32米,未分类,GoogleV3坐标+2.5D高度,,568.2
泗水,Four Points by Sheraton,-7.3242779,112.7330185,32.0,≥32米,未分类,GoogleV3坐标+2.5D高度,,528
泗水,Tunjungan Electronic Centre,-7.290936,112.7690493,32.0,≥32米,未分类,GoogleV3坐标+2.5D高度,,42
万隆,Crowne Plaza Hotel Bandung,-6.9170313,107.6121385,109.0,≥80米,酒店,GoogleV3坐标+CTBUH真高,,1161.3
万隆,Newton The Hybrid Park Tower B,-6.9205867,107.6075666,108.0,≥80米,未分类,GoogleV3坐标+CTBUH真高,BDG-001,Jalan Asia Afrika
万隆,The Jarrdin Cihampelas Tower D,-6.8917817,107.6058564,98.0,≥80米,住宅,GoogleV3坐标+CTBUH真高,,"Jalan Cihampelas, Bandung"
万隆,,-6.9130715,107.5922432,97.5,≥80米,公寓,GoogleV3坐标+2.5D高度,BDG-002,441.5
万隆,,-6.8767911,107.6029829,97.0,≥80米,未分类,GoogleV3坐标+2.5D高度,,441.8
万隆,,-6.9553383,107.5920902,94.5,≥80米,未分类,GoogleV3坐标+2.5D高度,,168
万隆,,-6.9128224,107.6892824,94.5,≥80米,未分类,GoogleV3坐标+2.5D高度,BDG-003,124.5
万隆,Ibis Trans Studio Bandung,-6.927243,107.6365374,94.0,≥80米,酒店,GoogleV3坐标+2.5D高度,,"Jenderal Gatot Subroto, Bandung"
万隆,,-6.9120847,107.6894717,94.0,≥80米,未分类,GoogleV3坐标+2.5D高度,,605.4
万隆,Intercontinental Hotel Dago Pakar,-6.866708,107.6420328,93.5,≥80米,酒店,GoogleV3坐标+2.5D高度,,258.1
万隆,Apartemen Galeri Ciumbuleuit 3,-6.8815163,107.6027982,93.0,≥80米,公寓,GoogleV3坐标+2.5D高度,,Jalan Ciumbuleuit
万隆,Tower D,-6.9241467,107.6184805,93.0,≥80米,公寓,GoogleV3坐标+2.5D高度,BDG-004,896.4
万隆,Tower D,-6.8821943,107.6025076,93.0,≥80米,未分类,GoogleV3坐标+2.5D高度,,432.2
万隆,,-6.8806244,107.6042062,92.0,≥80米,未分类,GoogleV3坐标+2.5D高度,BDG-005,187.8
万隆,HQuarters,-6.9228947,107.6156391,92.0,≥80米,公寓,GoogleV3坐标+2.5D高度,,1363.7
万隆,HQuarters,-6.923303,107.61815,92.0,≥80米,商场,GoogleV3坐标+2.5D高度,,97.4
万隆,,-6.9635167,107.6360949,90.5,≥80米,未分类,GoogleV3坐标+2.5D高度,BDG-006,559.1
万隆,El Royale Apartement,-6.9158844,107.6108823,90.5,≥80米,公寓,GoogleV3坐标+2.5D高度,,"Jalan Merdeka, Bandung"
万隆,,-6.8768813,107.6032687,90.0,≥80米,未分类,GoogleV3坐标+2.5D高度,,45
万隆,The Green Kosambi,-6.9209412,107.621988,88.5,≥80米,公寓,GoogleV3坐标+2.5D高度,,"Jalan Jenderal Ahmad Yani, Bandung"
万隆,,-6.8803614,107.6042488,88.5,≥80米,未分类,GoogleV3坐标+2.5D高度,BDG-005,310.4
万隆,The Green Kosambi,-6.9372379,107.6815581,88.0,≥80米,公寓,GoogleV3坐标+2.5D高度,,1932.9
万隆,El Royale Apartement,-6.9155754,107.6106122,88.0,≥80米,公寓,GoogleV3坐标+2.5D高度,,"Jalan Merdeka, Bandung"
万隆,Galeri Ciumbuleuit Hotel & Apartment,-6.8810784,107.6048623,85.5,≥80米,酒店,GoogleV3坐标+2.5D高度,,682.3
万隆,El Royale Apartement,-6.9129692,107.5975603,85.5,≥80米,未分类,GoogleV3坐标+2.5D高度,,1286.8
万隆,Galeri Ciumbuleuit Hotel & Apartment,-6.9692855,107.6066435,85.0,≥80米,未分类,GoogleV3坐标+2.5D高度,BDG-007,396.7
万隆,Tower B,-6.9236365,107.6185303,84.5,≥80米,公寓,GoogleV3坐标+2.5D高度,BDG-008,879.7
万隆,,-6.8657074,107.6221582,83.5,≥80米,未分类,GoogleV3坐标+2.5D高度,,508.3
万隆,Tower B,-6.9170906,107.5815261,83.5,≥80米,未分类,GoogleV3坐标+2.5D高度,,887
万隆,,-6.9241053,107.6180712,83.0,≥80米,商场,GoogleV3坐标+2.5D高度,,190.4
万隆,,-6.9225402,107.6047292,83.0,≥80米,商业,GoogleV3坐标+2.5D高度,,69.4
万隆,RSUD Bandung Kiwari,-6.9434198,107.5917745,83.0,≥80米,医院,GoogleV3坐标+2.5D高度,,165.6
万隆,Shakti Hotel,-6.9169355,107.6078571,82.5,≥80米,酒店,GoogleV3坐标+2.5D高度,BDG-009,"Jalan Soekarno-Hatta, Bandung"
万隆,Shakti Hotel,-6.9373526,107.6970794,82.0,≥80米,酒店,GoogleV3坐标+2.5D高度,,"Jalan Soekarno-Hatta, Bandung"
万隆,Shakti Hotel,-6.9435966,107.5921129,82.0,≥80米,医院,GoogleV3坐标+2.5D高度,BDG-010,218.4
万隆,Shakti Hotel,-6.8832945,107.5809146,81.0,≥80米,未分类,GoogleV3坐标+2.5D高度,BDG-011,343.6
万隆,Best Western,-6.917148,107.6082752,80.0,≥80米,未分类,GoogleV3坐标+2.5D高度,BDG-012,569.6
万隆,Best Western,-6.8931867,107.5872916,79.5,≥64米,未分类,GoogleV3坐标+2.5D高度,,343.3
万隆,Best Western,-6.9092203,107.6101342,79.5,≥64米,未分类,GoogleV3坐标+2.5D高度,,3010.8
万隆,Best Western,-6.8820202,107.6028075,79.5,≥64米,未分类,GoogleV3坐标+2.5D高度,,1067.8
万隆,Best Western,-6.907172,107.6446077,79.5,≥64米,未分类,GoogleV3坐标+2.5D高度,,291.4
万隆,Tamansari La Grande Merdeka,-6.9094708,107.6097147,79.0,≥64米,公寓,GoogleV3坐标+CTBUH真高,,"Jalan Gatot Subroto, Bandung"
万隆,Bank Mayapada,-6.9051692,107.6037127,79.0,≥64米,商业,GoogleV3坐标+2.5D高度,,Jl. Sudirman No 355-373
万隆,The Trans Luxury Hotel,-6.9271253,107.6361842,78.2,≥64米,酒店,GoogleV3坐标+CTBUH真高,,"Jalan Gatot Subroto, Bandung"
万隆,Bank Mayapada,-6.9199244,107.591554,78.0,≥64米,商业,GoogleV3坐标+2.5D高度,,Jl. Sudirman No 355-373
万隆,Gedung CIMB Niaga,-6.922834,107.6179949,77.5,≥64米,商业,GoogleV3坐标+2.5D高度,,"Jalan Gatot Subroto, Bandung"
万隆,Apartemen Galeri Ciumbuleuit 3,-6.9223828,107.615639,75.5,≥64米,公寓,GoogleV3坐标+2.5D高度,,Jalan Ciumbuleuit
万隆,The Suite Metro Apartment,-6.9376227,107.6591583,74.0,≥64米,公寓,GoogleV3坐标+2.5D高度,,213.7
万隆,Apartemen Galeri Ciumbuleuit 3,-6.8815325,107.6031995,73.0,≥64米,公寓,GoogleV3坐标+2.5D高度,BDG-013,Jalan Ciumbuleuit
万隆,Apartemen Galeri Ciumbuleuit 3,-6.9169409,107.6081636,72.5,≥64米,未分类,GoogleV3坐标+2.5D高度,BDG-012,844.5
万隆,Graha Bumiputera,-6.9220041,107.6166924,72.5,≥64米,商业,GoogleV3坐标+2.5D高度,,"Jalan Asia Afrika, Bandung"
万隆,Apartemen Galeri Ciumbuleuit 3,-6.9497657,107.6368169,72.0,≥64米,未分类,GoogleV3坐标+2.5D高度,,111.2
万隆,Grand Setiabudhi Apartment,-6.9012624,107.6128396,72.0,≥64米,公寓,GoogleV3坐标+2.5D高度,,693.3
万隆,Hotel Pasar Baru Heritage Bandung,-6.923787,107.6114701,71.0,≥64米,酒店,GoogleV3坐标+2.5D高度,,187.2
万隆,Grand Setiabudhi Apartment,-6.8747608,107.5970573,71.0,≥64米,公寓,GoogleV3坐标+2.5D高度,,486.4
万隆,Hotel Pasar Baru Heritage Bandung,-6.918068,107.6041344,70.5,≥64米,酒店,GoogleV3坐标+2.5D高度,,32.2
万隆,Apartemen Galeri Ciumbuleuit 2,-6.865353,107.6224304,70.0,≥64米,公寓,GoogleV3坐标+2.5D高度,,93.7
万隆,Graha Bumiputera,-6.9065015,107.6453389,70.0,≥64米,商业,GoogleV3坐标+2.5D高度,,"Jalan Asia Afrika, Bandung"
万隆,Apartemen Galeri Ciumbuleuit 2,-6.8802232,107.6048993,69.5,≥64米,公寓,GoogleV3坐标+2.5D高度,,1607.3
万隆,Graha Bumiputera,-6.8982858,107.5994605,68.5,≥64米,未分类,GoogleV3坐标+2.5D高度,,178.6
万隆,Apartemen Galeri Ciumbuleuit 2,-6.9193107,107.5797565,68.5,≥64米,未分类,GoogleV3坐标+2.5D高度,,79.1
万隆,The Suite Metro Apartment,-6.9173215,107.6085355,67.5,≥64米,公寓,GoogleV3坐标+2.5D高度,,371.3
万隆,The Jarrdin @Cihampelas,-6.8920655,107.6051047,65.5,≥64米,住宅,GoogleV3坐标+2.5D高度,,"Jalan Cihampelas, Bandung"
万隆,The Suite Metro Apartment,-6.9382556,107.6592769,65.5,≥64米,公寓,GoogleV3坐标+2.5D高度,,932.5
万隆,The Suite Metro Apartment,-6.8830419,107.580906,65.0,≥64米,未分类,GoogleV3坐标+2.5D高度,BDG-011,571.5
万隆,Shakti Hotel,-6.9154042,107.5936828,64.0,≥64米,酒店,GoogleV3坐标+2.5D高度,,"Jalan Soekarno-Hatta, Bandung"
万隆,The Suite Metro Apartment,-6.9094416,107.6114589,63.5,≥48米,未分类,GoogleV3坐标+2.5D高度,,234.3
万隆,The Suite Metro Apartment,-6.9509602,107.6371516,63.0,≥48米,未分类,GoogleV3坐标+2.5D高度,,3023.1
万隆,Hotel Gino Feruci,-6.9178027,107.6088449,62.0,≥48米,酒店,GoogleV3坐标+2.5D高度,,"Jalan Braga, Bandung"
万隆,El Royale Apartement,-6.883342,107.609532,62.0,≥48米,公寓,GoogleV3坐标+2.5D高度,,"Jalan Merdeka, Bandung"
万隆,Shakti Hotel,-6.9235464,107.6044878,62.0,≥48米,未分类,GoogleV3坐标+2.5D高度,,2129
万隆,Intercontinental Hotel Dago Pakar,-6.9359311,107.5969774,62.0,≥48米,医院,GoogleV3坐标+2.5D高度,BDG-014,387.4
万隆,PT Dirgantara Indonesia (Kantor Pusat),-6.8807418,107.604084,61.0,≥48米,未分类,GoogleV3坐标+2.5D高度,BDG-005,181.7
万隆,PT Dirgantara Indonesia (Kantor Pusat),-6.8982358,107.5822421,60.0,≥48米,未分类,GoogleV3坐标+2.5D高度,,6986
万隆,Hotel Sensa,-6.8832584,107.5803754,59.0,≥48米,酒店,GoogleV3坐标+2.5D高度,BDG-015,576.1
万隆,BNI,-6.8980269,107.5996618,59.0,≥48米,未分类,GoogleV3坐标+2.5D高度,,"Jalan Perintis Kemerdekaan, Bandung"
万隆,Lucky Square,-6.9634837,107.6362333,58.5,≥48米,商场,GoogleV3坐标+2.5D高度,BDG-006,65.1
万隆,Hotel Sensa,-6.8947265,107.6051103,58.5,≥48米,酒店,GoogleV3坐标+2.5D高度,,770.8
万隆,BNI,-6.9136475,107.6073995,58.0,≥48米,未分类,GoogleV3坐标+2.5D高度,,"Jalan Perintis Kemerdekaan, Bandung"
万隆,Lucky Square,-6.91396,107.6449421,58.0,≥48米,住宅,GoogleV3坐标+2.5D高度,,"Jalan Cihampelas, Bandung"
万隆,UW Building,-6.952334,107.5861872,58.0,≥48米,写字楼,GoogleV3坐标+2.5D高度,,331.7
万隆,PT Dirgantara Indonesia (Kantor Pusat),-6.9297372,107.5857477,58.0,≥48米,未分类,GoogleV3坐标+2.5D高度,,1484.2
万隆,UW Building,-6.8903717,107.5787158,58.0,≥48米,写字楼,GoogleV3坐标+2.5D高度,,1464.5
万隆,PT Dirgantara Indonesia (Kantor Pusat),-6.9531057,107.586746,58.0,≥48米,医院,GoogleV3坐标+2.5D高度,,590.6
万隆,Hotel Aryaduta,-6.8772186,107.6035656,57.5,≥48米,酒店,GoogleV3坐标+2.5D高度,BDG-016,"Jalan Merdeka, Bandung"
万隆,Hotel Gino Feruci,-6.8730332,107.5867237,57.0,≥48米,酒店,GoogleV3坐标+2.5D高度,BDG-017,"Jalan Braga, Bandung"
万隆,Lucky Square,-6.9329165,107.5907637,56.5,≥48米,未分类,GoogleV3坐标+2.5D高度,,946.1
万隆,Lucky Square,-6.8899315,107.5664496,56.5,≥48米,商场,GoogleV3坐标+2.5D高度,,590.6
万隆,Hotel Aryaduta,-6.9093335,107.6119301,56.5,≥48米,酒店,GoogleV3坐标+2.5D高度,,"Jalan Merdeka, Bandung"
万隆,Lucky Square,-6.9144881,107.6449969,56.0,≥48米,商场,GoogleV3坐标+2.5D高度,,520.7
万隆,UW Building,-6.9526455,107.5863962,56.0,≥48米,医院,GoogleV3坐标+2.5D高度,,753.3
万隆,Lucky Square,-6.8666085,107.6289603,55.5,≥48米,未分类,GoogleV3坐标+2.5D高度,,1725.8
万隆,BRI,-6.9203797,107.6075082,55.5,≥48米,未分类,GoogleV3坐标+2.5D高度,BDG-001,Jalan Asia Afrika
万隆,UW Building,-6.912728,107.597327,55.5,≥48米,未分类,GoogleV3坐标+2.5D高度,,719.2
万隆,Emerald Towers Apartment,-6.9324581,107.6644343,55.5,≥48米,公寓,GoogleV3坐标+2.5D高度,,Emerald Towers
万隆,Belviu Hotel Bandung,-6.8828628,107.6002598,55.0,≥48米,酒店,GoogleV3坐标+2.5D高度,,207.9
万隆,Hotel Gino Feruci,-6.9368333,107.6880214,55.0,≥48米,未分类,GoogleV3坐标+2.5D高度,,753.3
万隆,Belviu Hotel Bandung,-6.9127371,107.6894535,54.5,≥48米,未分类,GoogleV3坐标+2.5D高度,BDG-003,1821.9
万隆,Lucky Square,-6.9142545,107.6446859,54.5,≥48米,商场,GoogleV3坐标+2.5D高度,,2424.1
万隆,Gedung DENIS,-6.8834821,107.6100416,54.5,≥48米,商业,GoogleV3坐标+2.5D高度,,"Jalan Braga, Bandung"
万隆,Hotel Gino Feruci,-6.867599,107.6247201,54.5,≥48米,未分类,GoogleV3坐标+2.5D高度,,28.3
万隆,Hotel Pasar Baru Heritage Bandung,-6.9434442,107.5922221,53.5,≥48米,酒店,GoogleV3坐标+2.5D高度,BDG-010,155.3
万隆,Bank BJB,-6.9193949,107.5800943,53.0,≥48米,商业,GoogleV3坐标+2.5D高度,,"Jalan Naripan, Bandung"
万隆,Hotel Pasar Baru Heritage Bandung,-6.9153114,107.6014842,53.0,≥48米,未分类,GoogleV3坐标+2.5D高度,,768.1
万隆,Gedung DENIS,-6.920227,107.6103209,52.5,≥48米,商业,GoogleV3坐标+2.5D高度,,"Jalan Braga, Bandung"
万隆,BRI,-6.9374945,107.7084361,52.5,≥48米,未分类,GoogleV3坐标+2.5D高度,,1845.9
万隆,Tower C,-6.9239106,107.6185068,52.5,≥48米,公寓,GoogleV3坐标+2.5D高度,BDG-004,1192.3
万隆,Hotel Pasar Baru Heritage Bandung,-6.9177645,107.6038355,52.5,≥48米,酒店,GoogleV3坐标+2.5D高度,,313.4
万隆,Bank BJB,-6.9201523,107.610721,52.5,≥48米,商业,GoogleV3坐标+2.5D高度,,"Jalan Naripan, Bandung"
万隆,Pos Indonesia,-6.923269,107.6236596,52.0,≥48米,未分类,GoogleV3坐标+2.5D高度,,1331.3
万隆,Bank BJB,-6.9176607,107.6047742,51.0,≥48米,未分类,GoogleV3坐标+2.5D高度,,1129.4
万隆,Lucky Square,-6.9003094,107.6120006,51.0,≥48米,酒店,GoogleV3坐标+2.5D高度,,58.3
万隆,Kapel Hati Kudus,-6.9128577,107.6293291,51.0,≥48米,宗教,GoogleV3坐标+2.5D高度,,55.1
万隆,SHEO Resort Hotel,-6.8673062,107.6067192,50.5,≥48米,公寓,GoogleV3坐标+2.5D高度,,890.3
万隆,Lucky Square,-6.8974692,107.5795227,50.0,≥48米,未分类,GoogleV3坐标+2.5D高度,,675.7
万隆,Pos Indonesia,-6.906771,107.6173943,49.0,≥48米,未分类,GoogleV3坐标+2.5D高度,,4107.7
万隆,Hotel Pasar Baru Heritage Bandung,-6.9042408,107.6102526,48.5,≥48米,酒店,GoogleV3坐标+2.5D高度,,204.4
万隆,Kapel Hati Kudus,-6.894427,107.6139877,48.0,≥48米,宗教,GoogleV3坐标+2.5D高度,BDG-018,949.4
万隆,Tower A,-6.9233703,107.6185551,48.0,≥48米,公寓,GoogleV3坐标+2.5D高度,BDG-008,887.2
万隆,Kapel Hati Kudus,-6.9391525,107.6069724,48.0,≥48米,未分类,GoogleV3坐标+2.5D高度,,388.9
万隆,Tower C,-6.8698311,107.6078218,48.0,≥48米,未分类,GoogleV3坐标+2.5D高度,,1143.2
万隆,Hotel Pasar Baru Heritage Bandung,-6.898857,107.6418489,48.0,≥48米,未分类,GoogleV3坐标+2.5D高度,,107
万隆,Hotel Pasar Baru Heritage Bandung,-6.9037061,107.6053256,48.0,≥48米,未分类,GoogleV3坐标+2.5D高度,,95.4
万隆,De Paviljoen,-6.9495271,107.6343508,48.0,≥48米,未分类,GoogleV3坐标+2.5D高度,BDG-019,197.4
万隆,Graha Merah Putih,-6.9384884,107.6071066,47.5,≥40米,未分类,GoogleV3坐标+2.5D高度,,591.3
万隆,De Paviljoen,-6.8968747,107.5799797,47.5,≥40米,未分类,GoogleV3坐标+2.5D高度,,2302.2
万隆,Shakti Hotel,-6.9610705,107.679919,47.5,≥40米,酒店,GoogleV3坐标+2.5D高度,,"Jalan Soekarno-Hatta, Bandung"
万隆,SHEO Resort Hotel,-6.9291552,107.5857646,47.5,≥40米,酒店,GoogleV3坐标+2.5D高度,,460.3
万隆,Shakti Hotel,-6.8938028,107.584782,47.5,≥40米,未分类,GoogleV3坐标+2.5D高度,,444.8
万隆,De Paviljoen,-6.906262,107.6205702,47.5,≥40米,未分类,GoogleV3坐标+2.5D高度,,606.4
万隆,De Paviljoen,-6.862011,107.6341729,47.0,≥40米,未分类,GoogleV3坐标+2.5D高度,,389.6
万隆,Pertamina,-6.875391,107.5972569,47.0,≥40米,商业,GoogleV3坐标+2.5D高度,,"Jl. Taman Cibeunying 31 Cihapit, Bandung Wetan"
万隆,Graha Merah Putih,-6.8982025,107.6195793,46.5,≥40米,未分类,GoogleV3坐标+2.5D高度,,6160.1
万隆,Tower A,-6.9691546,107.6137892,46.5,≥40米,未分类,GoogleV3坐标+2.5D高度,BDG-020,778.7
万隆,Shakti Hotel,-6.9371573,107.6974474,46.5,≥40米,商业,GoogleV3坐标+2.5D高度,,"Jalan Soekarno-Hatta, Bandung"
万隆,Tower A,-6.9520148,107.5863499,46.0,≥40米,未分类,GoogleV3坐标+2.5D高度,,668.7
万隆,Shakti Hotel,-6.9321289,107.6143713,46.0,≥40米,未分类,GoogleV3坐标+2.5D高度,,295.7
万隆,Grand Aquila Hotel Bandung,-6.9047407,107.6036705,46.0,≥40米,酒店,GoogleV3坐标+2.5D高度,,17.8
万隆,Bank OCBC NISP,-6.9062709,107.6241166,46.0,≥40米,商业,GoogleV3坐标+2.5D高度,,"Jl. Taman Cibeunying 31 Cihapit, Bandung Wetan"
万隆,Zest Hotel,-6.8904424,107.5661387,46.0,≥40米,酒店,GoogleV3坐标+2.5D高度,,5181.4
万隆,Shakti Hotel,-6.9171304,107.6087757,46.0,≥40米,酒店,GoogleV3坐标+2.5D高度,,"Jalan Soekarno-Hatta, Bandung"
万隆,Setiabudhi Indah Hotel,-6.8612852,107.595649,45.5,≥40米,商业,GoogleV3坐标+2.5D高度,,"Jalan Dr. Setiabudi, Bandung, Jawa Barat"
万隆,Graha Merah Putih,-6.9598401,107.5805244,45.5,≥40米,未分类,GoogleV3坐标+2.5D高度,,161
万隆,Plaza IBCC,-6.9174217,107.6033236,45.5,≥40米,商场,GoogleV3坐标+2.5D高度,,"Jalan Jenderal Ahmad Yani, Bandung"
万隆,Grand Aquila Hotel Bandung,-6.8949228,107.5897983,45.0,≥40米,酒店,GoogleV3坐标+2.5D高度,,2320.1
万隆,Plaza IBCC,-6.9164265,107.5988859,45.0,≥40米,未分类,GoogleV3坐标+2.5D高度,,136.4
万隆,Zest Hotel,-6.8951074,107.5974233,45.0,≥40米,酒店,GoogleV3坐标+2.5D高度,,64.7
万隆,Shakti Hotel,-6.866435,107.6416216,45.0,≥40米,未分类,GoogleV3坐标+2.5D高度,,952.7
万隆,Salon,-6.92087,107.6216984,44.5,≥40米,商业,GoogleV3坐标+2.5D高度,,"Jalan Jenderal Ahmad Yani, Bandung"
万隆,Graha Merah Putih,-6.9381074,107.6072822,44.5,≥40米,未分类,GoogleV3坐标+2.5D高度,,579.8
万隆,Plaza IBCC,-6.9154123,107.6338366,44.5,≥40米,商场,GoogleV3坐标+2.5D高度,,"Jalan Jenderal Ahmad Yani, Bandung"
万隆,Bank Mega,-6.9071589,107.6173114,44.5,≥40米,商业,GoogleV3坐标+2.5D高度,,178.4
万隆,The Suddha Asia Afrika Bandung,-6.9242625,107.6368273,44.5,≥40米,酒店,GoogleV3坐标+2.5D高度,,"Jalan Asia Afrika, Bandung"
万隆,Plaza IBCC,-6.9157287,107.6006004,44.5,≥40米,医院,GoogleV3坐标+2.5D高度,,1886.5
万隆,Park View Hotel,-6.8620815,107.6357806,44.0,≥40米,酒店,GoogleV3坐标+2.5D高度,,"Jalan Sukajadi, Bandung"
万隆,Grand Aquila Hotel Bandung,-6.8671022,107.6251891,44.0,≥40米,未分类,GoogleV3坐标+2.5D高度,,102.3
万隆,The Luxton Bandung Hotel,-6.9038413,107.6112516,44.0,≥40米,商业,GoogleV3坐标+2.5D高度,,"Jl. Ir. H. Juanda No.18, Bandung"
万隆,Grand Yogya Kepatihan,-6.8664335,107.6285766,44.0,≥40米,未分类,GoogleV3坐标+2.5D高度,BDG-021,"Jalan Dewi Sartika, Bandung"
万隆,Vue Palace Artotel Curated,-6.8945975,107.6037784,44.0,≥40米,未分类,GoogleV3坐标+2.5D高度,,"Jalan Kebon Jukut, Bandung"
万隆,Bank Mega,-6.9267532,107.6351771,43.5,≥40米,商业,GoogleV3坐标+2.5D高度,,"Jalan Kebon Jukut, Bandung"
万隆,The Suddha Asia Afrika Bandung,-6.9222815,107.6132116,43.5,≥40米,酒店,GoogleV3坐标+2.5D高度,,"Jalan Asia Afrika, Bandung"
万隆,Vue Palace Artotel Curated,-6.8609218,107.5959234,43.5,≥40米,未分类,GoogleV3坐标+2.5D高度,,291.7
万隆,Plaza IBCC,-6.8873487,107.5957504,43.5,≥40米,未分类,GoogleV3坐标+2.5D高度,,1886.5
万隆,Park View Hotel,-6.8860985,107.5962174,43.0,≥40米,工业,GoogleV3坐标+2.5D高度,,"Jalan Sukajadi, Bandung"
万隆,WEDRINK @TamanSari 28,-6.9191851,107.5790294,43.0,≥40米,商场,GoogleV3坐标+2.5D高度,,"Jalan Taman Sari, Taman Sari, Bandung Wetan, Bandung, Jawa Barat"
万隆,Gedung Monex,-6.9219218,107.616164,43.0,≥40米,商业,GoogleV3坐标+2.5D高度,,"Jalan Asia Afrika, Bandung"
万隆,Grand Yogya Kepatihan,-6.9238358,107.6052835,43.0,≥40米,未分类,GoogleV3坐标+2.5D高度,,"Jalan Dewi Sartika, Bandung"
万隆,Vue Palace Artotel Curated,-6.9130206,107.605244,43.0,≥40米,未分类,GoogleV3坐标+2.5D高度,,"Jalan Kebon Jukut, Bandung"
万隆,Living Plaza,-6.894867,107.6038008,43.0,≥40米,商场,GoogleV3坐标+2.5D高度,,Jl Ir H Djuanda No 61-63
万隆,Santo Borromeus,-6.8940789,107.6136948,43.0,≥40米,医院,GoogleV3坐标+2.5D高度,,83.3
万隆,Mayapada Hospital,-6.9486138,107.6352447,43.0,≥40米,医院,GoogleV3坐标+2.5D高度,,91.1
万隆,Living Plaza,-6.8885121,107.6074435,42.5,≥40米,商场,GoogleV3坐标+2.5D高度,,Jl Ir H Djuanda No 61-63
万隆,The Suddha Asia Afrika Bandung,-6.8933222,107.5753295,42.5,≥40米,工业,GoogleV3坐标+2.5D高度,,4918.5
万隆,WEDRINK @TamanSari 28,-6.9026488,107.6083814,42.5,≥40米,商场,GoogleV3坐标+2.5D高度,,"Jalan Taman Sari, Taman Sari, Bandung Wetan, Bandung, Jawa Barat"
万隆,Living Plaza,-6.9176089,107.6044729,42.0,≥40米,未分类,GoogleV3坐标+2.5D高度,,17.5
万隆,Trans Studio Mall,-6.9617066,107.679345,42.0,≥40米,商场,GoogleV3坐标+2.5D高度,,"Jalan Gatot Subroto, Bandung"
万隆,WEDRINK @TamanSari 28,-6.8865299,107.6038229,42.0,≥40米,未分类,GoogleV3坐标+2.5D高度,,307.3
万隆,Living Plaza,-6.9007358,107.6114736,42.0,≥40米,商场,GoogleV3坐标+2.5D高度,,Jl Ir H Djuanda No 61-63
万隆,Santo Yosep,-6.8943477,107.6137428,42.0,≥40米,医院,GoogleV3坐标+2.5D高度,BDG-018,"Jalan Asia Afrika, Bandung"
万隆,Vue Palace Artotel Curated,-6.9151994,107.6077885,41.5,≥40米,未分类,GoogleV3坐标+2.5D高度,,83.3
万隆,Mercure Bandung Nexa Supratman,-6.9048964,107.6291881,41.5,≥40米,未分类,GoogleV3坐标+2.5D高度,,1725.6
万隆,Hotel Serela Riau Bandung,-6.9370004,107.593612,41.5,≥40米,酒店,GoogleV3坐标+2.5D高度,,1088.3
万隆,Vue Palace Artotel Curated,-6.8873207,107.5953887,41.5,≥40米,未分类,GoogleV3坐标+2.5D高度,,68.7
万隆,Bank Mayapada,-6.9262545,107.6365703,41.0,≥40米,商业,GoogleV3坐标+2.5D高度,,Jl. Sudirman No 355-373
万隆,Trans Studio Mall,-6.9256708,107.6367311,41.0,≥40米,商场,GoogleV3坐标+2.5D高度,,"Jalan Gatot Subroto, Bandung"
万隆,WEDRINK @TamanSari 28,-6.9699087,107.6062538,41.0,≥40米,未分类,GoogleV3坐标+2.5D高度,BDG-022,1759.7
万隆,PT. Daya Adicipta Motora,-6.9068736,107.5674456,41.0,≥40米,未分类,GoogleV3坐标+2.5D高度,,Raya Cibeureum
万隆,Graha Indosurya,-6.9216156,107.6157182,41.0,≥40米,商业,GoogleV3坐标+2.5D高度,,"Jalan Asia Afrika, Bandung"
万隆,Vue Palace Artotel Curated,-6.9115372,107.6194392,41.0,≥40米,未分类,GoogleV3坐标+2.5D高度,,177.5
万隆,Vue Palace Artotel Curated,-6.9252746,107.6363389,41.0,≥40米,未分类,GoogleV3坐标+2.5D高度,,461.3
万隆,Istana BEC,-6.9081068,107.6089613,40.0,≥40米,未分类,GoogleV3坐标+2.5D高度,,"Jl. Purnawarman, Kota Bandung"
万隆,Living Plaza,-6.8855592,107.5976511,40.0,≥40米,未分类,GoogleV3坐标+2.5D高度,,731.2
万隆,Hotel Serela Riau Bandung,-6.906309,107.6196654,40.0,≥40米,酒店,GoogleV3坐标+2.5D高度,,210.8
万隆,Mayapada Hospital,-6.9000935,107.6176441,40.0,≥40米,未分类,GoogleV3坐标+2.5D高度,,163.7
万隆,Bank Mega,-6.8921007,107.6031165,40.0,≥40米,医院,GoogleV3坐标+2.5D高度,,685.8
万隆,Bandung Trade Center,-6.9249292,107.6360526,39.5,≥32米,商场,GoogleV3坐标+2.5D高度,,1590.1
万隆,Bank Mega,-6.9164285,107.6116797,39.5,≥32米,未分类,GoogleV3坐标+2.5D高度,,571.9
万隆,Kalya Hotel,-6.8857,107.6123887,39.5,≥32米,酒店,GoogleV3坐标+2.5D高度,,Jalan Sumur Bandung
万隆,Pos Satpam Rektorat UNISBA,-6.8934741,107.5873719,39.5,≥32米,未分类,GoogleV3坐标+2.5D高度,,1174.5
万隆,Trans Studio Mall,-6.9075568,107.6086226,39.5,≥32米,未分类,GoogleV3坐标+2.5D高度,,14.2
万隆,Kalya Hotel,-6.8958361,107.5909302,39.0,≥32米,未分类,GoogleV3坐标+2.5D高度,,1206.5
万隆,Living Plaza,-6.9173928,107.581332,39.0,≥32米,未分类,GoogleV3坐标+2.5D高度,,89.8
万隆,Santo Yosep,-6.9295908,107.5628184,39.0,≥32米,未分类,GoogleV3坐标+2.5D高度,,189.8
万隆,Bandung Trade Center,-6.9167278,107.6078451,39.0,≥32米,未分类,GoogleV3坐标+2.5D高度,BDG-009,480.3
万隆,The Paskal Lodge,-6.9157085,107.592749,38.5,≥32米,宿舍,GoogleV3坐标+2.5D高度,,329.2
万隆,Bandung Trade Center,-6.8936662,107.585034,38.5,≥32米,商场,GoogleV3坐标+2.5D高度,,11.3
万隆,Istana BEC,-6.9353811,107.7003086,38.5,≥32米,公寓,GoogleV3坐标+2.5D高度,,886.2
万隆,Indomaret,-6.9042125,107.6085822,38.5,≥32米,酒店,GoogleV3坐标+2.5D高度,,Jl Tamansari
万隆,CADL,-6.8829115,107.5807468,38.5,≥32米,未分类,GoogleV3坐标+2.5D高度,BDG-011,30.3
万隆,The Jarrdin @Cihampelas,-6.9520689,107.603909,38.5,≥32米,住宅,GoogleV3坐标+2.5D高度,,"Jalan Cihampelas, Bandung"
万隆,Bank Mayapada,-6.8611169,107.6000232,38.5,≥32米,未分类,GoogleV3坐标+2.5D高度,,592.2
万隆,Trans Studio Mall,-6.8988344,107.6415768,38.5,≥32米,未分类,GoogleV3坐标+2.5D高度,,126.9
万隆,PT. Daya Adicipta Motora,-6.9256732,107.6370237,38.0,≥32米,未分类,GoogleV3坐标+2.5D高度,,80.4
万隆,Mall Festival Citylink,-6.9236421,107.6360255,38.0,≥32米,商场,GoogleV3坐标+2.5D高度,,Jalan Peta
万隆,Santo Yosep,-6.9332971,107.6259717,38.0,≥32米,工业,GoogleV3坐标+2.5D高度,,765.5
万隆,PT. Daya Adicipta Motora,-6.8998534,107.5970439,38.0,≥32米,未分类,GoogleV3坐标+2.5D高度,,243.3
万隆,Mall Festival Citylink,-6.9501339,107.6365033,38.0,≥32米,未分类,GoogleV3坐标+2.5D高度,,662.3
万隆,Metro Indah Mall,-6.9374303,107.6787383,38.0,≥32米,商场,GoogleV3坐标+2.5D高度,,1546.4
万隆,Bank Mayapada,-6.9464142,107.609268,38.0,≥32米,住宅,GoogleV3坐标+2.5D高度,,823.1
万隆,Pusat Penelitian dan Pengembangan Sumber Daya Air Pusair,-6.9129669,107.5924894,38.0,≥32米,公寓,GoogleV3坐标+2.5D高度,BDG-002,"Jl. Ir. H. Juanda No.193, Dago, Kecamatan Coblong, Kota Bandung, Jawa Barat 40135, Bandung"
万隆,Bank Mega,-6.9157055,107.600311,38.0,≥32米,医院,GoogleV3坐标+2.5D高度,,561.9
万隆,CADL,-6.8882859,107.6095977,37.5,≥32米,未分类,GoogleV3坐标+2.5D高度,,1848.9
万隆,The Jarrdin @Cihampelas,-6.8917565,107.6054304,37.5,≥32米,住宅,GoogleV3坐标+2.5D高度,,"Jalan Cihampelas, Bandung"
万隆,Panin Bank,-6.8764712,107.6221996,37.5,≥32米,商业,GoogleV3坐标+2.5D高度,,"Jalan Banceuy, Bandung"
万隆,Indomaret,-6.8831582,107.5810281,37.5,≥32米,未分类,GoogleV3坐标+2.5D高度,BDG-011,164.3
万隆,Kalya Hotel,-6.925352,107.6369166,37.5,≥32米,未分类,GoogleV3坐标+2.5D高度,,997.1
万隆,Panin Bank,-6.8842112,107.6093683,37.5,≥32米,未分类,GoogleV3坐标+2.5D高度,,88.4
万隆,Mall Festival Citylink,-6.9298634,107.5862959,37.5,≥32米,商场,GoogleV3坐标+2.5D高度,,Jalan Peta
万隆,Kalya Hotel,-6.8971116,107.5754381,37.5,≥32米,工业,GoogleV3坐标+2.5D高度,,72.8
万隆,BRI,-6.8980237,107.5773579,37.5,≥32米,商业,GoogleV3坐标+2.5D高度,BDG-023,Jl Tamansari No 21a
万隆,Balai Kesehatan Unpad,-6.9476271,107.7035429,37.5,≥32米,未分类,GoogleV3坐标+2.5D高度,,"Dipatiukur, Bandung, Jawa Barat"
万隆,Metro Indah Mall,-6.9427796,107.6587439,37.0,≥32米,商场,GoogleV3坐标+2.5D高度,,10172.1
万隆,BRI,-6.8990025,107.6074835,37.0,≥32米,住宅,GoogleV3坐标+2.5D高度,,591.3
万隆,Rumah Sakit Santo Borromeus,-6.8937858,107.6139931,37.0,≥32米,医院,GoogleV3坐标+2.5D高度,,Jalan Ir. H. Juanda Nomor 100
万隆,Pusat Penelitian dan Pengembangan Sumber Daya Air Pusair,-6.8824737,107.6145629,36.5,≥32米,未分类,GoogleV3坐标+2.5D高度,,"Jl. Ir. H. Juanda No.193, Dago, Kecamatan Coblong, Kota Bandung, Jawa Barat 40135, Bandung"
万隆,PT Waskita Karya (Persero),-6.9259784,107.636893,36.5,≥32米,写字楼,GoogleV3坐标+2.5D高度,,"Jalan Asia Afrika, Bandung"
万隆,Rumah Sakit Santo Borromeus,-6.8836988,107.580377,36.5,≥32米,未分类,GoogleV3坐标+2.5D高度,,561.9
万隆,Indomaret,-6.8730659,107.5869605,36.5,≥32米,未分类,GoogleV3坐标+2.5D高度,BDG-017,361.8
万隆,CADL,-6.8818498,107.6002666,36.5,≥32米,商业,GoogleV3坐标+2.5D高度,,490.5
万隆,Panin Bank,-6.9201324,107.6067675,36.5,≥32米,商业,GoogleV3坐标+2.5D高度,,"Jalan Banceuy, Bandung"
万隆,Indomaret,-6.8633062,107.6305831,36.5,≥32米,未分类,GoogleV3坐标+2.5D高度,,297.4
万隆,CADL,-6.8638944,107.5666799,36.5,≥32米,未分类,GoogleV3坐标+2.5D高度,,201.5
万隆,Santo Yosep,-6.90368,107.5965862,36.5,≥32米,未分类,GoogleV3坐标+2.5D高度,,592
万隆,Gedung Hj. Kartimi Kridoharsodjo,-6.9038538,107.6078598,36.5,≥32米,写字楼,GoogleV3坐标+2.5D高度,,"Jalan Taman Sari, Bandung"
万隆,BRI,-6.9004516,107.6088086,36.0,≥32米,商业,GoogleV3坐标+2.5D高度,,Jl Tamansari No 21a
万隆,Balai Kesehatan Unpad,-6.8949858,107.617604,36.0,≥32米,未分类,GoogleV3坐标+2.5D高度,,"Dipatiukur, Bandung, Jawa Barat"
万隆,Gedung Hj. Kartimi Kridoharsodjo,-6.8843953,107.611477,36.0,≥32米,未分类,GoogleV3坐标+2.5D高度,,330.2
万隆,BRI,-6.9029216,107.6089742,36.0,≥32米,未分类,GoogleV3坐标+2.5D高度,,113.8
万隆,PT Waskita Karya (Persero),-6.9206138,107.6071744,35.5,≥32米,写字楼,GoogleV3坐标+2.5D高度,,"Jalan Asia Afrika, Bandung"
万隆,Panin Bank,-6.8978763,107.6069742,35.5,≥32米,未分类,GoogleV3坐标+2.5D高度,,51.4
万隆,Tangga Batu Unisba,-6.8972517,107.5797786,35.5,≥32米,工业,GoogleV3坐标+2.5D高度,,2973.1
万隆,The Trans Luxury Hotel,-6.8898131,107.6076868,35.5,≥32米,未分类,GoogleV3坐标+2.5D高度,,200.2
万隆,Santo Yosep,-6.8858204,107.603926,35.5,≥32米,未分类,GoogleV3坐标+2.5D高度,,846.2
万隆,The Jarrdin @Cihampelas,-6.8799483,107.5676085,35.5,≥32米,住宅,GoogleV3坐标+2.5D高度,,54.7
万隆,Panin Bank,-6.8969339,107.6001439,35.5,≥32米,未分类,GoogleV3坐标+2.5D高度,,68.1
万隆,Dago Highland Resort,-6.8631485,107.6464861,35.5,≥32米,酒店,GoogleV3坐标+2.5D高度,,"Bukit Dago Pakar Timur 4, Bandung, Jawa Barat"
万隆,The Jarrdin @Cihampelas,-6.8642553,107.6089327,35.5,≥32米,未分类,GoogleV3坐标+2.5D高度,,612.4
万隆,Panin Bank,-6.969799,107.6060129,35.5,≥32米,未分类,GoogleV3坐标+2.5D高度,BDG-022,35.7
万隆,Mall Festival Citylink,-6.9012998,107.612364,35.5,≥32米,未分类,GoogleV3坐标+2.5D高度,,383.1
万隆,,-6.9170621,107.6034696,35.5,≥32米,未分类,GoogleV3坐标+2.5D高度,,305
万隆,Transmart,-6.9669179,107.6387594,35.5,≥32米,商业,GoogleV3坐标+2.5D高度,,Jalan Raya Bojongsoang
万隆,Balai Kesehatan Unpad,-6.931658,107.5754281,35.5,≥32米,未分类,GoogleV3坐标+2.5D高度,,801.3
万隆,Tangga Batu Unisba,-6.9035893,107.6080704,35.5,≥32米,未分类,GoogleV3坐标+2.5D高度,,873
万隆,McDonald's,-6.949375,107.6341522,35.5,≥32米,未分类,GoogleV3坐标+2.5D高度,BDG-019,1197.8
万隆,Bank Central Asia,-6.912569,107.5976104,35.5,≥32米,商业,GoogleV3坐标+2.5D高度,,"Jalan Asia Afrika, Bandung"
万隆,Balai Kesehatan Unpad,-6.9480023,107.703863,35.0,≥32米,未分类,GoogleV3坐标+2.5D高度,,"Dipatiukur, Bandung, Jawa Barat"
万隆,PT Waskita Karya (Persero),-6.9125411,107.6398696,35.0,≥32米,未分类,GoogleV3坐标+2.5D高度,,34.1
万隆,Nalendra,-6.8853335,107.60399,35.0,≥32米,未分类,GoogleV3坐标+2.5D高度,,410.3
万隆,Panin Bank,-6.9198144,107.6069395,35.0,≥32米,商业,GoogleV3坐标+2.5D高度,,"Jalan Banceuy, Bandung"
万隆,Miko Mall,-6.9184278,107.5868725,35.0,≥32米,商场,GoogleV3坐标+2.5D高度,,"Jalan Kopo Sayati, Margasuka"
万隆,Trans Studio Bandung,-6.8747953,107.6031149,35.0,≥32米,未分类,GoogleV3坐标+2.5D高度,,Bandung
万隆,Trans Studio Mall,-6.8993392,107.60141,35.0,≥32米,商场,GoogleV3坐标+2.5D高度,,"Jalan Gatot Subroto, Bandung"
万隆,Bank Mandiri,-6.877261,107.6037534,35.0,≥32米,商业,GoogleV3坐标+2.5D高度,BDG-016,411.3
万隆,Trans Studio Bandung,-6.9245846,107.6360753,35.0,≥32米,未分类,GoogleV3坐标+2.5D高度,,1854.2
万隆,Gedung Hj. Kartimi Kridoharsodjo,-6.9059099,107.7245379,35.0,≥32米,未分类,GoogleV3坐标+2.5D高度,,184.3
万隆,Bank Mandiri,-6.9494442,107.6344781,35.0,≥32米,未分类,GoogleV3坐标+2.5D高度,BDG-019,95.3
万隆,Balubur Town Square,-6.9553211,107.5924064,35.0,≥32米,商业,GoogleV3坐标+2.5D高度,,Jl Tamansari No P-2
万隆,McDonald's,-6.9059738,107.5972239,35.0,≥32米,未分类,GoogleV3坐标+2.5D高度,,430.1
万隆,The Suite Metro Apartment,-6.9064996,107.6110068,35.0,≥32米,医院,GoogleV3坐标+2.5D高度,,557.5
万隆,Santa Elizabeth,-6.8933723,107.6134002,35.0,≥32米,医院,GoogleV3坐标+2.5D高度,,535.1
万隆,Bank Central Asia,-6.92255,107.6128257,34.5,≥32米,商业,GoogleV3坐标+2.5D高度,,"Jalan Asia Afrika, Bandung"
万隆,Gedung Al Jamiah,-6.9085059,107.6184252,34.5,≥32米,写字楼,GoogleV3坐标+2.5D高度,BDG-024,623.1
万隆,Bank Central Asia,-6.9465218,107.5906714,34.5,≥32米,未分类,GoogleV3坐标+2.5D高度,,1657.5
万隆,Metro Indah Mall (Motor Mall),-6.9432054,107.6584874,34.5,≥32米,商场,GoogleV3坐标+2.5D高度,,15.6
万隆,Tangga Batu Unisba,-6.8648727,107.6312291,34.5,≥32米,未分类,GoogleV3坐标+2.5D高度,,157.1
万隆,Gedung Hj. Kartimi Kridoharsodjo,-6.9301257,107.6130962,34.5,≥32米,未分类,GoogleV3坐标+2.5D高度,,464.7
万隆,Miko Mall,-6.960072,107.5809323,34.5,≥32米,商场,GoogleV3坐标+2.5D高度,,"Jalan Kopo Sayati, Margasuka"
万隆,Trans Studio Bandung,-6.9246722,107.6368401,34.5,≥32米,未分类,GoogleV3坐标+2.5D高度,,Bandung
万隆,McDonald's,-6.8994322,107.59952,34.5,≥32米,医院,GoogleV3坐标+2.5D高度,,5190
万隆,Bank Mandiri,-6.9500979,107.626476,34.0,≥32米,商业,GoogleV3坐标+2.5D高度,,"Sentra Dago Pakar, Bandung, Jawa Barat"
万隆,Trans Studio Bandung,-6.969099,107.6066734,34.0,≥32米,未分类,GoogleV3坐标+2.5D高度,BDG-007,12.3
万隆,Bank Central Asia,-6.9611697,107.6794013,34.0,≥32米,未分类,GoogleV3坐标+2.5D高度,,1343
万隆,Hotel Pelangi Indah,-6.9197489,107.6173581,34.0,≥32米,酒店,GoogleV3坐标+2.5D高度,,38
万隆,Balubur Town Square,-6.8988866,107.6085815,34.0,≥32米,商业,GoogleV3坐标+2.5D高度,,Jl Tamansari No P-2
万隆,Hotel Pelangi Indah,-6.9497629,107.6345775,34.0,≥32米,未分类,GoogleV3坐标+2.5D高度,,535.1
万隆,Mercure Bandung Nexa Supratman,-6.8617573,107.6352855,34.0,≥32米,未分类,GoogleV3坐标+2.5D高度,,256.2
万隆,Gedung Al Jamiah,-6.932291,107.7166465,34.0,≥32米,写字楼,GoogleV3坐标+2.5D高度,,806.3
万隆,,-6.9242759,107.6363081,34.0,≥32米,未分类,GoogleV3坐标+2.5D高度,,687.2
万隆,Rumah Sakit Pendidikan Universitas Padjadjaran,-6.8955433,107.5989006,34.0,≥32米,医院,GoogleV3坐标+2.5D高度,,"Jalan Cihampelas No.78, Tamansari, Bandung Wetan, Kota Bandung, Jawa Barat 40116"
万隆,Living Plaza,-6.8830523,107.5802993,33.5,≥32米,商场,GoogleV3坐标+2.5D高度,BDG-015,86.7
万隆,CRCS,-6.9490468,107.6116098,33.5,≥32米,未分类,GoogleV3坐标+2.5D高度,,946.9
万隆,Bank Central Asia,-6.8620006,107.6167274,33.5,≥32米,未分类,GoogleV3坐标+2.5D高度,,800.2
万隆,Balai Kesehatan Unpad,-6.9234426,107.6240946,33.5,≥32米,未分类,GoogleV3坐标+2.5D高度,,666.9
万隆,CRCS,-6.9386118,107.5645181,33.5,≥32米,未分类,GoogleV3坐标+2.5D高度,,718.5
万隆,Nalendra,-6.8968838,107.5758633,33.5,≥32米,未分类,GoogleV3坐标+2.5D高度,,5190
万隆,Hotel Marbella Suites Bandung,-6.8698229,107.632911,33.5,≥32米,酒店,GoogleV3坐标+2.5D高度,,"Sentra Dago Pakar, Bandung, Jawa Barat"
万隆,The Suite Metro Apartment,-6.9382695,107.6610056,33.5,≥32米,未分类,GoogleV3坐标+2.5D高度,,828.3
万隆,Hotel Pelangi Indah,-6.9099918,107.5980592,33.5,≥32米,酒店,GoogleV3坐标+2.5D高度,,137.8
万隆,Miko Mall,-6.8832891,107.5956141,33.5,≥32米,未分类,GoogleV3坐标+2.5D高度,,235.5
万隆,De Paviljoen,-6.935881,107.5967552,33.5,≥32米,医院,GoogleV3坐标+2.5D高度,BDG-014,14
万隆,Trans Studio Mall,-6.9037354,107.5969044,33.0,≥32米,未分类,GoogleV3坐标+2.5D高度,,760.4
万隆,Miko Mall,-6.9161617,107.5948926,33.0,≥32米,未分类,GoogleV3坐标+2.5D高度,,420.6
万隆,Trans Studio Mall,-6.8665196,107.6412962,33.0,≥32米,未分类,GoogleV3坐标+2.5D高度,,2624
万隆,Widyaloka 1 Extense,-6.8705751,107.5899555,33.0,≥32米,未分类,GoogleV3坐标+2.5D高度,,1215
万隆,McDonald's,-6.9238589,107.6166235,33.0,≥32米,未分类,GoogleV3坐标+2.5D高度,,284.5
万隆,Kompleks Pertokoan,-6.9010628,107.6046894,33.0,≥32米,未分类,GoogleV3坐标+2.5D高度,,"Jalan Cihampelas No.78, Tamansari, Bandung Wetan, Kota Bandung, Jawa Barat 40116"
万隆,Living Plaza,-6.9059816,107.5979175,33.0,≥32米,商场,GoogleV3坐标+2.5D高度,,2307.8
万隆,CRCS,-6.8876617,107.6117861,33.0,≥32米,未分类,GoogleV3坐标+2.5D高度,,1027
万隆,Balai Kesehatan Unpad,-6.9355506,107.6253902,33.0,≥32米,未分类,GoogleV3坐标+2.5D高度,,1612.9
万隆,Gedung Al Jamiah,-6.8762535,107.6040239,33.0,≥32米,未分类,GoogleV3坐标+2.5D高度,,279.9
万隆,Bank Maspion,-6.9061791,107.5965982,33.0,≥32米,商业,GoogleV3坐标+2.5D高度,,376.8
万隆,RSIA Graha Bunda,-6.9128673,107.6453887,33.0,≥32米,医院,GoogleV3坐标+2.5D高度,,"Jalan Terusan Jakarta No.15 - 17, Babakan Surabaya, Kec. Kiaracondong, Kota Bandung, Jawa Barat 40281"
万隆,Balai Kesehatan Unpad,-6.8982256,107.5978527,33.0,≥32米,医院,GoogleV3坐标+2.5D高度,,234.4
万隆,Gedung Al Jamiah,-6.8784956,107.5516863,33.0,≥32米,医院,GoogleV3坐标+2.5D高度,,242.3
万隆,Miko Mall,-6.9228858,107.6237663,32.5,≥32米,未分类,GoogleV3坐标+2.5D高度,,12.9
万隆,Trans Studio Bandung,-6.8664005,107.6283072,32.5,≥32米,酒店,GoogleV3坐标+2.5D高度,BDG-021,466.8
万隆,Homy Kost Ekslusif Bandung,-6.898872,107.644468,32.5,≥32米,宿舍,GoogleV3坐标+2.5D高度,,357.6
万隆,Widyaloka 1 Extense,-6.8964467,107.6036828,32.5,≥32米,未分类,GoogleV3坐标+2.5D高度,,646.7
万隆,Bank Mandiri,-6.8888418,107.5971535,32.5,≥32米,酒店,GoogleV3坐标+2.5D高度,,1047.3
万隆,Bank Sinarmas,-6.9493828,107.615864,32.5,≥32米,商业,GoogleV3坐标+2.5D高度,,Jl Dr Abdul Rivai No 2
万隆,Summarecon Mall - Bongkar Muat Barat,-6.8621896,107.6361279,32.5,≥32米,商场,GoogleV3坐标+2.5D高度,,307.1
万隆,Balubur Town Square,-6.9689039,107.6138108,32.5,≥32米,未分类,GoogleV3坐标+2.5D高度,BDG-020,144.6
万隆,De Paviljoen,-6.8935149,107.5817188,32.5,≥32米,未分类,GoogleV3坐标+2.5D高度,,69.8
万隆,Geowisata Inn,-6.8725312,107.6427882,32.5,≥32米,酒店,GoogleV3坐标+2.5D高度,,348.1
万隆,Summarecon Mall - Bongkar Muat Barat,-6.9041966,107.6116132,32.5,≥32米,未分类,GoogleV3坐标+2.5D高度,,655.9
万隆,Mercure Bandung Nexa Supratman,-6.9087499,107.5982703,32.5,≥32米,未分类,GoogleV3坐标+2.5D高度,,358.5
万隆,Balai Kesehatan Unpad,-6.8977839,107.5774668,32.5,≥32米,未分类,GoogleV3坐标+2.5D高度,BDG-023,941
万隆,Gedung Al Jamiah,-6.8674252,107.6288278,32.5,≥32米,未分类,GoogleV3坐标+2.5D高度,,164.5
万隆,Miko Mall,-6.9498841,107.6362374,32.5,≥32米,未分类,GoogleV3坐标+2.5D高度,,385
万隆,RS Hermina Pasteur,-6.8960216,107.5888885,32.5,≥32米,医院,GoogleV3坐标+2.5D高度,,"Jalan Dr. Djunjunan 107, Pasteur Bandung, West Java, Indonesia"
万隆,Living Plaza,-6.9141917,107.6083789,32.0,≥32米,商业,GoogleV3坐标+2.5D高度,,943.9
万隆,CRCS,-6.917205,107.5791849,32.0,≥32米,未分类,GoogleV3坐标+2.5D高度,,567.4
万隆,Bank Mandiri,-6.9084919,107.6186755,32.0,≥32米,未分类,GoogleV3坐标+2.5D高度,BDG-024,234.4
万隆,RS Hermina Pasteur,-6.9155588,107.604908,32.0,≥32米,未分类,GoogleV3坐标+2.5D高度,,242.3
万隆,Living Plaza,-6.8808457,107.5843033,32.0,≥32米,住宅,GoogleV3坐标+2.5D高度,,67.8
万隆,Homy Kost Ekslusif Bandung,-6.8844362,107.6119794,32.0,≥32米,宿舍,GoogleV3坐标+2.5D高度,,57.5
万隆,Balubur Town Square,-6.9201729,107.5880094,32.0,≥32米,未分类,GoogleV3坐标+2.5D高度,,92.9
万隆,Hotel Marbella Suites Bandung,-6.9058329,107.5964097,32.0,≥32米,未分类,GoogleV3坐标+2.5D高度,,66.6
万隆,Geowisata Inn,-6.9041262,107.610536,32.0,≥32米,酒店,GoogleV3坐标+2.5D高度,,614.2
万隆,Homy Kost Ekslusif Bandung,-6.9172235,107.6080716,32.0,≥32米,未分类,GoogleV3坐标+2.5D高度,BDG-012,263.3
万隆,Bank Sinarmas,-6.9038942,107.6036892,32.0,≥32米,商业,GoogleV3坐标+2.5D高度,,Jl Dr Abdul Rivai No 2
万隆,Summarecon Mall - Bongkar Muat Barat,-6.9559678,107.6968658,32.0,≥32米,商场,GoogleV3坐标+2.5D高度,,1917.7
万隆,De Paviljoen,-6.8813686,107.6033481,32.0,≥32米,未分类,GoogleV3坐标+2.5D高度,BDG-013,1337
万隆,,-6.8604725,107.6488663,32.0,≥32米,未分类,GoogleV3坐标+2.5D高度,,442.8
万隆,Geowisata Inn,-6.9173134,107.5786578,32.0,≥32米,酒店,GoogleV3坐标+2.5D高度,,1753.1
万隆,Summarecon Mall - Bongkar Muat Barat,-6.8734882,107.595895,32.0,≥32米,未分类,GoogleV3坐标+2.5D高度,,189
万隆,Mercure Bandung Nexa Supratman,-6.8984312,107.5982273,32.0,≥32米,医院,GoogleV3坐标+2.5D高度,,61.3
唐格朗,Amartapura I (Tower A),-6.2564106,106.6158516,163.0,≥80米,公寓,GoogleV3坐标+CTBUH真高,,1006.2
唐格朗,Menara Matahari,-6.2290557,106.6098293,162.0,≥80米,商业,GoogleV3坐标+CTBUH真高,,596.8
唐格朗,Alfa Tower,-6.2256088,106.6568501,157.0,≥80米,未分类,GoogleV3坐标+CTBUH真高,,118.9
唐格朗,U-Residence Tower 3,-6.2279325,106.6086444,154.0,≥80米,公寓,GoogleV3坐标+CTBUH真高,,45.2
唐格朗,Springwood Residence,-6.2248484,106.6382662,149.0,≥80米,公寓,GoogleV3坐标+CTBUH真高,,322.1
唐格朗,Amartapura II (Tower B),-6.2248488,106.6515541,136.0,≥80米,公寓,GoogleV3坐标+CTBUH真高,,995.9
唐格朗,The Prominence Office Tower,-6.2252781,106.655131,135.0,≥80米,写字楼,GoogleV3坐标+CTBUH真高,,865.1
唐格朗,Apartemen Skandinavia TangCity,-6.1947723,106.633016,133.0,≥80米,公寓,GoogleV3坐标+CTBUH真高,,24.3
唐格朗,Saumata Apartment,-6.2290209,106.6552951,129.0,≥80米,写字楼,GoogleV3坐标+CTBUH真高,TNG-001,5.9
唐格朗,Apartemen Metro Garden,-6.2317127,106.6527709,129.0,≥80米,住宅,GoogleV3坐标+CTBUH真高,,88.4
唐格朗,,-6.1575954,106.7116784,99.0,≥80米,公寓,GoogleV3坐标+2.5D高度,TNG-002,1773.2
唐格朗,Menara CIMB Niaga,-6.2272555,106.6093871,98.5,≥80米,商业,GoogleV3坐标+2.5D高度,,299.4
唐格朗,,-6.2298411,106.6093596,98.5,≥80米,未分类,GoogleV3坐标+2.5D高度,,232.2
唐格朗,,-6.2303259,106.6090731,96.5,≥80米,未分类,GoogleV3坐标+2.5D高度,TNG-003,267.7
唐格朗,,-6.1568309,106.7173836,96.0,≥80米,未分类,GoogleV3坐标+2.5D高度,,2177.3
唐格朗,Franklin Tower,-6.2429086,106.6319487,93.0,≥80米,公寓,GoogleV3坐标+2.5D高度,,157.1
唐格朗,Franklin Tower,-6.2282672,106.6079467,92.5,≥80米,未分类,GoogleV3坐标+2.5D高度,,32.4
唐格朗,Hotel Episode,-6.2565947,106.6200987,92.0,≥80米,酒店,GoogleV3坐标+2.5D高度,TNG-004,180.5
唐格朗,Hotel Episode,-6.1855216,106.7362088,92.0,≥80米,未分类,GoogleV3坐标+2.5D高度,,1617.3
唐格朗,Jade Tower,-6.1993938,106.630585,91.5,≥80米,公寓,GoogleV3坐标+2.5D高度,,298.4
唐格朗,Avery Tower,-6.2423187,106.6320187,91.5,≥80米,公寓,GoogleV3坐标+2.5D高度,,49.7
唐格朗,Maple Tower,-6.2247741,106.650795,91.5,≥80米,公寓,GoogleV3坐标+2.5D高度,,217.2
唐格朗,Lippo Village Tower,-6.2258405,106.5970873,91.0,≥80米,商业,GoogleV3坐标+2.5D高度,,682.1
唐格朗,Lippo Village Tower,-6.1578497,106.7120941,91.0,≥80米,公寓,GoogleV3坐标+2.5D高度,TNG-005,1627.7
唐格朗,,-6.2196254,106.6341138,90.5,≥80米,写字楼,GoogleV3坐标+2.5D高度,,546.1
唐格朗,,-6.256366,106.6201857,90.0,≥80米,未分类,GoogleV3坐标+2.5D高度,TNG-004,369.9
唐格朗,Green Sedayu Mall,-6.1392639,106.7284387,89.5,≥80米,商场,GoogleV3坐标+2.5D高度,,219.9
唐格朗,Golden Tulip Essential,-6.184422,106.6435595,89.0,≥80米,公寓,GoogleV3坐标+2.5D高度,,138.7
唐格朗,Tower Flamboyant,-6.2697034,106.630417,86.5,≥80米,公寓,GoogleV3坐标+2.5D高度,TNG-006,1233.3
唐格朗,Tower Flamboyant,-6.2317067,106.6160581,85.5,≥80米,未分类,GoogleV3坐标+2.5D高度,,465.3
唐格朗,,-6.2301272,106.6091858,84.5,≥80米,未分类,GoogleV3坐标+2.5D高度,TNG-003,89.6
唐格朗,,-6.1565575,106.717237,84.5,≥80米,未分类,GoogleV3坐标+2.5D高度,TNG-007,225.2
唐格朗,The Medina Apartment,-6.2322712,106.6177841,83.5,≥80米,公寓,GoogleV3坐标+2.5D高度,,437.3
唐格朗,Tower Tulip,-6.2694886,106.6303305,83.5,≥80米,公寓,GoogleV3坐标+2.5D高度,TNG-006,424.1
唐格朗,Atria Residences,-6.2437088,106.626962,83.5,≥80米,公寓,GoogleV3坐标+2.5D高度,,Jalan Boulevard Raya Gading Serpong
唐格朗,Atria Residences,-6.2668839,106.731928,83.0,≥80米,未分类,GoogleV3坐标+2.5D高度,,138.4
唐格朗,Sienna Tower,-6.1994818,106.6313701,83.0,≥80米,公寓,GoogleV3坐标+2.5D高度,,286.9
唐格朗,Puri Garden Apartment,-6.185407,106.7352273,82.0,≥80米,公寓,GoogleV3坐标+2.5D高度,,441
唐格朗,Puri Garden Apartment,-6.2223524,106.6497394,82.0,≥80米,未分类,GoogleV3坐标+2.5D高度,TNG-008,142.2
唐格朗,Graha Anabatic,-6.2554785,106.6199413,82.0,≥80米,写字楼,GoogleV3坐标+2.5D高度,,111.9
唐格朗,Graha Anabatic,-6.2284206,106.6082508,81.5,≥80米,未分类,GoogleV3坐标+2.5D高度,TNG-009,162.8
唐格朗,Graha Anabatic,-6.2250857,106.6377791,78.5,≥64米,未分类,GoogleV3坐标+2.5D高度,,274
唐格朗,Graha Anabatic,-6.2189434,106.6329457,78.0,≥64米,写字楼,GoogleV3坐标+2.5D高度,TNG-010,607.7
唐格朗,Lagom Tower,-6.1949338,106.6326934,77.5,≥64米,公寓,GoogleV3坐标+2.5D高度,,26.8
唐格朗,Lagom Tower,-6.218844,106.6331678,76.0,≥64米,写字楼,GoogleV3坐标+2.5D高度,TNG-010,353.5
唐格朗,Puri Mansion Apartment Tower A,-6.1817798,106.7234502,76.0,≥64米,公寓,GoogleV3坐标+2.5D高度,,1265.4
唐格朗,Puri Mansion Apartment Tower A,-6.1570177,106.7191294,76.0,≥64米,公寓,GoogleV3坐标+2.5D高度,,191.2
唐格朗,,-6.1624849,106.678356,75.5,≥64米,未分类,GoogleV3坐标+2.5D高度,TNG-011,804
唐格朗,Puri Mansion Apartment Tower A,-6.1559625,106.7285183,75.5,≥64米,未分类,GoogleV3坐标+2.5D高度,TNG-012,43.3
唐格朗,Puri Mansion Apartment Tower A,-6.1462144,106.701786,75.5,≥64米,公寓,GoogleV3坐标+2.5D高度,,287.5
唐格朗,,-6.1564524,106.7191343,75.0,≥64米,公寓,GoogleV3坐标+2.5D高度,TNG-013,238.3
唐格朗,Puri Garden Apartment,-6.1389269,106.7291163,75.0,≥64米,未分类,GoogleV3坐标+2.5D高度,TNG-014,83.1
唐格朗,Puri Garden Apartment,-6.2552143,106.6204819,75.0,≥64米,仓库,GoogleV3坐标+2.5D高度,,194.8
唐格朗,Sushi Masa Tower,-6.1458991,106.7014965,74.0,≥64米,公寓,GoogleV3坐标+2.5D高度,,1033.5
唐格朗,Sushi Masa Tower,-6.1508353,106.7128667,74.0,≥64米,未分类,GoogleV3坐标+2.5D高度,,732
唐格朗,Rumah Sakit Pondok Indah,-6.1861115,106.7353648,73.0,≥64米,医院,GoogleV3坐标+2.5D高度,,Puri Indah
唐格朗,Oak Tower,-6.2252192,106.6507821,72.5,≥64米,公寓,GoogleV3坐标+2.5D高度,,2937.5
唐格朗,Sushi Masa Tower,-6.2592723,106.6188514,72.5,≥64米,公寓,GoogleV3坐标+2.5D高度,,234
唐格朗,Indigo Tower,-6.1987477,106.6314061,72.5,≥64米,公寓,GoogleV3坐标+2.5D高度,,68.1
唐格朗,Rumah Sakit Pondok Indah,-6.188551,106.7385981,71.5,≥64米,未分类,GoogleV3坐标+2.5D高度,,1299.7
唐格朗,Menara Dynaplast,-6.1884438,106.736594,71.0,≥64米,商业,GoogleV3坐标+2.5D高度,,311
唐格朗,Menara Dynaplast,-6.2278779,106.6101021,71.0,≥64米,商业,GoogleV3坐标+2.5D高度,,836.2
唐格朗,Sushi Masa Tower,-6.2220527,106.6319529,70.5,≥64米,未分类,GoogleV3坐标+2.5D高度,,2768.1
唐格朗,Indigo Tower,-6.1984902,106.7044552,70.5,≥64米,未分类,GoogleV3坐标+2.5D高度,,3907.8
唐格朗,Indigo Tower,-6.1562793,106.6756343,70.0,≥64米,未分类,GoogleV3坐标+2.5D高度,,2731.2
唐格朗,Indigo Tower,-6.1892586,106.7390008,69.5,≥64米,未分类,GoogleV3坐标+2.5D高度,,41.7
唐格朗,Menara Dynaplast,-6.2566616,106.6380827,69.5,≥64米,未分类,GoogleV3坐标+2.5D高度,TNG-015,226.3
唐格朗,Menara Dynaplast,-6.2588164,106.6189945,69.5,≥64米,写字楼,GoogleV3坐标+2.5D高度,,43.8
唐格朗,Sushi Masa Tower,-6.1729942,106.7295764,69.5,≥64米,写字楼,GoogleV3坐标+2.5D高度,,1586.5
唐格朗,Sushi Masa Tower,-6.2255248,106.597605,67.0,≥64米,医院,GoogleV3坐标+2.5D高度,,412
唐格朗,Sushi Masa Tower,-6.1555361,106.7286119,65.0,≥64米,未分类,GoogleV3坐标+2.5D高度,TNG-012,412
唐格朗,Menara CIMB Niaga,-6.1274399,106.7124084,65.0,≥64米,商业,GoogleV3坐标+2.5D高度,,885.7
唐格朗,Plaza Summarecon,-6.1560012,106.7176265,64.5,≥64米,商场,GoogleV3坐标+2.5D高度,,1202.5
唐格朗,Plaza Summarecon,-6.2443574,106.6290788,63.5,≥48米,公寓,GoogleV3坐标+2.5D高度,,363
唐格朗,Tower San Francisco,-6.1727192,106.7315361,63.5,≥48米,公寓,GoogleV3坐标+2.5D高度,,402.9
唐格朗,Sushi Masa Tower,-6.142849,106.7343362,63.5,≥48米,未分类,GoogleV3坐标+2.5D高度,,2183.2
唐格朗,Indigo Tower,-6.1897405,106.738489,63.0,≥48米,公寓,GoogleV3坐标+2.5D高度,,1262.6
唐格朗,Indigo Tower,-6.2221272,106.691331,63.0,≥48米,未分类,GoogleV3坐标+2.5D高度,,296.7
唐格朗,Indigo Tower,-6.1990183,106.6311597,62.5,≥48米,公寓,GoogleV3坐标+2.5D高度,,593.2
唐格朗,North Tower,-6.162784,106.6240919,62.5,≥48米,公寓,GoogleV3坐标+2.5D高度,,139.3
唐格朗,Coral Tower,-6.1281495,106.7123814,62.5,≥48米,公寓,GoogleV3坐标+2.5D高度,,430.8
唐格朗,North Tower,-6.2250865,106.6499156,62.0,≥48米,公寓,GoogleV3坐标+2.5D高度,,89
唐格朗,Coral Tower,-6.1986486,106.6305793,61.5,≥48米,公寓,GoogleV3坐标+2.5D高度,,73.6
唐格朗,Plaza Summarecon,-6.1925493,106.6193932,61.5,≥48米,未分类,GoogleV3坐标+2.5D高度,TNG-016,68
唐格朗,Grand Serpong Mall,-6.1881353,106.7366169,61.5,≥48米,商业,GoogleV3坐标+2.5D高度,,2642.8
唐格朗,Tower San Francisco,-6.1272227,106.7127339,61.5,≥48米,未分类,GoogleV3坐标+2.5D高度,,128.1
唐格朗,Grand Serpong Mall,-6.222164,106.6323365,60.0,≥48米,商业,GoogleV3坐标+2.5D高度,,23.9
唐格朗,Tower Venetian,-6.1460633,106.7081219,60.0,≥48米,公寓,GoogleV3坐标+2.5D高度,TNG-017,460.1
唐格朗,Tower Venetian,-6.2276381,106.6080577,60.0,≥48米,未分类,GoogleV3坐标+2.5D高度,,393.2
唐格朗,Tower Venetian,-6.2414509,106.6495947,59.5,≥48米,公寓,GoogleV3坐标+2.5D高度,,393.3
唐格朗,Lagom Tower,-6.1981531,106.6369036,59.0,≥48米,公寓,GoogleV3坐标+2.5D高度,,213
唐格朗,Green Sedayu Mall,-6.1865229,106.597293,58.0,≥48米,商场,GoogleV3坐标+2.5D高度,,151.3
唐格朗,Paragon Square,-6.1878753,106.6432604,58.0,≥48米,公寓,GoogleV3坐标+2.5D高度,,2201.5
唐格朗,Green Sedayu Mall,-6.1387994,106.7287727,58.0,≥48米,商场,GoogleV3坐标+2.5D高度,,323.5
唐格朗,Tower Venetian,-6.2418705,106.6496011,58.0,≥48米,公寓,GoogleV3坐标+2.5D高度,,169.4
唐格朗,U Residence Tower 3,-6.2275346,106.6086029,57.5,≥48米,公寓,GoogleV3坐标+2.5D高度,,2023.8
唐格朗,Brooklyn Alam Sutera,-6.2386978,106.6578506,57.0,≥48米,公寓,GoogleV3坐标+2.5D高度,,329.5
唐格朗,Orang Tua Group,-6.2661698,106.7048511,56.5,≥48米,写字楼,GoogleV3坐标+2.5D高度,TNG-018,206
唐格朗,Orang Tua Group,-6.1662765,106.7280855,56.0,≥48米,写字楼,GoogleV3坐标+2.5D高度,,999
唐格朗,Maple Tower,-6.1983538,106.6385532,56.0,≥48米,公寓,GoogleV3坐标+2.5D高度,,53.3
唐格朗,Springwood Residence,-6.2224194,106.6501734,56.0,≥48米,公寓,GoogleV3坐标+2.5D高度,,118.7
唐格朗,Yukata Suites,-6.1861926,106.7361496,56.0,≥48米,公寓,GoogleV3坐标+2.5D高度,,2153.8
唐格朗,Yukata Suites,-6.2380824,106.6578715,55.5,≥48米,住宅,GoogleV3坐标+2.5D高度,,"Jalur Sutera Barat, Tangerang"
唐格朗,Tower B,-6.1311984,106.7371812,55.0,≥48米,公寓,GoogleV3坐标+2.5D高度,,282.2
唐格朗,Synergy Building,-6.2239548,106.6530389,55.0,≥48米,写字楼,GoogleV3坐标+2.5D高度,,"Jalur Sutera Barat, Tangerang"
唐格朗,Tower B,-6.2439369,106.6253301,55.0,≥48米,公寓,GoogleV3坐标+2.5D高度,,110.7
唐格朗,Franklin Tower,-6.2290335,106.6134937,54.5,≥48米,宿舍,GoogleV3坐标+2.5D高度,,209
唐格朗,Hotel Samala Jakarta Barat,-6.2416715,106.627017,54.5,≥48米,酒店,GoogleV3坐标+2.5D高度,,262.2
唐格朗,Resoles Istimewa - Cengkareng,-6.2253747,106.5970362,54.0,≥48米,未分类,GoogleV3坐标+2.5D高度,,"Komplek Taman Palem Lestari, DKI Jakarta"
唐格朗,Hotel Samala Jakarta Barat,-6.1536933,106.7287884,54.0,≥48米,酒店,GoogleV3坐标+2.5D高度,,962.1
唐格朗,Resoles Istimewa - Cengkareng,-6.1392361,106.7278723,53.5,≥48米,未分类,GoogleV3坐标+2.5D高度,,"Komplek Taman Palem Lestari, DKI Jakarta"
唐格朗,Puri Mansion Apartment Gym Center,-6.1810704,106.7235006,53.5,≥48米,公寓,GoogleV3坐标+2.5D高度,,275.6
唐格朗,RS Mitra Keluarga Gading Serpong,-6.2497865,106.6101076,53.5,≥48米,医院,GoogleV3坐标+2.5D高度,,"Jalan Raya Legok - Karawaci No.20, Medang, Kecamatan Pagedangan"
唐格朗,Yukata Suites,-6.1893603,106.7378898,53.0,≥48米,未分类,GoogleV3坐标+2.5D高度,,1053.2
唐格朗,Tower B,-6.1603669,106.7165076,53.0,≥48米,公寓,GoogleV3坐标+2.5D高度,,257.8
唐格朗,Synergy Building,-6.1696042,106.6273053,53.0,≥48米,未分类,GoogleV3坐标+2.5D高度,TNG-019,289.8
唐格朗,Tower B,-6.2215792,106.6327327,53.0,≥48米,未分类,GoogleV3坐标+2.5D高度,,761.9
唐格朗,Tower Tulip,-6.2567648,106.6200212,52.5,≥48米,公寓,GoogleV3坐标+2.5D高度,TNG-004,712.3
唐格朗,Apartemen City Garden,-6.2189024,106.6183008,52.5,≥48米,公寓,GoogleV3坐标+2.5D高度,,"Kapuk Cengkareng, RW 17"
唐格朗,Franklin Tower,-6.155991,106.7192017,52.5,≥48米,公寓,GoogleV3坐标+2.5D高度,,1291.3
唐格朗,Apartemen City Garden,-6.1299007,106.737516,52.0,≥48米,公寓,GoogleV3坐标+2.5D高度,,"Kapuk Cengkareng, RW 17"
唐格朗,T,-6.1607494,106.7160092,51.5,≥48米,公寓,GoogleV3坐标+2.5D高度,,906.3
唐格朗,Resoles Istimewa - Cengkareng,-6.146206,106.7083234,51.5,≥48米,政府公共,GoogleV3坐标+2.5D高度,TNG-017,1410.3
唐格朗,Jade Tower,-6.1992134,106.6302531,51.0,≥48米,公寓,GoogleV3坐标+2.5D高度,,154.8
唐格朗,T,-6.2301562,106.6519502,51.0,≥48米,住宅,GoogleV3坐标+2.5D高度,TNG-020,27.1
唐格朗,Tower Tulip,-6.1865978,106.7375945,51.0,≥48米,政府公共,GoogleV3坐标+2.5D高度,,2873.4
唐格朗,Mitsubishi,-6.2259778,106.6551289,51.0,≥48米,商业,GoogleV3坐标+2.5D高度,,Jalan Daan Mogot
唐格朗,T,-6.2053264,106.6417431,51.0,≥48米,医院,GoogleV3坐标+2.5D高度,,2206.6
唐格朗,Resoles Istimewa - Cengkareng,-6.1425427,106.7343505,50.5,≥48米,仓库,GoogleV3坐标+2.5D高度,,39.3
唐格朗,Apartemen Victoria Square,-6.1604154,106.7160922,50.5,≥48米,公寓,GoogleV3坐标+2.5D高度,,881.9
唐格朗,Tower Tulip,-6.1553092,106.7286634,50.0,≥48米,商业,GoogleV3坐标+2.5D高度,TNG-012,Jalan Daan Mogot
唐格朗,Apartemen City Garden,-6.13207,106.7024178,50.0,≥48米,未分类,GoogleV3坐标+2.5D高度,,2206.6
唐格朗,Menara Top Food,-6.1577632,106.7361482,50.0,≥48米,仓库,GoogleV3坐标+2.5D高度,,"Jalur Sutera Barat, Tangerang"
唐格朗,Apartemen Victoria Square,-6.1887025,106.6076683,49.5,≥48米,公寓,GoogleV3坐标+2.5D高度,,2275.6
唐格朗,Apartemen City Garden,-6.2565227,106.6381234,49.5,≥48米,未分类,GoogleV3坐标+2.5D高度,TNG-015,131.5
唐格朗,Orang Tua Group,-6.1431525,106.7351408,49.5,≥48米,写字楼,GoogleV3坐标+2.5D高度,,969.2
唐格朗,Menara Top Food,-6.2258463,106.6585775,49.5,≥48米,写字楼,GoogleV3坐标+2.5D高度,,"Jalur Sutera Barat, Tangerang"
唐格朗,Jade Tower,-6.2270681,106.6430129,49.5,≥48米,未分类,GoogleV3坐标+2.5D高度,,27.9
唐格朗,T,-6.194032,106.6335363,49.5,≥48米,未分类,GoogleV3坐标+2.5D高度,,4479
唐格朗,Mercure Serpong Alam Sutera,-6.2446556,106.652054,49.0,≥48米,酒店,GoogleV3坐标+2.5D高度,,"Jalan Puri Indah Boulevard Blok VI Puri Indah Jakarta Barat, DKI Jakarta"
唐格朗,Orang Tua Group,-6.1947368,106.6324934,49.0,≥48米,未分类,GoogleV3坐标+2.5D高度,,495.8
唐格朗,U Residence Tower 3,-6.2656205,106.7044953,49.0,≥48米,公寓,GoogleV3坐标+2.5D高度,,193.7
唐格朗,Living World Alam Sutera,-6.1571899,106.711594,49.0,≥48米,公寓,GoogleV3坐标+2.5D高度,,"Jalan Alam Sutera Boulevard, Serpong, Banten"
唐格朗,PX Pavilion,-6.1885952,106.7380361,49.0,≥48米,未分类,GoogleV3坐标+2.5D高度,,"Jalan Puri Indah Boulevard Blok VI Puri Indah Jakarta Barat, DKI Jakarta"
唐格朗,U Residence Tower 3,-6.2278583,106.6082456,48.5,≥48米,商业,GoogleV3坐标+2.5D高度,,2230.4
唐格朗,Living World Alam Sutera,-6.2447615,106.6540724,48.5,≥48米,商业,GoogleV3坐标+2.5D高度,,"Jalan Alam Sutera Boulevard, Serpong, Banten"
唐格朗,Days Hotel & Suites by Wyndham,-6.1582282,106.642882,48.5,≥48米,酒店,GoogleV3坐标+2.5D高度,,1411.6
唐格朗,U Residence Tower 3,-6.2030538,106.6224103,48.0,≥48米,未分类,GoogleV3坐标+2.5D高度,,412.2
唐格朗,S,-6.1944544,106.6328754,48.0,≥48米,商业,GoogleV3坐标+2.5D高度,,2124.8
唐格朗,Honda,-6.1797188,106.7294541,48.0,≥48米,写字楼,GoogleV3坐标+2.5D高度,,78.3
唐格朗,X,-6.224751,106.6420944,47.5,≥40米,住宅,GoogleV3坐标+2.5D高度,,99.3
唐格朗,Helen's,-6.2223421,106.6498911,47.5,≥40米,商业,GoogleV3坐标+2.5D高度,TNG-008,253.9
唐格朗,S,-6.2304199,106.6518481,47.5,≥40米,住宅,GoogleV3坐标+2.5D高度,,274.2
唐格朗,Paragon Village Apartment Karawaci,-6.2342963,106.5868177,47.5,≥40米,公寓,GoogleV3坐标+2.5D高度,,875.5
唐格朗,X,-6.2302688,106.6527392,47.0,≥40米,住宅,GoogleV3坐标+2.5D高度,,288.1
唐格朗,Helen's,-6.2258784,106.6017471,46.5,≥40米,商业,GoogleV3坐标+2.5D高度,,90.3
唐格朗,CBD Ciledug,-6.2216595,106.6331125,46.5,≥40米,未分类,GoogleV3坐标+2.5D高度,,159.6
唐格朗,Plaza Summarecon,-6.242578,106.6283621,46.0,≥40米,商场,GoogleV3坐标+2.5D高度,,103.7
唐格朗,S,-6.227767,106.607814,46.0,≥40米,未分类,GoogleV3坐标+2.5D高度,,88
唐格朗,CBD Ciledug,-6.2238998,106.707987,45.5,≥40米,未分类,GoogleV3坐标+2.5D高度,,301
唐格朗,Heartline Center,-6.1986922,106.6403289,45.5,≥40米,商业,GoogleV3坐标+2.5D高度,,648.9
唐格朗,Helen's,-6.2233121,106.7078375,45.5,≥40米,政府公共,GoogleV3坐标+2.5D高度,TNG-021,115.1
唐格朗,Qubika Hotel,-6.2637605,106.6173982,45.5,≥40米,酒店,GoogleV3坐标+2.5D高度,,1213.4
唐格朗,The Mahitala,-6.2290612,106.6555054,45.5,≥40米,写字楼,GoogleV3坐标+2.5D高度,TNG-001,785.6
唐格朗,Heartline Center,-6.228751,106.5877694,45.0,≥40米,商业,GoogleV3坐标+2.5D高度,,18.6
唐格朗,Helen's,-6.1865186,106.7378799,45.0,≥40米,政府公共,GoogleV3坐标+2.5D高度,,188.6
唐格朗,S,-6.1622787,106.678374,45.0,≥40米,未分类,GoogleV3坐标+2.5D高度,TNG-011,1070.6
唐格朗,Paragon Village Apartment Karawaci,-6.1516193,106.7127221,44.5,≥40米,公寓,GoogleV3坐标+2.5D高度,,534.2
唐格朗,Allium Tangerang Hotel,-6.1316532,106.7027417,44.5,≥40米,酒店,GoogleV3坐标+2.5D高度,,493.7
唐格朗,Carmel Tower,-6.2284887,106.6077878,44.0,≥40米,公寓,GoogleV3坐标+2.5D高度,,1833.6
唐格朗,CBD Ciledug,-6.1398589,106.7314623,44.0,≥40米,未分类,GoogleV3坐标+2.5D高度,,245
唐格朗,Plaza Summarecon,-6.1950518,106.7241157,44.0,≥40米,公寓,GoogleV3坐标+2.5D高度,TNG-022,342.7
唐格朗,Allium Tangerang Hotel,-6.1741549,106.6573459,44.0,≥40米,酒店,GoogleV3坐标+2.5D高度,,609.8
唐格朗,Carmel Tower,-6.2430203,106.6331336,44.0,≥40米,公寓,GoogleV3坐标+2.5D高度,,2465.9
唐格朗,Hotel Olive Tangerang,-6.197852,106.6364861,44.0,≥40米,酒店,GoogleV3坐标+2.5D高度,,278.9
唐格朗,Plaza Summarecon,-6.1957237,106.6348143,44.0,≥40米,未分类,GoogleV3坐标+2.5D高度,,1214.2
唐格朗,Heartline Center,-6.1632411,106.6237813,44.0,≥40米,未分类,GoogleV3坐标+2.5D高度,,72.2
唐格朗,CBD Ciledug,-6.1923429,106.6195514,43.5,≥40米,未分类,GoogleV3坐标+2.5D高度,TNG-016,21.7
唐格朗,Hotel Olive Tangerang,-6.2161484,106.6180908,43.5,≥40米,住宅,GoogleV3坐标+2.5D高度,,723.2
唐格朗,KFC,-6.22687,106.6056139,43.5,≥40米,未分类,GoogleV3坐标+2.5D高度,,520.2
唐格朗,Heartline Center,-6.2226637,106.6499367,43.0,≥40米,公寓,GoogleV3坐标+2.5D高度,,480.6
唐格朗,Hotel Olive Tangerang,-6.2330247,106.6106923,43.0,≥40米,未分类,GoogleV3坐标+2.5D高度,TNG-023,1826
唐格朗,U,-6.2299466,106.6520635,43.0,≥40米,住宅,GoogleV3坐标+2.5D高度,TNG-020,66.6
唐格朗,KFC,-6.2276763,106.6051971,43.0,≥40米,公寓,GoogleV3坐标+2.5D高度,,260.8
唐格朗,Dormitory Tzu Chi,-6.1573983,106.7117884,43.0,≥40米,公寓,GoogleV3坐标+2.5D高度,TNG-002,"Jalan Kamal Cengkareng, Cengkareng Timur, West Jakarta"
唐格朗,Apartemen Trimezia Beverly,-6.1940841,106.6346358,43.0,≥40米,公寓,GoogleV3坐标+2.5D高度,,1971.8
唐格朗,KFC,-6.2431752,106.6310058,43.0,≥40米,未分类,GoogleV3坐标+2.5D高度,,511.1
唐格朗,St. Moritz A,-6.1951907,106.7237246,42.5,≥40米,公寓,GoogleV3坐标+2.5D高度,,2490.4
唐格朗,Dormitory Tzu Chi,-6.1322357,106.7358904,42.5,≥40米,住宅,GoogleV3坐标+2.5D高度,,"Jalan Kamal Cengkareng, Cengkareng Timur, West Jakarta"
唐格朗,Apartemen Trimezia Beverly,-6.2509699,106.6185287,42.0,≥40米,公寓,GoogleV3坐标+2.5D高度,,695.3
唐格朗,Hotel Olive Tangerang,-6.1838513,106.6476115,42.0,≥40米,公寓,GoogleV3坐标+2.5D高度,,304.3
唐格朗,St. Moritz A,-6.1870564,106.7399294,42.0,≥40米,公寓,GoogleV3坐标+2.5D高度,,229.2
唐格朗,St. Moritz A,-6.1522804,106.6055258,41.5,≥40米,未分类,GoogleV3坐标+2.5D高度,,2629.3
唐格朗,PX Pavilion,-6.1354461,106.7321029,41.5,≥40米,公寓,GoogleV3坐标+2.5D高度,,"Jalan Puri Indah Boulevard Blok VI Puri Indah Jakarta Barat, DKI Jakarta"
唐格朗,KFC,-6.1556528,106.7283804,41.0,≥40米,政府公共,GoogleV3坐标+2.5D高度,TNG-012,Jalan Raya Kembangan
唐格朗,Fame Hotel Gading Serpong,-6.2280087,106.6071908,41.0,≥40米,酒店,GoogleV3坐标+2.5D高度,,3321.8
唐格朗,19 Avenue Apartment,-6.2363714,106.6249857,41.0,≥40米,公寓,GoogleV3坐标+2.5D高度,,522.7
唐格朗,PX Pavilion,-6.1881435,106.7379923,41.0,≥40米,未分类,GoogleV3坐标+2.5D高度,,"Jalan Puri Indah Boulevard Blok VI Puri Indah Jakarta Barat, DKI Jakarta"
唐格朗,KFC,-6.1857626,106.7376074,41.0,≥40米,政府公共,GoogleV3坐标+2.5D高度,,Jalan Raya Kembangan
唐格朗,Fame Hotel Gading Serpong,-6.2552531,106.6218469,41.0,≥40米,酒店,GoogleV3坐标+2.5D高度,,135.7
唐格朗,19 Avenue Apartment,-6.1606782,106.6805684,41.0,≥40米,公寓,GoogleV3坐标+2.5D高度,,1239.8
唐格朗,KFC,-6.1875043,106.6264016,40.5,≥40米,未分类,GoogleV3坐标+2.5D高度,,2317.7
唐格朗,MPM Auto,-6.1941866,106.6343155,40.5,≥40米,商业,GoogleV3坐标+2.5D高度,,1868
唐格朗,Dormitory Tzu Chi,-6.214734,106.6302271,40.5,≥40米,医院,GoogleV3坐标+2.5D高度,,245.4
唐格朗,Apartemen Trimezia Beverly,-6.1878635,106.7385363,40.0,≥40米,仓库,GoogleV3坐标+2.5D高度,,79.5
唐格朗,KFC,-6.1315433,106.7353798,40.0,≥40米,住宅,GoogleV3坐标+2.5D高度,,1245.6
唐格朗,St. Moritz A,-6.1395348,106.7306179,40.0,≥40米,未分类,GoogleV3坐标+2.5D高度,TNG-024,93.8
唐格朗,MPM Auto,-6.2241909,106.6632879,40.0,≥40米,商业,GoogleV3坐标+2.5D高度,,2476
唐格朗,Canteen,-6.1563568,106.7173722,40.0,≥40米,未分类,GoogleV3坐标+2.5D高度,TNG-007,245.4
唐格朗,PX Pavilion,-6.2431104,106.6317546,39.5,≥32米,未分类,GoogleV3坐标+2.5D高度,,113
唐格朗,Dormitory Tzu Chi,-6.2423353,106.6280044,39.5,≥32米,公寓,GoogleV3坐标+2.5D高度,TNG-025,207.5
唐格朗,Canteen,-6.2231508,106.7080169,39.5,≥32米,未分类,GoogleV3坐标+2.5D高度,TNG-021,1790.3
唐格朗,PX Pavilion,-6.1308571,106.7355588,39.5,≥32米,住宅,GoogleV3坐标+2.5D高度,,7645.4
唐格朗,St. Moritz A,-6.2285358,106.6080786,39.0,≥32米,未分类,GoogleV3坐标+2.5D高度,TNG-009,523.2
唐格朗,Binus Dormitory,-6.2398733,106.6283359,39.0,≥32米,宿舍,GoogleV3坐标+2.5D高度,,3181.3
唐格朗,19 Avenue Apartment,-6.1613521,106.7170922,39.0,≥32米,未分类,GoogleV3坐标+2.5D高度,,27.1
唐格朗,PX Pavilion,-6.1390919,106.7291053,39.0,≥32米,未分类,GoogleV3坐标+2.5D高度,TNG-014,582.8
唐格朗,MPM Auto,-6.2322787,106.613366,39.0,≥32米,未分类,GoogleV3坐标+2.5D高度,,1684.7
唐格朗,Hotel Samala Jakarta Barat,-6.1563082,106.7191314,39.0,≥32米,公寓,GoogleV3坐标+2.5D高度,TNG-013,1021.9
唐格朗,Binus Dormitory,-6.2246643,106.6496984,38.5,≥32米,宿舍,GoogleV3坐标+2.5D高度,,617.2
唐格朗,Brooklyn Alam Sutera,-6.1982731,106.6375108,38.5,≥32米,公寓,GoogleV3坐标+2.5D高度,,103.7
唐格朗,Jade Tower,-6.1461619,106.7079058,38.5,≥32米,公寓,GoogleV3坐标+2.5D高度,TNG-017,1118.4
唐格朗,MPM Auto,-6.2223993,106.6504799,38.5,≥32米,未分类,GoogleV3坐标+2.5D高度,,51
唐格朗,Canteen,-6.1889657,106.7335236,38.5,≥32米,未分类,GoogleV3坐标+2.5D高度,,2105.5
唐格朗,Brooklyn Alam Sutera,-6.2386776,106.6573408,38.5,≥32米,公寓,GoogleV3坐标+2.5D高度,,3744.9
唐格朗,RSU Kecamatan Kembangan,-6.1945853,106.7359359,38.5,≥32米,医院,GoogleV3坐标+2.5D高度,,Jalan Topas Raya Blok F
唐格朗,Hotel Samala Jakarta Barat,-6.2638923,106.6193287,38.0,≥32米,未分类,GoogleV3坐标+2.5D高度,,1415.9
唐格朗,Canteen,-6.2424905,106.6277855,38.0,≥32米,未分类,GoogleV3坐标+2.5D高度,TNG-025,1265.1
唐格朗,Brooklyn Alam Sutera,-6.2672483,106.6256224,38.0,≥32米,未分类,GoogleV3坐标+2.5D高度,,136.4
唐格朗,Jade Tower,-6.2420862,106.6279816,38.0,≥32米,未分类,GoogleV3坐标+2.5D高度,TNG-025,1742.2
唐格朗,Tower Alexandrite,-6.1569437,106.7360129,38.0,≥32米,写字楼,GoogleV3坐标+2.5D高度,,414.2
唐格朗,Binus Dormitory,-6.2567591,106.6387631,38.0,≥32米,未分类,GoogleV3坐标+2.5D高度,,41.3
唐格朗,Brooklyn Alam Sutera,-6.2234654,106.6446179,37.5,≥32米,未分类,GoogleV3坐标+2.5D高度,,275.2
唐格朗,Jade Tower,-6.2253945,106.6422576,37.5,≥32米,未分类,GoogleV3坐标+2.5D高度,,113
唐格朗,RSU Kecamatan Kembangan,-6.2560335,106.638459,37.5,≥32米,未分类,GoogleV3坐标+2.5D高度,,541.6
唐格朗,Hotel Samala Jakarta Barat,-6.1728216,106.7301975,37.5,≥32米,写字楼,GoogleV3坐标+2.5D高度,,2109.9
唐格朗,St. Moritz B,-6.2562481,106.6394272,37.5,≥32米,公寓,GoogleV3坐标+2.5D高度,,14.8
唐格朗,Brooklyn Alam Sutera,-6.2216167,106.6322413,37.5,≥32米,未分类,GoogleV3坐标+2.5D高度,,76.8
唐格朗,Jade Tower,-6.1694498,106.627264,37.5,≥32米,未分类,GoogleV3坐标+2.5D高度,TNG-019,235.9
唐格朗,Aeropolis Residence 2,-6.1975671,106.6363733,37.5,≥32米,公寓,GoogleV3坐标+2.5D高度,,165.5
唐格朗,Binus Dormitory,-6.2426717,106.6279578,37.5,≥32米,未分类,GoogleV3坐标+2.5D高度,TNG-025,1106.9
唐格朗,Hotel Samala Jakarta Barat,-6.2456999,106.6527666,37.0,≥32米,未分类,GoogleV3坐标+2.5D高度,,3764.3
唐格朗,St. Moritz B,-6.1870329,106.7392996,37.0,≥32米,公寓,GoogleV3坐标+2.5D高度,,128.3
唐格朗,Jade Tower,-6.189801,106.6362106,37.0,≥32米,未分类,GoogleV3坐标+2.5D高度,,71.7
唐格朗,Aeropolis Crystal Residence 1,-6.1359848,106.6328925,37.0,≥32米,公寓,GoogleV3坐标+2.5D高度,,82.1
唐格朗,Aeropolis Residence 2,-6.1426776,106.6291137,37.0,≥32米,公寓,GoogleV3坐标+2.5D高度,,127.4
唐格朗,Brooklyn Alam Sutera,-6.1459865,106.70831,37.0,≥32米,未分类,GoogleV3坐标+2.5D高度,TNG-017,58.2
唐格朗,Jade Tower,-6.1991225,106.6402799,37.0,≥32米,未分类,GoogleV3坐标+2.5D高度,,584.2
唐格朗,W,-6.2663577,106.7047987,37.0,≥32米,住宅,GoogleV3坐标+2.5D高度,TNG-018,80.8
唐格朗,Jade Tower,-6.1879786,106.7361876,36.5,≥32米,未分类,GoogleV3坐标+2.5D高度,,81.1
唐格朗,Aeropolis Crystal Residence 1,-6.1860169,106.7053755,36.5,≥32米,未分类,GoogleV3坐标+2.5D高度,,139
唐格朗,Aeropolis Crystal Residence 1,-6.1431473,106.6291645,36.5,≥32米,公寓,GoogleV3坐标+2.5D高度,,322.7
唐格朗,Soll Marina Hotel,-6.2364347,106.6448544,36.5,≥32米,酒店,GoogleV3坐标+2.5D高度,,871.8
唐格朗,Electronic City,-6.1676653,106.6633417,36.5,≥32米,商业,GoogleV3坐标+2.5D高度,,1847.2
唐格朗,Apartemen The Habitat,-6.1865954,106.5969244,36.0,≥32米,公寓,GoogleV3坐标+2.5D高度,,335.2
唐格朗,W,-6.2301329,106.6525039,36.0,≥32米,住宅,GoogleV3坐标+2.5D高度,,274.6
唐格朗,W,-6.2052798,106.7072068,36.0,≥32米,未分类,GoogleV3坐标+2.5D高度,,2121.6
唐格朗,Brooklyn Alam Sutera,-6.242502,106.6305992,36.0,≥32米,公寓,GoogleV3坐标+2.5D高度,,782.5
唐格朗,RSU Siloam Kelapa Dua,-6.2410274,106.6103692,36.0,≥32米,医院,GoogleV3坐标+2.5D高度,,46.7
唐格朗,Hotel Ibis Gading Serpong,-6.247838,106.6265605,35.5,≥32米,酒店,GoogleV3坐标+2.5D高度,,2136.8
唐格朗,Aeropolis Crystal Residence 1,-6.2556375,106.6213859,35.5,≥32米,未分类,GoogleV3坐标+2.5D高度,,49.5
唐格朗,Electronic City,-6.2379609,106.6584195,35.5,≥32米,商业,GoogleV3坐标+2.5D高度,,"Jalan Kamal Cengkareng, Cengkareng Timur, West Jakarta"
唐格朗,Apartemen The Habitat,-6.2238278,106.6058843,35.5,≥32米,公寓,GoogleV3坐标+2.5D高度,,28.9
唐格朗,RSU Kecamatan Kembangan,-6.1633788,106.6241527,35.5,≥32米,未分类,GoogleV3坐标+2.5D高度,,481.4
唐格朗,W,-6.2422003,106.6282657,35.5,≥32米,未分类,GoogleV3坐标+2.5D高度,,197.7
唐格朗,Brooklyn Alam Sutera,-6.2382966,106.6575988,35.5,≥32米,公寓,GoogleV3坐标+2.5D高度,,471
唐格朗,RSUD Cengkareng,-6.142783,106.7349403,35.5,≥32米,医院,GoogleV3坐标+2.5D高度,,Jalan Gn. Galunggung Raya
唐格朗,Aeropolis Crystal Residence 1,-6.1905093,106.6708634,35.0,≥32米,未分类,GoogleV3坐标+2.5D高度,,46.7
唐格朗,Aeropolis Residence 2,-6.2247838,106.6417129,35.0,≥32米,写字楼,GoogleV3坐标+2.5D高度,,377.7
唐格朗,Dormitoy Tzu Chi,-6.1316954,106.7365124,35.0,≥32米,住宅,GoogleV3坐标+2.5D高度,,"Jalan Kamal Cengkareng, Cengkareng Timur, West Jakarta"
唐格朗,Electronic City,-6.1577184,106.712018,35.0,≥32米,公寓,GoogleV3坐标+2.5D高度,TNG-005,98.9
唐格朗,W,-6.2236292,106.6054523,35.0,≥32米,未分类,GoogleV3坐标+2.5D高度,,869.7
唐格朗,Tower Fritz,-6.2431299,106.6299291,35.0,≥32米,未分类,GoogleV3坐标+2.5D高度,,81.7
唐格朗,Zeal Residence,-6.1984078,106.6403989,35.0,≥32米,公寓,GoogleV3坐标+2.5D高度,,68.1
唐格朗,The Crest Vista Apartment,-6.1579392,106.7257255,35.0,≥32米,公寓,GoogleV3坐标+2.5D高度,,181.4
唐格朗,Tower D,-6.1631106,106.6241124,35.0,≥32米,公寓,GoogleV3坐标+2.5D高度,,220.1
唐格朗,Electronic City,-6.2616295,106.6168029,35.0,≥32米,公寓,GoogleV3坐标+2.5D高度,,567.8
唐格朗,Apartemen The Habitat,-6.2192622,106.6334882,35.0,≥32米,写字楼,GoogleV3坐标+2.5D高度,,609.9
唐格朗,Tower C,-6.2252926,106.6516844,35.0,≥32米,公寓,GoogleV3坐标+2.5D高度,,280.5
唐格朗,V,-6.255842,106.6215815,35.0,≥32米,住宅,GoogleV3坐标+2.5D高度,,1327.6
唐格朗,Apartemen The Habitat,-6.241807,106.6281522,35.0,≥32米,公寓,GoogleV3坐标+2.5D高度,,255.1
唐格朗,Tower Fritz,-6.2422982,106.6493716,35.0,≥32米,未分类,GoogleV3坐标+2.5D高度,,469.7
唐格朗,Zeal Residence,-6.2415516,106.6535026,35.0,≥32米,公寓,GoogleV3坐标+2.5D高度,,756.4
唐格朗,Grha SPT,-6.2271033,106.6060351,35.0,≥32米,未分类,GoogleV3坐标+2.5D高度,,1048.9
唐格朗,Tower D,-6.2443369,106.6244093,34.5,≥32米,公寓,GoogleV3坐标+2.5D高度,,46.8
唐格朗,Apartemen The Habitat,-6.1357311,106.732322,34.5,≥32米,公寓,GoogleV3坐标+2.5D高度,,217.9
唐格朗,Aeropolis Crystal Residence 2,-6.1393898,106.7308382,34.5,≥32米,公寓,GoogleV3坐标+2.5D高度,TNG-024,1413.2
唐格朗,Tower C,-6.2279298,106.6037028,34.5,≥32米,未分类,GoogleV3坐标+2.5D高度,,218.8
唐格朗,Silkar National,-6.1980324,106.7071537,34.5,≥32米,写字楼,GoogleV3坐标+2.5D高度,,666.8
唐格朗,RSUD Cengkareng,-6.2239847,106.6202684,34.5,≥32米,未分类,GoogleV3坐标+2.5D高度,,55.2
唐格朗,Grha SPT,-6.2629702,106.6177805,34.5,≥32米,写字楼,GoogleV3坐标+2.5D高度,,122.5
唐格朗,U Residence Tower 4,-6.2292411,106.5877308,34.5,≥32米,公寓,GoogleV3坐标+2.5D高度,,1284.7
唐格朗,Tower A Amartapura The Residential Palace,-6.1979859,106.6389783,34.5,≥32米,公寓,GoogleV3坐标+2.5D高度,,23.7
唐格朗,Aeropolis Crystal Residence 2,-6.1433942,106.6289746,34.0,≥32米,公寓,GoogleV3坐标+2.5D高度,,994.9
唐格朗,Apartemen The Habitat,-6.1613176,106.7174266,34.0,≥32米,未分类,GoogleV3坐标+2.5D高度,,26.6
唐格朗,Aeropolis Crystal Residence 2,-6.2304024,106.6091898,34.0,≥32米,未分类,GoogleV3坐标+2.5D高度,TNG-003,645.9
唐格朗,Tower Fritz,-6.1570794,106.7195521,34.0,≥32米,公寓,GoogleV3坐标+2.5D高度,,143.4
唐格朗,Zeal Residence,-6.1865142,106.633992,34.0,≥32米,未分类,GoogleV3坐标+2.5D高度,,299.1
唐格朗,Nabel Sakha Building,-6.2588502,106.6077721,34.0,≥32米,写字楼,GoogleV3坐标+2.5D高度,,303.1
唐格朗,U Residence Tower 4,-6.226987,106.6091266,34.0,≥32米,公寓,GoogleV3坐标+2.5D高度,,262
唐格朗,Tower A Amartapura The Residential Palace,-6.2327651,106.6100072,34.0,≥32米,公寓,GoogleV3坐标+2.5D高度,,58.7
唐格朗,Esa 8,-6.1557606,106.7286828,34.0,≥32米,写字楼,GoogleV3坐标+2.5D高度,TNG-012,151.7
唐格朗,Prima Sejahtera,-6.2241656,106.6647692,34.0,≥32米,写字楼,GoogleV3坐标+2.5D高度,,2736.3
唐格朗,V,-6.2360467,106.6251514,34.0,≥32米,未分类,GoogleV3坐标+2.5D高度,,44
唐格朗,Aeropolis Crystal Residence 1,-6.1639789,106.6241395,34.0,≥32米,公寓,GoogleV3坐标+2.5D高度,,1151
唐格朗,Robinson Plaza Tangerang,-6.2062995,106.6293107,34.0,≥32米,商场,GoogleV3坐标+2.5D高度,,1336.4
唐格朗,Orang Tua Group,-6.2258069,106.6423442,34.0,≥32米,写字楼,GoogleV3坐标+2.5D高度,,763
唐格朗,Mall Taman Palem,-6.1303395,106.7358986,33.5,≥32米,住宅,GoogleV3坐标+2.5D高度,,"Jalan Kamal Raya Outer Ring Road, Cengkareng, Jakarta Barat DKI Jakarta"
唐格朗,Aeropolis Lucent Tower,-6.2565398,106.6219536,33.5,≥32米,公寓,GoogleV3坐标+2.5D高度,,297.6
唐格朗,Hotel Aston,-6.1275043,106.6530192,33.5,≥32米,酒店,GoogleV3坐标+2.5D高度,,444.6
唐格朗,Esa 8,-6.2640814,106.6304021,33.5,≥32米,写字楼,GoogleV3坐标+2.5D高度,,1312.3
唐格朗,Apartemen City Park Tower H,-6.1307469,106.7362149,33.5,≥32米,公寓,GoogleV3坐标+2.5D高度,,893.2
唐格朗,V,-6.2516767,106.6555057,33.5,≥32米,未分类,GoogleV3坐标+2.5D高度,,671.5
唐格朗,RSUD Kota Tangerang,-6.2007059,106.6344822,33.5,≥32米,医院,GoogleV3坐标+2.5D高度,,"Jalan Pulau Putri Raya Perumahan Modernland, Tangerang"
唐格朗,Robinson Plaza Tangerang,-6.1746607,106.6296309,33.0,≥32米,商场,GoogleV3坐标+2.5D高度,,85.6
唐格朗,Mall Taman Palem,-6.1393913,106.7314444,33.0,≥32米,商场,GoogleV3坐标+2.5D高度,,"Jalan Kamal Raya Outer Ring Road, Cengkareng, Jakarta Barat DKI Jakarta"
唐格朗,Aeropolis Lucent Tower,-6.143834,106.6289479,33.0,≥32米,公寓,GoogleV3坐标+2.5D高度,,643.8
唐格朗,Hotel Aston,-6.1372712,106.7334416,33.0,≥32米,酒店,GoogleV3坐标+2.5D高度,,2494.6
唐格朗,Avery Tower,-6.133881,106.6461402,33.0,≥32米,公寓,GoogleV3坐标+2.5D高度,,236.9
唐格朗,Prima Sejahtera,-6.139645,106.7308585,33.0,≥32米,未分类,GoogleV3坐标+2.5D高度,TNG-024,136.6
唐格朗,Blue Green Office SBII,-6.1566594,106.7176848,33.0,≥32米,未分类,GoogleV3坐标+2.5D高度,,Jalan Ring Road Bojong - Cengkareng
唐格朗,Tower B Amartapura The Residential Palace,-6.2333688,106.610201,33.0,≥32米,公寓,GoogleV3坐标+2.5D高度,,113.2
唐格朗,Sienna Tower,-6.1336891,106.6859527,33.0,≥32米,公寓,GoogleV3坐标+2.5D高度,,92.4
唐格朗,Robinson Plaza Tangerang,-6.2413195,106.6274923,32.5,≥32米,公寓,GoogleV3坐标+2.5D高度,,3964.2
唐格朗,Nabel Sakha Building,-6.1362566,106.642045,32.5,≥32米,未分类,GoogleV3坐标+2.5D高度,,1399.3
唐格朗,Summarecon Mall Serpong,-6.2239496,106.605538,32.5,≥32米,商业,GoogleV3坐标+2.5D高度,,"Jl. Boulevard Gading Serpong, Sentra Gading Serpong, Pakulonan Barat, Kelapa Dua, Tangerang"
唐格朗,NBRS Corp,-6.1732025,106.7307117,32.5,≥32米,写字楼,GoogleV3坐标+2.5D高度,,141.5
唐格朗,Esa 8,-6.1606933,106.7164184,32.5,≥32米,公寓,GoogleV3坐标+2.5D高度,,289.9
唐格朗,Avery Tower,-6.2423831,106.6324293,32.0,≥32米,公寓,GoogleV3坐标+2.5D高度,,52
唐格朗,Prima Sejahtera,-6.232821,106.610638,32.0,≥32米,未分类,GoogleV3坐标+2.5D高度,TNG-023,187.7
唐格朗,Blue Green Office SBII,-6.1767537,106.729183,32.0,≥32米,未分类,GoogleV3坐标+2.5D高度,,Jalan Ring Road Bojong - Cengkareng
唐格朗,Robinson Plaza Tangerang,-6.1722311,106.671024,32.0,≥32米,未分类,GoogleV3坐标+2.5D高度,,101.2
唐格朗,Mall Taman Palem,-6.195197,106.7240263,32.0,≥32米,公寓,GoogleV3坐标+2.5D高度,TNG-022,328
唐格朗,Aeropolis Lucent Tower,-6.1361231,106.646727,32.0,≥32米,未分类,GoogleV3坐标+2.5D高度,,4091.2
唐格朗,Summarecon Mall Serpong,-6.2402924,106.6283669,32.0,≥32米,商业,GoogleV3坐标+2.5D高度,,"Jl. Boulevard Gading Serpong, Sentra Gading Serpong, Pakulonan Barat, Kelapa Dua, Tangerang"
唐格朗,NBRS Corp,-6.2635852,106.7153642,32.0,≥32米,写字楼,GoogleV3坐标+2.5D高度,,102.3
望加锡,Menara Bosowa,-5.1348019,119.41426,109.0,≥80米,写字楼,GoogleV3坐标+CTBUH真高,,1559.4
望加锡,Gammara Hotel,-5.1573224,119.4045132,95.5,≥80米,酒店,GoogleV3坐标+2.5D高度,,2770
望加锡,Brentsville Tower,-5.1551827,119.4421669,94.5,≥80米,公寓,GoogleV3坐标+2.5D高度,,1097.1
望加锡,Arthama Hotel Makassar,-5.1482069,119.4105611,91.5,≥80米,酒店,GoogleV3坐标+2.5D高度,MKS-001,31.9
望加锡,,-5.1676314,119.428314,91.5,≥80米,未分类,GoogleV3坐标+2.5D高度,,161
望加锡,,-5.15013,119.3943793,88.5,≥80米,公寓,GoogleV3坐标+2.5D高度,,1480
望加锡,,-5.1548066,119.4423544,85.5,≥80米,公寓,GoogleV3坐标+2.5D高度,,48.1
望加锡,Melia Makassar,-5.1503453,119.4150135,82.5,≥80米,酒店,GoogleV3坐标+2.5D高度,,1629.5
望加锡,,-5.1532973,119.4388208,79.0,≥64米,公寓,GoogleV3坐标+2.5D高度,,70.4
望加锡,Multi Niaga Junction,-5.1770501,119.4567318,79.0,≥64米,商业,GoogleV3坐标+2.5D高度,,"Jalan Aroepala, MAKASSAR"
望加锡,MYKO Hotel & Convention Center Makassar,-5.157024,119.4473424,77.5,≥64米,酒店,GoogleV3坐标+2.5D高度,,95.7
望加锡,MYKO Hotel & Convention Center Makassar,-5.0928894,119.498059,77.0,≥64米,未分类,GoogleV3坐标+2.5D高度,MKS-002,80.8
望加锡,The Rinra Hotel,-5.1528988,119.403924,76.0,≥64米,酒店,GoogleV3坐标+2.5D高度,,62.3
望加锡,Hotel Aston Makassar,-5.1372168,119.4080973,76.0,≥64米,酒店,GoogleV3坐标+2.5D高度,,1535
望加锡,Teraskita Hotel,-5.1606048,119.4356517,72.5,≥64米,酒店,GoogleV3坐标+2.5D高度,,145.1
望加锡,Wisma Kalla,-5.1490498,119.4151492,68.5,≥64米,商业,GoogleV3坐标+2.5D高度,,73.1
望加锡,The Rinra Hotel,-5.1395306,119.4139143,67.5,≥64米,未分类,GoogleV3坐标+2.5D高度,MKS-003,609.7
望加锡,Wisma Kalla,-5.1110156,119.5102455,66.0,≥64米,未分类,GoogleV3坐标+2.5D高度,MKS-004,237.7
望加锡,Dalton Hotel,-5.0905255,119.5154811,65.0,≥64米,酒店,GoogleV3坐标+2.5D高度,,934
望加锡,Dalton Hotel,-5.1527721,119.4166363,65.0,≥64米,未分类,GoogleV3坐标+2.5D高度,,479.8
望加锡,,-5.1164009,119.4110685,65.0,≥64米,未分类,GoogleV3坐标+2.5D高度,MKS-005,864
望加锡,Ibis Styles,-5.1488033,119.4160752,64.0,≥64米,未分类,GoogleV3坐标+2.5D高度,,223
望加锡,Ibis Styles,-5.1392644,119.4499103,64.0,≥64米,未分类,GoogleV3坐标+2.5D高度,,1100.4
望加锡,,-5.1382191,119.4501374,63.5,≥48米,未分类,GoogleV3坐标+2.5D高度,,40.8
望加锡,,-5.1308709,119.405672,63.0,≥48米,未分类,GoogleV3坐标+2.5D高度,,15
望加锡,Claro Hotel & Convention,-5.168926,119.4319842,63.0,≥48米,酒店,GoogleV3坐标+2.5D高度,,960
望加锡,Hotel Karebosi,-5.1326604,119.4139398,62.0,≥48米,酒店,GoogleV3坐标+2.5D高度,,145.2
望加锡,Hotel Karebosi,-5.1394148,119.4141532,62.0,≥48米,未分类,GoogleV3坐标+2.5D高度,MKS-003,44.1
望加锡,Menara Bank Mega,-5.1616054,119.3949068,61.5,≥48米,商业,GoogleV3坐标+2.5D高度,,1868.4
望加锡,Claro Hotel & Convention,-5.1558991,119.4382729,61.0,≥48米,未分类,GoogleV3坐标+2.5D高度,MKS-006,150.9
望加锡,Hotel Karebosi,-5.1389072,119.4488278,60.5,≥48米,未分类,GoogleV3坐标+2.5D高度,,1110.2
望加锡,Lyn Hotel,-5.1622878,119.4441786,59.0,≥48米,公寓,GoogleV3坐标+2.5D高度,,155.6
望加锡,Hotel Karebosi,-5.1369442,119.4102909,58.5,≥48米,未分类,GoogleV3坐标+2.5D高度,MKS-007,70.3
望加锡,Hotel Golden Tulip Essential,-5.1403232,119.4106673,58.0,≥48米,酒店,GoogleV3坐标+2.5D高度,,98
望加锡,,-5.0928619,119.4978452,57.5,≥48米,未分类,GoogleV3坐标+2.5D高度,MKS-002,117.3
望加锡,McDonald's,-5.1400483,119.4460315,57.5,≥48米,医院,GoogleV3坐标+2.5D高度,,"Jalan Adyaksa, Kecamatan Panakukang, Makassar"
望加锡,,-5.1624442,119.4350823,57.0,≥48米,医院,GoogleV3坐标+2.5D高度,,590.2
望加锡,RS Sandi Karsa Makassar,-5.1492169,119.4390494,56.5,≥48米,医院,GoogleV3坐标+2.5D高度,,3286.2
望加锡,McDonald's,-5.1584386,119.4473933,55.5,≥48米,未分类,GoogleV3坐标+2.5D高度,,"Jalan Adyaksa, Kecamatan Panakukang, Makassar"
望加锡,Hotel Golden Tulip Essential,-5.1148277,119.4095314,55.0,≥48米,工业,GoogleV3坐标+2.5D高度,,590.2
望加锡,Daya Grand Square,-5.1106424,119.5102525,54.5,≥48米,商场,GoogleV3坐标+2.5D高度,,3286.2
望加锡,Demelia Hotel,-5.1498003,119.4360466,54.5,≥48米,酒店,GoogleV3坐标+2.5D高度,,52.7
望加锡,Swiss-BelHotel Makassar,-5.139618,119.4500754,54.5,≥48米,酒店,GoogleV3坐标+2.5D高度,,Jalan Ujung Pandang
望加锡,Demelia Hotel,-5.1413468,119.4082516,54.5,≥48米,酒店,GoogleV3坐标+2.5D高度,,199.5
望加锡,Black Canyon,-5.1662143,119.4336348,54.0,≥48米,未分类,GoogleV3坐标+2.5D高度,MKS-008,946.5
望加锡,Swiss-BelHotel Makassar,-5.1359838,119.4044248,54.0,≥48米,酒店,GoogleV3坐标+2.5D高度,,Jalan Ujung Pandang
望加锡,Makassar Mal,-5.1579763,119.3944934,53.5,≥48米,未分类,GoogleV3坐标+2.5D高度,,147.9
望加锡,RS Sandi Karsa Makassar,-5.1401811,119.4462802,53.0,≥48米,医院,GoogleV3坐标+2.5D高度,,827.8
望加锡,Black Canyon,-5.1363244,119.4069503,52.5,≥48米,未分类,GoogleV3坐标+2.5D高度,,222.1
望加锡,Ibis Makassar City Center,-5.1447209,119.4104853,51.0,≥48米,未分类,GoogleV3坐标+2.5D高度,,62
望加锡,Makassar Mal,-5.1292205,119.4142765,51.0,≥48米,未分类,GoogleV3坐标+2.5D高度,,3314.6
望加锡,Demelia Hotel,-5.135152,119.4886331,51.0,≥48米,未分类,GoogleV3坐标+2.5D高度,,827.8
望加锡,Kantor Bank BCA,-5.1393926,119.4138338,50.0,≥48米,商业,GoogleV3坐标+2.5D高度,MKS-003,314.1
望加锡,Amaris Hotel Hertasning Makassar,-5.1294781,119.41485,50.0,≥48米,酒店,GoogleV3坐标+2.5D高度,,40.7
望加锡,Kantor Bank BCA,-5.0975523,119.4744374,50.0,≥48米,商业,GoogleV3坐标+2.5D高度,,209.1
望加锡,Gedung FAJAR Graha Pena,-5.1362559,119.4417083,49.5,≥48米,商业,GoogleV3坐标+2.5D高度,,3664.8
望加锡,Kantor Bank BCA,-5.1559045,119.4389539,49.5,≥48米,商业,GoogleV3坐标+2.5D高度,,2129
望加锡,Amaris Hotel Hertasning Makassar,-5.1622513,119.4437433,49.0,≥48米,酒店,GoogleV3坐标+2.5D高度,,24.6
望加锡,Ibis Makassar City Center,-5.1579503,119.4517969,49.0,≥48米,未分类,GoogleV3坐标+2.5D高度,,62.3
望加锡,PCC,-5.1346374,119.4959416,49.0,≥48米,医院,GoogleV3坐标+2.5D高度,,506.2
望加锡,travller hotel,-5.1684677,119.4321369,48.5,≥48米,酒店,GoogleV3坐标+2.5D高度,,15.6
望加锡,Hotel Karebosi,-5.1694998,119.4320831,48.5,≥48米,工业,GoogleV3坐标+2.5D高度,,68.3
望加锡,travller hotel,-5.1493699,119.411009,48.5,≥48米,酒店,GoogleV3坐标+2.5D高度,,135.9
望加锡,Amaris Hotel Hertasning Makassar,-5.1111235,119.5103747,48.0,≥48米,未分类,GoogleV3坐标+2.5D高度,MKS-004,377.6
望加锡,Hotel Wisata II UIT,-5.1534939,119.4391932,48.0,≥48米,公寓,GoogleV3坐标+2.5D高度,,506.2
望加锡,Gedung FAJAR Graha Pena,-5.1149845,119.4098758,47.0,≥40米,工业,GoogleV3坐标+2.5D高度,,809.5
望加锡,Hotel Vindhika Kota Makassar,-5.1590008,119.4440653,46.5,≥40米,酒店,GoogleV3坐标+2.5D高度,,156.7
望加锡,Pesona Hotel,-5.1322912,119.4262632,46.0,≥40米,酒店,GoogleV3坐标+2.5D高度,,39.4
望加锡,Hotel Wisata II UIT,-5.1481277,119.4106806,46.0,≥40米,公寓,GoogleV3坐标+2.5D高度,MKS-001,"Jalan Topaz Raya, Makassar"
望加锡,Telkomsel,-5.1166665,119.411413,45.5,≥40米,未分类,GoogleV3坐标+2.5D高度,,40.8
望加锡,PCC,-5.1479563,119.4160447,45.5,≥40米,未分类,GoogleV3坐标+2.5D高度,,1639.2
望加锡,Pesona Hotel,-5.1528596,119.4151502,45.0,≥40米,酒店,GoogleV3坐标+2.5D高度,,973.1
望加锡,ROYAL APARTEMEN,-5.1534691,119.4394833,45.0,≥40米,公寓,GoogleV3坐标+2.5D高度,,"Jalan Topaz Raya, Makassar"
望加锡,Telkomsel,-5.0919575,119.5139256,45.0,≥40米,未分类,GoogleV3坐标+2.5D高度,,202.1
望加锡,Gedung II Univ BOSOWA,-5.0947446,119.474287,44.5,≥40米,未分类,GoogleV3坐标+2.5D高度,MKS-009,Makassar
望加锡,RS Sandi Karsa Makassar,-5.1487203,119.4388294,44.5,≥40米,医院,GoogleV3坐标+2.5D高度,,62.3
望加锡,RSIA Pertiwi,-5.1402335,119.4140969,44.5,≥40米,医院,GoogleV3坐标+2.5D高度,,"Jalan Jend. Sudirman No.14, Sawerigading, Kec. Ujung Pandang, Kota Makassar, Sulawesi Selatan 90112"
望加锡,Pesona Hotel,-5.1501918,119.4071686,44.5,≥40米,医院,GoogleV3坐标+2.5D高度,,51.2
望加锡,Hotel Wisata II UIT,-5.0936881,119.4974765,44.0,≥40米,未分类,GoogleV3坐标+2.5D高度,,77.5
望加锡,Telkomsel,-5.1196813,119.408378,44.0,≥40米,工业,GoogleV3坐标+2.5D高度,,156.4
望加锡,Grand Cendrawasih Hotel,-5.1730074,119.4088199,44.0,≥40米,酒店,GoogleV3坐标+2.5D高度,,189.3
望加锡,Red Planet Hotel,-5.1607058,119.4170084,44.0,≥40米,酒店,GoogleV3坐标+2.5D高度,,30.2
望加锡,Rumah Sakit Grestelina,-5.1629171,119.4458709,44.0,≥40米,医院,GoogleV3坐标+2.5D高度,,"Jl. Letjen Hertasning No.51, Pandang, Kec. Panakkukang, Kota Makassar, Sulawesi Selatan 90222"
望加锡,RS Pendidikan Unhas Bagian Mata,-5.13533,119.4955232,44.0,≥40米,医院,GoogleV3坐标+2.5D高度,,Jalan Perintis Kemerdekaan Nomor KM 10
望加锡,Gedung II Univ BOSOWA,-5.1385837,119.4434624,43.5,≥40米,未分类,GoogleV3坐标+2.5D高度,,Makassar
望加锡,Claro Hotel & Convention,-5.1858856,119.4293326,43.0,≥40米,酒店,GoogleV3坐标+2.5D高度,,2424.3
望加锡,Fave Hotel Losari,-5.1430989,119.4097237,43.0,≥40米,酒店,GoogleV3坐标+2.5D高度,,62.3
望加锡,Gedung II Univ BOSOWA,-5.1213708,119.4373319,43.0,≥40米,工业,GoogleV3坐标+2.5D高度,,51.2
望加锡,Rumah Sakit Grestelina,-5.1051661,119.4580536,42.5,≥40米,未分类,GoogleV3坐标+2.5D高度,,69.4
望加锡,RS Sandi Karsa Makassar,-5.1145889,119.4099109,42.5,≥40米,工业,GoogleV3坐标+2.5D高度,,787.2
望加锡,Aryaduta Makassar,-5.0926862,119.4978746,42.5,≥40米,未分类,GoogleV3坐标+2.5D高度,MKS-002,358.1
望加锡,Claro Hotel & Convention,-5.0934464,119.496944,42.5,≥40米,未分类,GoogleV3坐标+2.5D高度,,176.7
望加锡,HOTEL DENPASAR,-5.1562095,119.4456107,42.0,≥40米,商业,GoogleV3坐标+2.5D高度,,82.3
望加锡,Menara Bosowa,-5.0933734,119.4976638,41.5,≥40米,写字楼,GoogleV3坐标+2.5D高度,,21.6
望加锡,Hotel Santika Makassar,-5.0782602,119.515884,41.0,≥40米,酒店,GoogleV3坐标+2.5D高度,,58.3
望加锡,Rumah Sakit Grestelina,-5.1611848,119.4455563,41.0,≥40米,未分类,GoogleV3坐标+2.5D高度,,147.2
望加锡,RS Pendidikan Unhas Bagian Mata,-5.1145319,119.4094154,40.5,≥40米,工业,GoogleV3坐标+2.5D高度,,661.8
望加锡,Monumen Mandala,-5.1368548,119.4100957,40.5,≥40米,未分类,GoogleV3坐标+2.5D高度,MKS-007,320.1
望加锡,Claro Hotel & Convention,-5.158776,119.394577,40.5,≥40米,未分类,GoogleV3坐标+2.5D高度,,12081.8
望加锡,Aryaduta Makassar,-5.1460367,119.4091048,40.5,≥40米,未分类,GoogleV3坐标+2.5D高度,,1063.9
望加锡,Hotel Amaris,-5.0986768,119.5007169,40.5,≥40米,酒店,GoogleV3坐标+2.5D高度,,28.6
望加锡,Hotel Santika Makassar,-5.09247,119.4979653,40.5,≥40米,未分类,GoogleV3坐标+2.5D高度,MKS-002,353.3
望加锡,Rumah Sakit Grestelina,-5.1342726,119.4329577,40.0,≥40米,商业,GoogleV3坐标+2.5D高度,,2636.3
望加锡,Menara Bosowa,-5.1344518,119.4143612,40.0,≥40米,写字楼,GoogleV3坐标+2.5D高度,,1451
望加锡,Aryaduta Makassar,-5.144404,119.4104621,40.0,≥40米,未分类,GoogleV3坐标+2.5D高度,,53
望加锡,Hotel Santika Makassar,-5.1407284,119.4100685,40.0,≥40米,酒店,GoogleV3坐标+2.5D高度,,772.1
望加锡,Indomaret,-5.1739818,119.4000488,40.0,≥40米,商业,GoogleV3坐标+2.5D高度,,284.8
望加锡,HOTEL DENPASAR,-5.1399631,119.4457654,40.0,≥40米,医院,GoogleV3坐标+2.5D高度,,619.5
望加锡,Menara Bosowa,-5.1468449,119.4371696,39.5,≥32米,未分类,GoogleV3坐标+2.5D高度,,132.9
望加锡,Claro Hotel & Convention,-5.1141303,119.4098626,39.5,≥32米,工业,GoogleV3坐标+2.5D高度,,1003.9
望加锡,Monumen Mandala,-5.137646,119.4136558,39.5,≥32米,未分类,GoogleV3坐标+2.5D高度,,434.4
望加锡,Aryaduta Makassar,-5.1338667,119.4258332,39.5,≥32米,未分类,GoogleV3坐标+2.5D高度,MKS-010,70.1
望加锡,RS Sandi Karsa Makassar,-5.1680048,119.4279613,39.5,≥32米,未分类,GoogleV3坐标+2.5D高度,,1081.2
望加锡,PCC,-5.1342703,119.495778,39.5,≥32米,医院,GoogleV3坐标+2.5D高度,,227.8
望加锡,Hotel Amaris,-5.1412608,119.43942,39.0,≥32米,酒店,GoogleV3坐标+2.5D高度,,Makassar
望加锡,Menara Bosowa,-5.1166513,119.4111202,39.0,≥32米,未分类,GoogleV3坐标+2.5D高度,MKS-005,1038.4
望加锡,Aryaduta Makassar,-5.0777705,119.5156142,39.0,≥32米,未分类,GoogleV3坐标+2.5D高度,,72
望加锡,Whiz Prime Hotel Makassar,-5.1834842,119.4402037,39.0,≥32米,酒店,GoogleV3坐标+2.5D高度,MKS-011,598.7
望加锡,Indomaret,-5.1681263,119.4319205,39.0,≥32米,商业,GoogleV3坐标+2.5D高度,,558.7
望加锡,ASYRA HOTEL,-5.1324032,119.4272756,38.5,≥32米,酒店,GoogleV3坐标+2.5D高度,,Jalan Maipa
望加锡,Fave Hotel Losari,-5.1835753,119.440424,38.5,≥32米,酒店,GoogleV3坐标+2.5D高度,MKS-011,169.8
望加锡,Ibis Styles,-5.1397857,119.4108461,38.5,≥32米,未分类,GoogleV3坐标+2.5D高度,,451.4
望加锡,Hotel Remcy Panakkukang,-5.1561591,119.4399815,38.5,≥32米,酒店,GoogleV3坐标+2.5D高度,,227.8
望加锡,Gedung I Univ BOSOWA,-5.1387568,119.4440241,38.0,≥32米,未分类,GoogleV3坐标+2.5D高度,,Makassar
望加锡,Reruntuhan / Bauruine / hulk,-5.1405813,119.4089346,38.0,≥32米,未分类,GoogleV3坐标+2.5D高度,,518.2
望加锡,Whiz Prime Hotel Makassar,-5.0844423,119.4643616,37.5,≥32米,酒店,GoogleV3坐标+2.5D高度,,275.8
望加锡,Best Western Plus,-5.125304,119.4848978,37.5,≥32米,未分类,GoogleV3坐标+2.5D高度,,614.4
望加锡,Monumen Mandala,-5.1560786,119.4382479,37.5,≥32米,未分类,GoogleV3坐标+2.5D高度,MKS-006,153
望加锡,Whiz Prime Hotel Makassar,-5.1422967,119.4142379,37.5,≥32米,酒店,GoogleV3坐标+2.5D高度,,338
望加锡,Hotel Remcy Panakkukang,-5.1446628,119.4089577,37.5,≥32米,未分类,GoogleV3坐标+2.5D高度,,53.5
望加锡,ASYRA HOTEL,-5.1453364,119.4105594,37.5,≥32米,工业,GoogleV3坐标+2.5D高度,,Jalan Maipa
望加锡,BARUGA TELKOMSEL,-5.1717482,119.431949,37.0,≥32米,住宅,GoogleV3坐标+2.5D高度,,48.4
望加锡,Whiz Prime Hotel Makassar,-5.1397449,119.4138562,37.0,≥32米,未分类,GoogleV3坐标+2.5D高度,MKS-003,223.2
望加锡,UpperHills,-5.1585559,119.4018773,37.0,≥32米,未分类,GoogleV3坐标+2.5D高度,,4831.9
望加锡,BRI,-5.1323909,119.4076884,37.0,≥32米,未分类,GoogleV3坐标+2.5D高度,,Jalan Racing Center 1
望加锡,Reruntuhan / Bauruine / hulk,-5.1529158,119.40575,37.0,≥32米,未分类,GoogleV3坐标+2.5D高度,,320.1
望加锡,Best Western Plus,-5.1443417,119.4133185,36.5,≥32米,未分类,GoogleV3坐标+2.5D高度,,412.7
望加锡,Celebes Convention Centre,-5.1283609,119.4988391,36.5,≥32米,未分类,GoogleV3坐标+2.5D高度,,387.1
望加锡,Fave Hotel Losari,-5.0847073,119.4642441,36.5,≥32米,宿舍,GoogleV3坐标+2.5D高度,,285
望加锡,RS SIloam,-5.1498292,119.4073916,36.5,≥32米,医院,GoogleV3坐标+2.5D高度,,"Metro Tanjung Bunga Kav. 9 Makassar, Sulawesi Selatan"
望加锡,Balai Kencana,-5.158331,119.4468303,36.0,≥32米,未分类,GoogleV3坐标+2.5D高度,,53
望加锡,Aryaduta Makassar,-5.1331325,119.4054108,36.0,≥32米,未分类,GoogleV3坐标+2.5D高度,,111.1
望加锡,Makassar Mal,-5.1228962,119.4119711,35.5,≥32米,住宅,GoogleV3坐标+2.5D高度,,394.5
望加锡,Hotel Remcy Panakkukang,-5.1349879,119.4953136,35.5,≥32米,未分类,GoogleV3坐标+2.5D高度,,28.9
望加锡,Warung Indah Nusantara,-5.0930658,119.4975276,35.5,≥32米,未分类,GoogleV3坐标+2.5D高度,,112.7
望加锡,HOTEL RAISING,-5.1448454,119.45255,35.0,≥32米,公寓,GoogleV3坐标+2.5D高度,,Jalan Racing Center 1
望加锡,Whiz Prime Hotel Makassar,-5.0932912,119.4973298,35.0,≥32米,工业,GoogleV3坐标+2.5D高度,,21.3
望加锡,Grand Sayang Park Hotel,-5.1673943,119.4016968,35.0,≥32米,酒店,GoogleV3坐标+2.5D高度,,Jalan Manunggal
望加锡,Grand Sayang Park Hotel,-5.1308962,119.4267949,35.0,≥32米,未分类,GoogleV3坐标+2.5D高度,,20.1
望加锡,Celebes Convention Centre,-5.1538888,119.4035986,35.0,≥32米,未分类,GoogleV3坐标+2.5D高度,,5924.1
望加锡,Celebes Convention Centre,-5.0832425,119.5112071,35.0,≥32米,宿舍,GoogleV3坐标+2.5D高度,,506
望加锡,Mitsubishi Makassar,-5.1399502,119.4472244,35.0,≥32米,商业,GoogleV3坐标+2.5D高度,,101.4
望加锡,Fave Hotel Losari,-5.1758342,119.4085181,35.0,≥32米,未分类,GoogleV3坐标+2.5D高度,,31.8
望加锡,RSB Restu,-5.1492745,119.4142683,35.0,≥32米,医院,GoogleV3坐标+2.5D高度,,20.3
望加锡,BARUGA TELKOMSEL,-5.1606448,119.4159036,34.5,≥32米,未分类,GoogleV3坐标+2.5D高度,,229.6
望加锡,BARUGA TELKOMSEL,-5.1312232,119.4217977,34.5,≥32米,未分类,GoogleV3坐标+2.5D高度,,533.7
望加锡,Ibis Styles,-5.1080597,119.5089292,34.5,≥32米,未分类,GoogleV3坐标+2.5D高度,,154.6
望加锡,Makassar Mal,-5.1289589,119.4145639,34.5,≥32米,未分类,GoogleV3坐标+2.5D高度,,675.4
望加锡,Warung Indah Nusantara,-5.1659024,119.4271725,34.5,≥32米,未分类,GoogleV3坐标+2.5D高度,,29.8
望加锡,Panakkukang XXI,-5.0926644,119.5082285,34.5,≥32米,公寓,GoogleV3坐标+2.5D高度,,889.1
望加锡,Whiz Prime Hotel Makassar,-5.1479571,119.4725039,34.0,≥32米,工业,GoogleV3坐标+2.5D高度,,90.6
望加锡,Best Western Plus,-5.0949835,119.4742795,34.0,≥32米,未分类,GoogleV3坐标+2.5D高度,MKS-009,369
望加锡,Celebes Convention Centre,-5.1497762,119.3940802,34.0,≥32米,未分类,GoogleV3坐标+2.5D高度,,221
望加锡,Celebes Convention Centre,-5.1761685,119.408628,34.0,≥32米,未分类,GoogleV3坐标+2.5D高度,,83.5
望加锡,Trans Studio Mall,-5.1582869,119.448118,34.0,≥32米,商业,GoogleV3坐标+2.5D高度,,"Jalan Metro Tanjung Bunga, Makassar"
望加锡,UpperHills,-5.1485949,119.4153362,33.5,≥32米,未分类,GoogleV3坐标+2.5D高度,,508.2
望加锡,Fox Lite Royal Bay Makassar,-5.0845914,119.4639728,33.5,≥32米,未分类,GoogleV3坐标+2.5D高度,,294.9
望加锡,Panakkukang XXI,-5.0927081,119.4972605,33.5,≥32米,未分类,GoogleV3坐标+2.5D高度,,42.6
望加锡,Grand Populer,-5.1310566,119.4063743,33.5,≥32米,未分类,GoogleV3坐标+2.5D高度,,188.3
望加锡,Panakkukang XXI,-5.1578918,119.4472513,33.0,≥32米,未分类,GoogleV3坐标+2.5D高度,,4398.9
望加锡,Panakkukang XXI,-5.1496217,119.3944405,33.0,≥32米,未分类,GoogleV3坐标+2.5D高度,,346.1
望加锡,HOTEL RAISING,-5.1583041,119.4485704,33.0,≥32米,未分类,GoogleV3坐标+2.5D高度,,2988.8
望加锡,Telkomsel,-5.147686,119.416455,33.0,≥32米,未分类,GoogleV3坐标+2.5D高度,,38
望加锡,Wisma Negara,-5.1469976,119.4019507,32.5,≥32米,未分类,GoogleV3坐标+2.5D高度,,3095.8
望加锡,Panakkukang XXI,-5.1341064,119.4258066,32.5,≥32米,未分类,GoogleV3坐标+2.5D高度,MKS-010,44.4
望加锡,HOTEL RAISING,-5.1613891,119.3938493,32.0,≥32米,未分类,GoogleV3坐标+2.5D高度,,51.7
望加锡,Mitsubishi Makassar,-5.1596361,119.3938665,32.0,≥32米,未分类,GoogleV3坐标+2.5D高度,,1254.7
望加锡,Almadera Hotel,-5.1426206,119.4083434,32.0,≥32米,酒店,GoogleV3坐标+2.5D高度,,379
望加锡,Trans Studio Mall,-5.1598622,119.3945684,32.0,≥32米,商业,GoogleV3坐标+2.5D高度,,"Jalan Metro Tanjung Bunga, Makassar"
望加锡,Fox Lite Royal Bay Makassar,-5.1389146,119.4092161,32.0,≥32米,未分类,GoogleV3坐标+2.5D高度,,737.2
望加锡,Warkop Dg Anas Faisal,-5.1661054,119.4337818,32.0,≥32米,未分类,GoogleV3坐标+2.5D高度,MKS-008,42.1
望加锡,Panakkukang XXI,-5.157539,119.4473495,32.0,≥32米,未分类,GoogleV3坐标+2.5D高度,,453.5
望加锡,Makassar Mal,-5.1348318,119.4351775,32.0,≥32米,医院,GoogleV3坐标+2.5D高度,,675.4
棉兰,JW Marriott Hotel Medan (Best & Grow Tower),3.596567,98.6758419,108.0,≥80米,酒店,GoogleV3坐标+CTBUH真高,,"Jalan Putri Hijau, Medan"
棉兰,Tribeca Condominium Northern,3.5932837,98.6734308,103.0,≥80米,公寓,GoogleV3坐标+CTBUH真高,MDN-001,351.3
棉兰,Tribeca Condominium Southern Tower,3.5930443,98.6739049,99.0,≥80米,公寓,GoogleV3坐标+2.5D高度,,298.7
棉兰,DeliPark Mall,3.5938601,98.6743082,99.0,≥80米,商场,GoogleV3坐标+2.5D高度,MDN-002,614
棉兰,DeliPark Mall,3.5942127,98.6732534,97.5,≥80米,未分类,GoogleV3坐标+2.5D高度,MDN-003,529.3
棉兰,,3.5907683,98.6263161,95.5,≥80米,公寓,GoogleV3坐标+2.5D高度,,864.5
棉兰,Tribeca Condominium Southern Tower,3.5964833,98.6790165,95.5,≥80米,公寓,GoogleV3坐标+2.5D高度,,848.4
棉兰,DeliPark Mall,3.5923176,98.6807105,94.0,≥80米,公寓,GoogleV3坐标+2.5D高度,MDN-004,340.1
棉兰,DeliPark Mall,3.5942464,98.6752917,94.0,≥80米,未分类,GoogleV3坐标+2.5D高度,MDN-005,306.6
棉兰,DeliPark Mall,3.5862117,98.6664525,92.0,≥80米,医院,GoogleV3坐标+2.5D高度,,437.6
棉兰,Capital Building,3.5862403,98.666819,89.5,≥80米,医院,GoogleV3坐标+2.5D高度,,1287.8
棉兰,Capital Building,3.6588228,98.6924188,86.5,≥80米,公寓,GoogleV3坐标+2.5D高度,,280.7
棉兰,Capital Building,3.5936845,98.6757984,82.5,≥80米,未分类,GoogleV3坐标+2.5D高度,MDN-006,1287.8
棉兰,Capital Building,3.5580016,98.6443622,82.5,≥80米,公寓,GoogleV3坐标+2.5D高度,,1094.5
棉兰,BRI,3.6003938,98.7103423,81.0,≥80米,未分类,GoogleV3坐标+2.5D高度,MDN-007,532.4
棉兰,De'Prima Apartemen,3.5902469,98.6266994,80.5,≥80米,公寓,GoogleV3坐标+2.5D高度,MDN-008,311.6
棉兰,BRI,3.593574,98.6770008,80.0,≥80米,未分类,GoogleV3坐标+2.5D高度,,1377
棉兰,The Royal Residence & Condominium,3.5834614,98.6777429,78.5,≥64米,公寓,GoogleV3坐标+2.5D高度,,983.8
棉兰,De'Prima Apartemen,3.5975771,98.6567032,77.5,≥64米,公寓,GoogleV3坐标+2.5D高度,,"Kapten Maulana Lubis, Medan"
棉兰,The Royal Residence & Condominium,3.6004684,98.7099039,77.0,≥64米,未分类,GoogleV3坐标+2.5D高度,MDN-009,468
棉兰,De'Prima Apartemen,3.5935289,98.674186,77.0,≥64米,未分类,GoogleV3坐标+2.5D高度,,117.2
棉兰,Grand Palladium Mall,3.5903738,98.6736559,76.0,≥64米,商场,GoogleV3坐标+2.5D高度,,"Kapten Maulana Lubis, Medan"
棉兰,Plaza CIMB Niaga,3.5969263,98.6793987,75.5,≥64米,商场,GoogleV3坐标+2.5D高度,,"Jalan Imam Bonjol, Medan"
棉兰,Bank SUMUT,3.6008235,98.7098804,74.0,≥64米,商业,GoogleV3坐标+2.5D高度,,"Zainul Arifin, Medan"
棉兰,Plaza CIMB Niaga,3.5864744,98.6743576,73.0,≥64米,商场,GoogleV3坐标+2.5D高度,,"Jalan Imam Bonjol, Medan"
棉兰,Bank SUMUT,3.5831222,98.6749913,71.5,≥64米,商业,GoogleV3坐标+2.5D高度,,"Zainul Arifin, Medan"
棉兰,The Reiz Condo,3.5851964,98.7040541,71.5,≥64米,公寓,GoogleV3坐标+2.5D高度,,"Jl Tembakau Deli No. 1, Medan"
棉兰,Grand Palladium Mall,3.5814876,98.6717277,71.0,≥64米,商场,GoogleV3坐标+2.5D高度,,"Kapten Maulana Lubis, Medan"
棉兰,The Royal Residence & Condominium,3.5837965,98.6779666,69.5,≥64米,公寓,GoogleV3坐标+2.5D高度,,848.4
棉兰,The Reiz Condo,3.5925,98.6761686,69.0,≥64米,公寓,GoogleV3坐标+2.5D高度,,"Jl Tembakau Deli No. 1, Medan"
棉兰,Grand Palladium Mall,3.5900955,98.6738964,68.0,≥64米,商场,GoogleV3坐标+2.5D高度,,"Kapten Maulana Lubis, Medan"
棉兰,RS Siloma Dhirga Surya,3.5857357,98.6736161,68.0,≥64米,医院,GoogleV3坐标+2.5D高度,,641.3
棉兰,Cambridge City Square Condominium III,3.5849252,98.6672923,67.5,≥64米,公寓,GoogleV3坐标+2.5D高度,,132.3
棉兰,Grand Palladium Mall,3.5903442,98.6769086,67.0,≥64米,未分类,GoogleV3坐标+2.5D高度,MDN-010,1108.3
棉兰,The Royal Residence & Condominium,3.5943081,98.6734901,66.0,≥64米,未分类,GoogleV3坐标+2.5D高度,MDN-003,1202.1
棉兰,The Reiz Condo,3.5943345,98.6755303,66.0,≥64米,未分类,GoogleV3坐标+2.5D高度,MDN-005,641.3
棉兰,Grand Palladium Mall,3.5924698,98.6807645,65.5,≥64米,公寓,GoogleV3坐标+2.5D高度,MDN-004,42.3
棉兰,Lippo Plaza Medan,3.5848161,98.6650595,64.5,≥64米,商场,GoogleV3坐标+2.5D高度,,1352.8
棉兰,Grand Aston City Hall,3.5809348,98.6719878,63.5,≥48米,未分类,GoogleV3坐标+2.5D高度,,315.3
棉兰,Hotel Adi Mulia,3.5806758,98.6754721,63.5,≥48米,酒店,GoogleV3坐标+2.5D高度,,317.6
棉兰,Hotel Adi Mulia,3.5827711,98.68098,63.5,≥48米,未分类,GoogleV3坐标+2.5D高度,,119
棉兰,Lippo Plaza Medan,3.586572,98.6734619,63.0,≥48米,商场,GoogleV3坐标+2.5D高度,,1285
棉兰,Grand Aston City Hall,3.5903452,98.6760883,63.0,≥48米,未分类,GoogleV3坐标+2.5D高度,MDN-011,61.6
棉兰,Hotel Adi Mulia,3.5852687,98.672562,63.0,≥48米,公寓,GoogleV3坐标+2.5D高度,,2865.1
棉兰,Lippo Plaza Medan,3.5807164,98.6751479,61.5,≥48米,未分类,GoogleV3坐标+2.5D高度,,1194.2
棉兰,RS Murni Teguh,3.5907265,98.6812644,61.5,≥48米,医院,GoogleV3坐标+2.5D高度,,203.2
棉兰,Travellers' Suites,3.589737,98.6514879,59.0,≥48米,公寓,GoogleV3坐标+2.5D高度,,708.2
棉兰,Regale International Hotel & Convention,3.6033586,98.6708902,58.5,≥48米,酒店,GoogleV3坐标+2.5D高度,,927.6
棉兰,Lippo Plaza Medan,3.5856605,98.7039062,58.0,≥48米,公寓,GoogleV3坐标+2.5D高度,,1436.9
棉兰,Sutomo Tower,3.6580003,98.6916727,58.0,≥48米,商业,GoogleV3坐标+2.5D高度,MDN-012,253.1
棉兰,Travellers' Suites,3.5857168,98.6745681,58.0,≥48米,商业,GoogleV3坐标+2.5D高度,,"Zainul Arifin, Medan"
棉兰,Tribeca Condominium Northern Tower,3.600531,98.7102576,58.0,≥48米,公寓,GoogleV3坐标+2.5D高度,MDN-007,383.1
棉兰,RS Murni Teguh,3.5919057,98.6806088,58.0,≥48米,未分类,GoogleV3坐标+2.5D高度,,7.7
棉兰,Sutomo Tower,3.6093044,98.6802753,57.0,≥48米,商业,GoogleV3坐标+2.5D高度,,690
棉兰,Mandiri Building Medan,3.5838861,98.6745717,56.0,≥48米,商业,GoogleV3坐标+2.5D高度,,"Zainul Arifin, Medan"
棉兰,Tribeca Condominium Northern Tower,3.5934276,98.6736543,56.0,≥48米,公寓,GoogleV3坐标+2.5D高度,MDN-001,140.6
棉兰,Sutomo Tower,3.5828366,98.6781026,56.0,≥48米,商业,GoogleV3坐标+2.5D高度,,2392.3
棉兰,Travellers' Suites,3.6073821,98.715537,55.5,≥48米,未分类,GoogleV3坐标+2.5D高度,,75.8
棉兰,Ramayana,3.5802294,98.6607416,54.5,≥48米,未分类,GoogleV3坐标+2.5D高度,,308.1
棉兰,Sutomo Tower,3.605856,98.6734325,52.5,≥48米,未分类,GoogleV3坐标+2.5D高度,,758.3
棉兰,Santika Premiere Dyandra Hotel & Convention,3.5890726,98.6725336,52.5,≥48米,酒店,GoogleV3坐标+2.5D高度,,1049.6
棉兰,Mandiri Building Medan,3.5860204,98.6735484,52.0,≥48米,医院,GoogleV3坐标+2.5D高度,,686.4
棉兰,Emerald Garden International Hotel,3.6023165,98.6728491,51.0,≥48米,酒店,GoogleV3坐标+2.5D高度,,"Kapten Maulana Lubis, Medan"
棉兰,Bank Mandiri,3.5810471,98.6772589,51.0,≥48米,商业,GoogleV3坐标+2.5D高度,,"Jalan Imam Bonjol, Medan"
棉兰,Ramayana,3.5980592,98.6546568,51.0,≥48米,医院,GoogleV3坐标+2.5D高度,,316
棉兰,Grand Aston City Hall,3.5911324,98.6810387,50.5,≥48米,未分类,GoogleV3坐标+2.5D高度,,270.7
棉兰,Sutomo Tower,3.5741973,98.6625476,50.0,≥48米,未分类,GoogleV3坐标+2.5D高度,,686.4
棉兰,Rumah Sakit Umum Bunda Thamrin,3.5852395,98.6513351,50.0,≥48米,医院,GoogleV3坐标+2.5D高度,,Jalan Sei Batang Hari No. 28-30-42 Medan
棉兰,Santika Premiere Dyandra Hotel & Convention,3.5937546,98.6759932,49.5,≥48米,未分类,GoogleV3坐标+2.5D高度,MDN-006,185.9
棉兰,Santika Premiere Dyandra Hotel & Convention,3.5906485,98.6809485,49.0,≥48米,未分类,GoogleV3坐标+2.5D高度,,101.4
棉兰,Bank Mandiri,3.587334,98.6742782,48.5,≥48米,商业,GoogleV3坐标+2.5D高度,,"Jalan Imam Bonjol, Medan"
棉兰,Josephine Building,3.5570858,98.6942589,48.5,≥48米,写字楼,GoogleV3坐标+2.5D高度,MDN-013,316
棉兰,Josephine Building,3.5808134,98.6716237,48.5,≥48米,未分类,GoogleV3坐标+2.5D高度,,2150
棉兰,Bank Mandiri,3.5901353,98.6733737,48.0,≥48米,未分类,GoogleV3坐标+2.5D高度,,72.6
棉兰,Grand Inna Hotel Medan,3.6069501,98.7150767,48.0,≥48米,酒店,GoogleV3坐标+2.5D高度,,"Jl. Balai Kota, Medan"
棉兰,Rumah Sakit Columbia Asia,3.5857773,98.6768753,47.0,≥40米,医院,GoogleV3坐标+2.5D高度,,Jalan Listrik Nomor 2A
棉兰,Hotel Grand Aston City Hall Medan,3.5905028,98.6762374,46.5,≥40米,公寓,GoogleV3坐标+2.5D高度,MDN-011,1011.4
棉兰,Rumah Sakit Umum Bunda Thamrin,3.6599525,98.672214,46.5,≥40米,未分类,GoogleV3坐标+2.5D高度,,29.4
棉兰,Grand Palladium Mall,3.5900224,98.6514046,46.0,≥40米,未分类,GoogleV3坐标+2.5D高度,,820
棉兰,Grand Mercure Maha Cipta Medan Angkasa,3.5939738,98.6741599,45.5,≥40米,未分类,GoogleV3坐标+2.5D高度,MDN-002,"Jalan Sutomo, Medan"
棉兰,RS Murni Teguh,3.5906091,98.6816129,45.5,≥40米,医院,GoogleV3坐标+2.5D高度,,Jalan Jawa No. 2 Medan 20231 - Sumatera Utara Indonesia
棉兰,Josephine Building,3.5973257,98.668778,45.0,≥40米,写字楼,GoogleV3坐标+2.5D高度,,402.7
棉兰,Josephine Building,3.6074569,98.7150769,45.0,≥40米,未分类,GoogleV3坐标+2.5D高度,,30.6
棉兰,Grand Inna Hotel Medan,3.5911385,98.6768727,44.0,≥40米,酒店,GoogleV3坐标+2.5D高度,,"Jl. Balai Kota, Medan"
棉兰,Grand Inna Hotel Medan,3.5581403,98.6446177,43.5,≥40米,公寓,GoogleV3坐标+2.5D高度,,80.6
棉兰,Gedung Serbaguna,3.5941711,98.6748911,43.0,≥40米,未分类,GoogleV3坐标+2.5D高度,,618.4
棉兰,Hotel Grand Aston City Hall Medan,3.594407,98.6740399,43.0,≥40米,未分类,GoogleV3坐标+2.5D高度,,1167.8
棉兰,Grand Mercure Maha Cipta Medan Angkasa,3.5978309,98.6820029,43.0,≥40米,未分类,GoogleV3坐标+2.5D高度,,"Jalan Sutomo, Medan"
棉兰,Hotel Adi Mulia,3.6591512,98.6925056,43.0,≥40米,酒店,GoogleV3坐标+2.5D高度,,1318.9
棉兰,Bank Danamon,3.5784719,98.673161,42.5,≥40米,商业,GoogleV3坐标+2.5D高度,,1047
棉兰,RS Murni Teguh,3.5820072,98.6818266,42.0,≥40米,未分类,GoogleV3坐标+2.5D高度,,359.3
棉兰,Grand Inna Hotel Medan,3.5865527,98.6921422,42.0,≥40米,酒店,GoogleV3坐标+2.5D高度,MDN-014,"Jl. Balai Kota, Medan"
棉兰,RS Murni Teguh,3.5859531,98.7037725,41.0,≥40米,公寓,GoogleV3坐标+2.5D高度,,44.4
棉兰,Grand Inna Hotel Medan,3.583112,98.6778766,41.0,≥40米,未分类,GoogleV3坐标+2.5D高度,,126
棉兰,Gedung Serbaguna,3.6075601,98.7081873,40.5,≥40米,未分类,GoogleV3坐标+2.5D高度,,10493.2
棉兰,Centre Point Mall,3.5928336,98.6810985,40.0,≥40米,商场,GoogleV3坐标+2.5D高度,,227.3
棉兰,Gedung Serbaguna,3.5387776,98.7071335,40.0,≥40米,未分类,GoogleV3坐标+2.5D高度,,1148
棉兰,Hotel Adi Mulia,3.5855386,98.6723199,40.0,≥40米,酒店,GoogleV3坐标+2.5D高度,,233.5
棉兰,Bank Central Asia,3.5840844,98.6730678,39.5,≥32米,商业,GoogleV3坐标+2.5D高度,,150.9
棉兰,Living Plaza,3.6082154,98.7181344,39.5,≥32米,商场,GoogleV3坐标+2.5D高度,,3206.9
棉兰,Swiss-Belinn Medan,3.5828902,98.6763595,39.5,≥32米,酒店,GoogleV3坐标+2.5D高度,,Jalan Surabaya
棉兰,Living Plaza,3.5825467,98.6716273,39.5,≥32米,未分类,GoogleV3坐标+2.5D高度,,1138.9
棉兰,Grand Inna Hotel Medan,3.5684236,98.6879804,39.0,≥32米,未分类,GoogleV3坐标+2.5D高度,,2934.4
棉兰,Bank Central Asia,3.5902997,98.6268375,39.0,≥32米,未分类,GoogleV3坐标+2.5D高度,MDN-008,41.8
棉兰,Grand Inna Hotel Medan,3.6064437,98.6742462,38.5,≥32米,未分类,GoogleV3坐标+2.5D高度,,313.1
棉兰,Centre Point Mall,3.5918839,98.6808906,38.5,≥32米,商场,GoogleV3坐标+2.5D高度,,100.8
棉兰,Rumah Sakit Umum Bunda Thamrin,3.5813941,98.6709118,38.5,≥32米,未分类,GoogleV3坐标+2.5D高度,,9433.3
棉兰,Grand Kanaya Hotel,3.5892282,98.6529498,38.5,≥32米,酒店,GoogleV3坐标+2.5D高度,,1271.8
棉兰,Radisson Medan,3.5890843,98.6691795,38.5,≥32米,未分类,GoogleV3坐标+2.5D高度,,"Jalan Adam Malik, Medan"
棉兰,Living Plaza,3.6293782,98.6967533,38.0,≥32米,商场,GoogleV3坐标+2.5D高度,,2097.1
棉兰,Graha Merah Putih,3.597032,98.6755463,38.0,≥32米,未分类,GoogleV3坐标+2.5D高度,,2008.3
棉兰,Swiss-Belinn Medan,3.5833201,98.6849296,37.5,≥32米,未分类,GoogleV3坐标+2.5D高度,,Jalan Surabaya
棉兰,Living Plaza,3.59219,98.6634167,37.5,≥32米,未分类,GoogleV3坐标+2.5D高度,MDN-015,360.8
棉兰,Grand Inna Hotel Medan,3.6027067,98.6728801,37.5,≥32米,未分类,GoogleV3坐标+2.5D高度,,170.7
棉兰,Swiss-Belinn Medan,3.6589286,98.6687897,37.5,≥32米,未分类,GoogleV3坐标+2.5D高度,,906
棉兰,OYO 359 The Executive Inn,3.6528633,98.6657268,37.5,≥32米,酒店,GoogleV3坐标+2.5D高度,,874.5
棉兰,Swiss-Belinn Medan,3.6162526,98.6592208,37.0,≥32米,未分类,GoogleV3坐标+2.5D高度,,113.3
棉兰,OYO 359 The Executive Inn,3.6374409,98.7012817,37.0,≥32米,未分类,GoogleV3坐标+2.5D高度,,3919.6
棉兰,Grand Inna Hotel Medan,3.6595875,98.6918279,37.0,≥32米,未分类,GoogleV3坐标+2.5D高度,,162.8
棉兰,Radisson Medan,3.5940759,98.6684814,36.5,≥32米,未分类,GoogleV3坐标+2.5D高度,,"Jalan Adam Malik, Medan"
棉兰,Centre Point Mall,3.6588687,98.6917771,36.5,≥32米,未分类,GoogleV3坐标+2.5D高度,,324.9
棉兰,Graha Merah Putih,3.5932177,98.6760668,36.5,≥32米,未分类,GoogleV3坐标+2.5D高度,,2254.4
棉兰,Grand Kanaya Hotel,3.6587503,98.6920272,36.5,≥32米,未分类,GoogleV3坐标+2.5D高度,,141.3
棉兰,Radisson Medan,3.5257968,98.68479,36.5,≥32米,未分类,GoogleV3坐标+2.5D高度,,408.6
棉兰,RSUD Dr Pirngadi,3.5980649,98.6883448,36.5,≥32米,医院,GoogleV3坐标+2.5D高度,,353.5
棉兰,Graha Merah Putih,3.5871309,98.6891408,36.0,≥32米,未分类,GoogleV3坐标+2.5D高度,,157.4
棉兰,Menara Mandiri,3.5570859,98.6944624,36.0,≥32米,未分类,GoogleV3坐标+2.5D高度,MDN-013,439.2
棉兰,OYO 359 The Executive Inn,3.5980602,98.7091368,36.0,≥32米,酒店,GoogleV3坐标+2.5D高度,,81.9
棉兰,Bank Central Asia,3.6578852,98.6919001,35.5,≥32米,商业,GoogleV3坐标+2.5D高度,MDN-012,136.3
棉兰,Millennium Plaza,3.6409826,98.6997646,35.5,≥32米,商场,GoogleV3坐标+2.5D高度,,Jalan Kapten Muslim
棉兰,Santika Premiere Dyandra Hotel & Convention,3.5881364,98.6874048,35.5,≥32米,酒店,GoogleV3坐标+2.5D高度,,305.3
棉兰,Millennium Plaza,3.589459,98.6690911,35.5,≥32米,未分类,GoogleV3坐标+2.5D高度,,102.5
棉兰,DeliPark Mall,3.5828239,98.6835719,35.0,≥32米,商场,GoogleV3坐标+2.5D高度,,611.8
棉兰,Manhattan Times Square,3.6424959,98.7005344,35.0,≥32米,商场,GoogleV3坐标+2.5D高度,,2664.4
棉兰,Radisson Medan,3.6592253,98.6917911,35.0,≥32米,未分类,GoogleV3坐标+2.5D高度,,353.5
棉兰,Bank Mestika Dharma,3.5904012,98.6771604,35.0,≥32米,商业,GoogleV3坐标+2.5D高度,MDN-010,295
棉兰,Menara Mandiri,3.5891555,98.6795837,35.0,≥32米,酒店,GoogleV3坐标+2.5D高度,,1180.1
棉兰,favehotel S. Parman Medan,3.5796714,98.6677335,34.5,≥32米,酒店,GoogleV3坐标+2.5D高度,,631
棉兰,Millennium Plaza,3.599453,98.6440136,34.5,≥32米,商场,GoogleV3坐标+2.5D高度,MDN-016,Jalan Kapten Muslim
棉兰,RSUD Dr Pirngadi,3.5893924,98.6727699,34.5,≥32米,未分类,GoogleV3坐标+2.5D高度,,796.9
棉兰,Menara Mandiri,3.6071986,98.6593153,34.0,≥32米,未分类,GoogleV3坐标+2.5D高度,,323.6
棉兰,Gedung Rektorat USU,3.5995667,98.6438039,34.0,≥32米,未分类,GoogleV3坐标+2.5D高度,MDN-016,96.1
棉兰,Manhattan Times Square,3.5907924,98.6268952,34.0,≥32米,商场,GoogleV3坐标+2.5D高度,,586.8
棉兰,Gedung Rektorat USU,3.6004016,98.7097627,34.0,≥32米,未分类,GoogleV3坐标+2.5D高度,MDN-009,120.6
棉兰,Bank Mestika Dharma,3.5839838,98.6735364,34.0,≥32米,商业,GoogleV3坐标+2.5D高度,,785.1
棉兰,Uniland Plaza,3.5831299,98.6760326,34.0,≥32米,酒店,GoogleV3坐标+2.5D高度,,MT Haryono
棉兰,Santika Premiere Dyandra Hotel & Convention,3.5834607,98.6705116,33.5,≥32米,未分类,GoogleV3坐标+2.5D高度,,113.4
棉兰,Ramayana,3.5865883,98.6919115,33.5,≥32米,未分类,GoogleV3坐标+2.5D高度,MDN-014,1184.1
棉兰,Uniland Plaza,3.5945601,98.6745589,33.5,≥32米,商场,GoogleV3坐标+2.5D高度,,MT Haryono
棉兰,Manhattan Times Square,3.5863142,98.6746861,33.0,≥32米,未分类,GoogleV3坐标+2.5D高度,,154
棉兰,Ramayana,3.5879644,98.6746392,33.0,≥32米,未分类,GoogleV3坐标+2.5D高度,,3410.5
棉兰,Gedung Rektorat USU,3.5652258,98.6568842,33.0,≥32米,未分类,GoogleV3坐标+2.5D高度,,782.3
棉兰,Sinar Mas Land Plaza,3.5832695,98.6724578,33.0,≥32米,商场,GoogleV3坐标+2.5D高度,,1457.4
棉兰,Focal Point,3.5669306,98.625726,33.0,≥32米,未分类,GoogleV3坐标+2.5D高度,,3298.9
棉兰,Bank Central Asia,3.5921915,98.6631856,33.0,≥32米,未分类,GoogleV3坐标+2.5D高度,MDN-015,1227.7
棉兰,Uniland Plaza,3.5863425,98.6826655,33.0,≥32米,商场,GoogleV3坐标+2.5D高度,,MT Haryono
棉兰,Toko superstar jewellery,3.5828407,98.6839009,33.0,≥32米,未分类,GoogleV3坐标+2.5D高度,,"Jalan Kota Nopan II, Medan"
棉兰,Santika Premiere Dyandra Hotel & Convention,3.569276,98.6556602,33.0,≥32米,未分类,GoogleV3坐标+2.5D高度,,491.6
棉兰,Uniland Plaza,3.539355,98.6723222,32.5,≥32米,未分类,GoogleV3坐标+2.5D高度,,592.9
棉兰,Ramayana,3.6410136,98.700124,32.5,≥32米,未分类,GoogleV3坐标+2.5D高度,,2108.4
棉兰,DeliPark Mall,3.586683,98.6924619,32.5,≥32米,未分类,GoogleV3坐标+2.5D高度,,1381.8
棉兰,Manhattan Times Square,3.6590399,98.6921247,32.0,≥32米,未分类,GoogleV3坐标+2.5D高度,,1276.9
棉兰,Ramayana,3.5481557,98.6555989,32.0,≥32米,未分类,GoogleV3坐标+2.5D高度,,1697.8
棉兰,Bank Mestika Dharma,3.5809336,98.6769541,32.0,≥32米,未分类,GoogleV3坐标+2.5D高度,,438
棉兰,Uniland Plaza,3.5362762,98.693978,32.0,≥32米,未分类,GoogleV3坐标+2.5D高度,,2370.9
棉兰,Toko superstar jewellery,3.5926935,98.674003,32.0,≥32米,未分类,GoogleV3坐标+2.5D高度,,93.2
棉兰,Bank Mestika Dharma,3.5223281,98.6846353,32.0,≥32米,未分类,GoogleV3坐标+2.5D高度,,31.9
棉兰,Uniland Plaza,3.6430476,98.7004842,32.0,≥32米,未分类,GoogleV3坐标+2.5D高度,,1347.5
棉兰,Royal Maternity General Hospital,3.5806598,98.6560377,32.0,≥32米,医院,GoogleV3坐标+2.5D高度,,MT Haryono
巴淡,,1.1208524,104.04468,99.0,≥80米,未分类,GoogleV3坐标+2.5D高度,,100.8
巴淡,Panbil Residence,1.0821081,104.0294926,98.0,≥80米,公寓,GoogleV3坐标+CTBUH真高,,7073.3
巴淡,Panbil Residence,1.154439,103.9975585,95.0,≥80米,公寓,GoogleV3坐标+2.5D高度,BTM-001,219.4
巴淡,,1.1328265,104.0062056,94.0,≥80米,未分类,GoogleV3坐标+2.5D高度,,2725
巴淡,,1.1527386,104.0072804,93.0,≥80米,未分类,GoogleV3坐标+2.5D高度,,1420.4
巴淡,,1.1032786,104.0320808,93.0,≥80米,未分类,GoogleV3坐标+2.5D高度,BTM-002,626.1
巴淡,,1.1175526,104.0262494,90.5,≥80米,公寓,GoogleV3坐标+2.5D高度,,2718.7
巴淡,Panorama Regency,1.1487858,104.0064143,89.5,≥80米,未分类,GoogleV3坐标+2.5D高度,,1066.9
巴淡,BCC Hotel,1.1339156,104.0088514,88.0,≥80米,酒店,GoogleV3坐标+2.5D高度,,313.2
巴淡,Nagoya Mansion Hotel & Residence Batam,1.1435394,104.0147409,87.0,≥80米,酒店,GoogleV3坐标+2.5D高度,,91.6
巴淡,Nagoya Mansion Hotel & Residence Batam,1.1346088,104.0442081,86.0,≥80米,未分类,GoogleV3坐标+2.5D高度,,31.9
巴淡,Planet Holiday Hotel & Residence,1.152208,104.0075619,85.0,≥80米,酒店,GoogleV3坐标+CTBUH真高,,2369.3
巴淡,Sun Education Group Batam,1.1351208,104.0069851,77.5,≥64米,未分类,GoogleV3坐标+2.5D高度,,98.3
巴淡,Sun Education Group Batam,1.1444468,104.0158914,76.0,≥64米,未分类,GoogleV3坐标+2.5D高度,,315.7
巴淡,BCC Hotel,1.1337672,104.0091908,75.5,≥64米,酒店,GoogleV3坐标+2.5D高度,,303.8
巴淡,BCC Hotel,1.1343541,104.0445087,74.5,≥64米,未分类,GoogleV3坐标+2.5D高度,,191.3
巴淡,BCC Hotel,1.1026172,104.0897389,74.5,≥64米,未分类,GoogleV3坐标+2.5D高度,,493.9
巴淡,,1.1276957,104.0091932,74.0,≥64米,未分类,GoogleV3坐标+2.5D高度,,235.7
巴淡,,1.1199759,104.0457096,74.0,≥64米,未分类,GoogleV3坐标+2.5D高度,,2408.4
巴淡,,1.130579,104.054107,72.5,≥64米,公寓,GoogleV3坐标+2.5D高度,,2341.3
巴淡,,1.0732566,104.1339813,70.5,≥64米,未分类,GoogleV3坐标+2.5D高度,BTM-003,258.5
巴淡,BCC Hotel,1.1441261,104.0099038,70.5,≥64米,未分类,GoogleV3坐标+2.5D高度,,6349.8
巴淡,BCC Hotel,1.0743383,104.132914,69.5,≥64米,工业,GoogleV3坐标+2.5D高度,,138.7
巴淡,,1.1446876,104.0157459,69.0,≥64米,未分类,GoogleV3坐标+2.5D高度,,508
巴淡,,1.087169,104.1262046,69.0,≥64米,未分类,GoogleV3坐标+2.5D高度,,359.8
巴淡,,1.1076542,104.028316,68.5,≥64米,未分类,GoogleV3坐标+2.5D高度,,1164.2
巴淡,,1.1570302,104.0035466,68.0,≥64米,未分类,GoogleV3坐标+2.5D高度,,56
巴淡,,1.1309487,104.0578725,67.0,≥64米,未分类,GoogleV3坐标+2.5D高度,,802.6
巴淡,,1.1443598,104.0197004,63.5,≥48米,未分类,GoogleV3坐标+2.5D高度,BTM-004,65.7
巴淡,,1.1387447,104.0184462,63.0,≥48米,未分类,GoogleV3坐标+2.5D高度,,2725.6
巴淡,,1.1201785,104.0463143,63.0,≥48米,未分类,GoogleV3坐标+2.5D高度,,1712.7
巴淡,Golden View Hotel,1.1614481,104.0368718,60.0,≥48米,酒店,GoogleV3坐标+2.5D高度,,895.2
巴淡,Nagoya Hill Hotel Batam,1.1476904,104.0127984,59.5,≥48米,酒店,GoogleV3坐标+2.5D高度,,22.5
巴淡,Nagoya Hill Hotel Batam,1.1030903,104.0894758,58.5,≥48米,未分类,GoogleV3坐标+2.5D高度,BTM-005,533
巴淡,,1.1294615,104.0459605,57.5,≥48米,未分类,GoogleV3坐标+2.5D高度,,5576.6
巴淡,,1.0843176,104.1262162,57.0,≥48米,未分类,GoogleV3坐标+2.5D高度,BTM-006,131.3
巴淡,Santika Indonesia Hotels & Resorts,1.1293011,104.0523163,57.0,≥48米,酒店,GoogleV3坐标+2.5D高度,,866.3
巴淡,Golden View Hotel,1.1542704,103.9974227,56.0,≥48米,未分类,GoogleV3坐标+2.5D高度,BTM-001,137.2
巴淡,Badan Pengusahaan Batam,1.1306369,104.0520705,56.0,≥48米,未分类,GoogleV3坐标+2.5D高度,,3520.8
巴淡,Badan Pengusahaan Batam,1.1328939,104.0401027,56.0,≥48米,未分类,GoogleV3坐标+2.5D高度,,490.6
巴淡,,1.1490658,104.0061529,52.0,≥48米,未分类,GoogleV3坐标+2.5D高度,,324.2
巴淡,Harmoni,1.1497346,104.0077329,52.0,≥48米,未分类,GoogleV3坐标+2.5D高度,,2311.2
巴淡,Golden View Hotel,1.1618181,104.0366536,52.0,≥48米,酒店,GoogleV3坐标+2.5D高度,,48.3
巴淡,Golden View Hotel,1.1314005,104.0479317,51.5,≥48米,未分类,GoogleV3坐标+2.5D高度,,1715.5
巴淡,Badan Pengusahaan Batam,1.0662656,104.1318832,51.0,≥48米,未分类,GoogleV3坐标+2.5D高度,,194.3
巴淡,Badan Pengusahaan Batam,1.0717942,104.1338537,51.0,≥48米,未分类,GoogleV3坐标+2.5D高度,,479.4
巴淡,Batamindo Mall,1.0676013,104.023893,51.0,≥48米,商场,GoogleV3坐标+2.5D高度,,2002.2
巴淡,I Hotel Baloi,1.1346262,104.0087741,51.0,≥48米,酒店,GoogleV3坐标+2.5D高度,,52
巴淡,Golden View Hotel,1.1209243,104.0450823,51.0,≥48米,未分类,GoogleV3坐标+2.5D高度,,24.1
巴淡,Golden View Hotel,1.1442319,104.0198944,50.5,≥48米,未分类,GoogleV3坐标+2.5D高度,BTM-004,678.8
巴淡,,1.152443,103.9988865,50.5,≥48米,未分类,GoogleV3坐标+2.5D高度,,71.7
巴淡,,1.0843633,104.1264772,49.0,≥48米,未分类,GoogleV3坐标+2.5D高度,BTM-006,136.9
巴淡,,1.0660397,104.132541,47.5,≥40米,未分类,GoogleV3坐标+2.5D高度,,53
巴淡,Graha Pena,1.1258616,104.0517888,47.0,≥40米,未分类,GoogleV3坐标+2.5D高度,,171.2
巴淡,Graha Pena,1.1460434,104.0121735,46.5,≥40米,未分类,GoogleV3坐标+2.5D高度,,722.5
巴淡,I Hotel Baloi,1.0869454,104.1266193,46.5,≥40米,未分类,GoogleV3坐标+2.5D高度,,1552.7
巴淡,I Hotel Baloi,1.0670734,104.1297505,46.0,≥40米,未分类,GoogleV3坐标+2.5D高度,,123.3
巴淡,,1.0846374,104.1261172,45.5,≥40米,未分类,GoogleV3坐标+2.5D高度,BTM-007,132.1
巴淡,,1.0738431,104.1336166,45.0,≥40米,未分类,GoogleV3坐标+2.5D高度,,1023.1
巴淡,Beverly Hotel Batam,1.1376693,104.0157528,45.0,≥40米,酒店,GoogleV3坐标+2.5D高度,,205.6
巴淡,Swiss Hotel,1.152858,104.0078401,44.5,≥40米,酒店,GoogleV3坐标+2.5D高度,,138.8
巴淡,Swiss Hotel,1.0451924,104.1349165,44.0,≥40米,未分类,GoogleV3坐标+2.5D高度,,52.2
巴淡,Batamindo Mall,1.1718201,104.006393,43.5,≥40米,未分类,GoogleV3坐标+2.5D高度,,8599.3
巴淡,Graha Pena,1.1211827,104.0447329,43.5,≥40米,未分类,GoogleV3坐标+2.5D高度,,1255.7
巴淡,Graha Pena,1.1407122,104.0176796,43.5,≥40米,未分类,GoogleV3坐标+2.5D高度,,170.2
巴淡,Pacific Hotel,1.1514401,104.0018041,43.0,≥40米,酒店,GoogleV3坐标+2.5D高度,,8731.4
巴淡,Nagoya Hill Hotel Batam,1.1426376,104.0198204,43.0,≥40米,未分类,GoogleV3坐标+2.5D高度,,727.2
巴淡,Nagoya Hill Hotel Batam,1.0851289,104.1271546,43.0,≥40米,未分类,GoogleV3坐标+2.5D高度,,51.9
巴淡,,1.066068,104.131578,43.0,≥40米,未分类,GoogleV3坐标+2.5D高度,,684.4
巴淡,Pln Batam,1.1284227,104.0557504,42.5,≥40米,未分类,GoogleV3坐标+2.5D高度,,1523.7
巴淡,Beverly Hotel Batam,1.0695508,104.1322885,42.5,≥40米,未分类,GoogleV3坐标+2.5D高度,,285.6
巴淡,Swiss Hotel,1.0683569,104.130281,42.5,≥40米,未分类,GoogleV3坐标+2.5D高度,,327.3
巴淡,Swiss Hotel,1.1032469,104.0322146,42.0,≥40米,未分类,GoogleV3坐标+2.5D高度,BTM-002,366.7
巴淡,,1.1404977,104.0173712,42.0,≥40米,未分类,GoogleV3坐标+2.5D高度,,78.4
巴淡,,1.1308463,104.0452315,42.0,≥40米,未分类,GoogleV3坐标+2.5D高度,,358.6
巴淡,,1.1365174,104.0084964,42.0,≥40米,未分类,GoogleV3坐标+2.5D高度,,965
巴淡,,1.0865025,104.1242682,41.5,≥40米,未分类,GoogleV3坐标+2.5D高度,,139.6
巴淡,Golden View Hotel,1.1373805,104.0083358,41.5,≥40米,未分类,GoogleV3坐标+2.5D高度,,934.9
巴淡,Golden View Hotel,1.1571557,104.0110861,41.5,≥40米,未分类,GoogleV3坐标+2.5D高度,,76.3
巴淡,,1.0868223,104.1239865,41.0,≥40米,未分类,GoogleV3坐标+2.5D高度,,140.4
巴淡,Parkside Sovrano Hotel,1.1350776,104.0084068,41.0,≥40米,酒店,GoogleV3坐标+2.5D高度,,261
巴淡,Pln Batam,1.071288,104.1314455,41.0,≥40米,未分类,GoogleV3坐标+2.5D高度,,693.7
巴淡,Pln Batam,1.084661,104.1263576,41.0,≥40米,未分类,GoogleV3坐标+2.5D高度,BTM-007,116.7
巴淡,industri sumitomo,1.1072053,104.1421821,41.0,≥40米,工业,GoogleV3坐标+2.5D高度,,21293.6
巴淡,industri sumitomo,1.157201,104.0037635,40.5,≥40米,未分类,GoogleV3坐标+2.5D高度,,77.9
巴淡,industri sumitomo,1.0722315,104.1354183,40.5,≥40米,未分类,GoogleV3坐标+2.5D高度,BTM-008,448.3
巴淡,,1.117726,104.0230157,40.0,≥40米,未分类,GoogleV3坐标+2.5D高度,,493.7
巴淡,,1.1486938,104.0086932,39.5,≥32米,未分类,GoogleV3坐标+2.5D高度,,814.8
巴淡,,1.067465,104.0289983,39.5,≥32米,未分类,GoogleV3坐标+2.5D高度,,49.6
巴淡,Golden View Hotel,1.1572281,104.0042101,39.5,≥32米,未分类,GoogleV3坐标+2.5D高度,BTM-009,995
巴淡,Batam City Hotel,1.1344908,104.0112438,39.5,≥32米,酒店,GoogleV3坐标+2.5D高度,,137.7
巴淡,Batam City Hotel,1.1516479,104.0033665,39.0,≥32米,未分类,GoogleV3坐标+2.5D高度,,1321.2
巴淡,Batam City Hotel,1.0849746,104.1275941,39.0,≥32米,未分类,GoogleV3坐标+2.5D高度,,757.4
巴淡,Batam City Hotel,1.0642559,104.1352516,38.5,≥32米,未分类,GoogleV3坐标+2.5D高度,,341.9
巴淡,Batam City Hotel,1.1363117,104.0054931,38.5,≥32米,未分类,GoogleV3坐标+2.5D高度,,3604.6
巴淡,Batam City Hotel,1.0708765,104.1355245,38.0,≥32米,未分类,GoogleV3坐标+2.5D高度,,48.2
巴淡,industri sumitomo,1.070824,104.1317108,37.5,≥32米,未分类,GoogleV3坐标+2.5D高度,,1030.6
巴淡,industri sumitomo,1.0741567,104.1335816,37.5,≥32米,未分类,GoogleV3坐标+2.5D高度,BTM-010,122.6
巴淡,industri sumitomo,1.1464303,104.0119216,37.5,≥32米,未分类,GoogleV3坐标+2.5D高度,,745.6
巴淡,industri sumitomo,1.0551283,104.0307159,37.0,≥32米,未分类,GoogleV3坐标+2.5D高度,,14.7
巴淡,,1.0669327,104.1323667,37.0,≥32米,未分类,GoogleV3坐标+2.5D高度,,432.3
巴淡,,1.0854564,104.1256333,37.0,≥32米,未分类,GoogleV3坐标+2.5D高度,,141.9
巴淡,,1.0669919,104.1312341,36.5,≥32米,未分类,GoogleV3坐标+2.5D高度,,80.1
巴淡,Batam City Hotel,1.1475014,104.0135068,36.5,≥32米,未分类,GoogleV3坐标+2.5D高度,,11.6
巴淡,Batam City Hotel,1.0717244,104.1353439,36.5,≥32米,未分类,GoogleV3坐标+2.5D高度,BTM-008,498
巴淡,Batam City Hotel,1.0670525,104.1306703,36.5,≥32米,未分类,GoogleV3坐标+2.5D高度,,221.5
巴淡,Batam City Hotel,1.1288695,104.016038,36.5,≥32米,未分类,GoogleV3坐标+2.5D高度,,420.3
巴淡,Batam City Hotel,1.044755,104.1351301,36.5,≥32米,未分类,GoogleV3坐标+2.5D高度,,49.5
巴淡,Batam City Hotel,1.1438606,104.0216239,36.5,≥32米,未分类,GoogleV3坐标+2.5D高度,,565.2
巴淡,Batam City Hotel,1.1543114,103.9991938,36.0,≥32米,未分类,GoogleV3坐标+2.5D高度,,900.7
巴淡,Mall Nagoya Hill Shopping Centre,1.1463806,104.0125172,36.0,≥32米,商场,GoogleV3坐标+2.5D高度,,465
巴淡,Mall Nagoya Hill Shopping Centre,1.1441464,104.0152507,36.0,≥32米,未分类,GoogleV3坐标+2.5D高度,,987.4
巴淡,Mall Nagoya Hill Shopping Centre,1.1138648,104.064563,36.0,≥32米,未分类,GoogleV3坐标+2.5D高度,,3143.8
巴淡,Mall Nagoya Hill Shopping Centre,1.1511081,104.0057383,35.5,≥32米,未分类,GoogleV3坐标+2.5D高度,,24.8
巴淡,,1.1424503,104.0064883,35.5,≥32米,未分类,GoogleV3坐标+2.5D高度,,285.6
巴淡,,1.1243559,104.05704,35.5,≥32米,未分类,GoogleV3坐标+2.5D高度,,637.4
巴淡,,1.0649879,104.1310162,35.5,≥32米,未分类,GoogleV3坐标+2.5D高度,BTM-011,417.9
巴淡,Baloi View Apartment,1.1227149,104.0075356,35.0,≥32米,公寓,GoogleV3坐标+2.5D高度,,"Jl.Gajah Mada, Batam"
巴淡,Baloi View Apartment,1.079238,104.1260568,35.0,≥32米,未分类,GoogleV3坐标+2.5D高度,BTM-012,323.5
巴淡,Baloi View Apartment,1.1547878,104.0008598,35.0,≥32米,未分类,GoogleV3坐标+2.5D高度,,33.1
巴淡,Baloi View Apartment,1.087536,104.1265793,35.0,≥32米,未分类,GoogleV3坐标+2.5D高度,,201.1
巴淡,Graha Telkomsel batam center,1.128504,104.0576442,35.0,≥32米,未分类,GoogleV3坐标+2.5D高度,,132.4
巴淡,Graha Telkomsel batam center,1.1720631,104.0034735,35.0,≥32米,未分类,GoogleV3坐标+2.5D高度,,129.3
巴淡,Graha Telkomsel batam center,1.0652465,104.1309583,34.5,≥32米,未分类,GoogleV3坐标+2.5D高度,BTM-011,415.2
巴淡,Graha Telkomsel batam center,1.0719831,104.1353897,34.5,≥32米,未分类,GoogleV3坐标+2.5D高度,BTM-008,531
巴淡,The L Hotel Entertainment,1.1391382,104.0138089,34.5,≥32米,酒店,GoogleV3坐标+2.5D高度,,412.4
巴淡,The L Hotel Entertainment,1.1249963,104.0572177,34.5,≥32米,未分类,GoogleV3坐标+2.5D高度,,983.8
巴淡,Apartemen Harmoni Suites,1.1432106,104.0123591,34.5,≥32米,公寓,GoogleV3坐标+2.5D高度,,"Jl.Pembangunan, Batam"
巴淡,Apartemen Harmoni Suites,1.1316537,104.121867,34.5,≥32米,未分类,GoogleV3坐标+2.5D高度,,12349.2
巴淡,Apartemen Harmoni Suites,1.0794493,104.1258587,34.0,≥32米,未分类,GoogleV3坐标+2.5D高度,BTM-012,331.5
巴淡,Apartemen Harmoni Suites,1.0434371,104.0005266,34.0,≥32米,未分类,GoogleV3坐标+2.5D高度,,4354.4
巴淡,Mall Nagoya Hill Shopping Centre,1.0790907,104.1283504,34.0,≥32米,未分类,GoogleV3坐标+2.5D高度,,697
巴淡,Mall Nagoya Hill Shopping Centre,1.0733526,104.1336776,34.0,≥32米,未分类,GoogleV3坐标+2.5D高度,,56.4
巴淡,Mall Nagoya Hill Shopping Centre,1.1319253,104.0101144,33.5,≥32米,未分类,GoogleV3坐标+2.5D高度,,79.4
巴淡,Mall Nagoya Hill Shopping Centre,1.0872511,104.1245081,33.5,≥32米,未分类,GoogleV3坐标+2.5D高度,,511.7
巴淡,,1.1273469,104.0580066,33.5,≥32米,未分类,GoogleV3坐标+2.5D高度,,155.4
巴淡,,1.132847,104.1228301,33.5,≥32米,未分类,GoogleV3坐标+2.5D高度,,15636.6
巴淡,,1.1032618,104.0895345,33.5,≥32米,未分类,GoogleV3坐标+2.5D高度,BTM-005,41.3
巴淡,,1.1574584,104.0042758,33.0,≥32米,未分类,GoogleV3坐标+2.5D高度,BTM-009,464.3
巴淡,Baloi View Apartment,1.136675,104.0056351,33.0,≥32米,未分类,GoogleV3坐标+2.5D高度,,173.5
巴淡,Baloi View Apartment,1.0731283,104.1338854,33.0,≥32米,未分类,GoogleV3坐标+2.5D高度,BTM-003,57.6
巴淡,Bangunan Hotel Nagoya Plaza,1.1460365,104.0109488,33.0,≥32米,酒店,GoogleV3坐标+2.5D高度,,216.1
巴淡,Bangunan Hotel Nagoya Plaza,1.1427778,104.020183,33.0,≥32米,未分类,GoogleV3坐标+2.5D高度,,1528.2
巴淡,Planet Holiday Hotel,1.1520376,104.0072471,33.0,≥32米,酒店,GoogleV3坐标+2.5D高度,,321.1
巴淡,Graha Telkomsel batam center,1.0714287,104.1304671,33.0,≥32米,未分类,GoogleV3坐标+2.5D高度,,361.7
巴淡,Graha Telkomsel batam center,1.0792226,104.1258317,32.5,≥32米,未分类,GoogleV3坐标+2.5D高度,BTM-012,319.8
巴淡,Graha Telkomsel batam center,1.0848798,104.1261797,32.5,≥32米,未分类,GoogleV3坐标+2.5D高度,BTM-007,208.1
巴淡,Graha Telkomsel batam center,1.0868357,104.1269171,32.5,≥32米,未分类,GoogleV3坐标+2.5D高度,,20.4
巴淡,,1.0793045,104.1256105,32.5,≥32米,未分类,GoogleV3坐标+2.5D高度,BTM-012,128.7
巴淡,,1.163913,104.0123732,32.0,≥32米,未分类,GoogleV3坐标+2.5D高度,,907.1
巴淡,Bangunan Hotel Nagoya Plaza,1.11748,104.0231353,32.0,≥32米,未分类,GoogleV3坐标+2.5D高度,,542.8
巴淡,Apartemen Harmoni Suites,1.1047051,104.1373419,32.0,≥32米,未分类,GoogleV3坐标+2.5D高度,,1530.9
巴淡,Apartemen Harmoni Suites,1.0741102,104.1338466,32.0,≥32米,未分类,GoogleV3坐标+2.5D高度,BTM-010,150.7
巴淡,Sun Education Group Batam,1.0711993,104.1308759,32.0,≥32米,未分类,GoogleV3坐标+2.5D高度,,219.7
三宝垄,Best Western Star Hotel & Apartment,-7.0055271,110.4325238,103.0,≥80米,酒店,GoogleV3坐标+CTBUH真高,SMG-001,800.6
三宝垄,Louis Kienne Hotel Pemuda,-6.9742261,110.4190502,86.5,≥80米,公寓,GoogleV3坐标+2.5D高度,,"Jalan Pemuda, Semarang"
三宝垄,Hotel Louis Kienne Simpang Lima,-6.9914264,110.4244078,81.0,≥80米,酒店,GoogleV3坐标+2.5D高度,,"Jalan Ahmad Yani, Semarang"
三宝垄,Tentrem Mall Hotel Apartment,-6.9869183,110.4220897,81.0,≥80米,酒店,GoogleV3坐标+2.5D高度,,1536.4
三宝垄,,-6.9504176,110.4313296,76.5,≥64米,未分类,GoogleV3坐标+2.5D高度,,67.6
三宝垄,Sentraland,-6.9921956,110.4295463,74.0,≥64米,未分类,GoogleV3坐标+CTBUH真高,,Jalan Ki Mangunsarkoro No. 36
三宝垄,Tentrem Mall,-6.9863558,110.4219973,74.0,≥64米,商场,GoogleV3坐标+2.5D高度,,2184.8
三宝垄,Somerset Queen City Semarang,-6.9715276,110.4197731,72.5,≥64米,未分类,GoogleV3坐标+2.5D高度,,"Jalan Pemuda, Semarang"
三宝垄,Harris Hotel Sentraland,-6.9921369,110.429849,72.0,≥64米,酒店,GoogleV3坐标+2.5D高度,,Jalan Ki Mangunsarkoro No. 36
三宝垄,Mutiara Garden,-7.0126414,110.478441,70.5,≥64米,未分类,GoogleV3坐标+2.5D高度,,825.9
三宝垄,,-6.9501574,110.4301502,70.0,≥64米,未分类,GoogleV3坐标+2.5D高度,,116.9
三宝垄,Mutiara Garden Apartment (MG Suites),-6.9799105,110.4198841,70.0,≥64米,公寓,GoogleV3坐标+CTBUH真高,,527.9
三宝垄,Mutiara Garden Apartment (MG Suites),-6.9938229,110.4199237,69.5,≥64米,政府公共,GoogleV3坐标+2.5D高度,,Jalan Pahlawan No 9
三宝垄,Hotel Aruss Semarang,-7.0228984,110.4222696,69.0,≥64米,酒店,GoogleV3坐标+2.5D高度,,855.9
三宝垄,,-6.9504748,110.4305681,69.0,≥64米,未分类,GoogleV3坐标+2.5D高度,SMG-002,333.6
三宝垄,Semarang Town Square,-6.9804066,110.4198931,68.0,≥64米,商场,GoogleV3坐标+2.5D高度,,"Jalan Gajah Mada, Semarang"
三宝垄,Gedung Indosat,-6.9898014,110.4213599,67.0,≥64米,商业,GoogleV3坐标+2.5D高度,,985.6
三宝垄,Hotel Aruss Semarang,-6.9847852,110.4114112,66.0,≥64米,未分类,GoogleV3坐标+2.5D高度,SMG-003,Jalan Pandanaran No. 6-8
三宝垄,Menara Suara Merdeka,-6.9856941,110.4133078,65.0,≥64米,商业,GoogleV3坐标+CTBUH真高,,Jalan Pandanaran No. 30
三宝垄,Holiday inn express Semarang Simpang Lima,-6.9915379,110.4253073,63.5,≥48米,酒店,GoogleV3坐标+2.5D高度,,"Jalan Ahmad Yani, Semarang"
三宝垄,Holiday inn express Semarang Simpang Lima,-6.9795883,110.4160859,60.0,≥48米,未分类,GoogleV3坐标+2.5D高度,,3805.2
三宝垄,Multindo,-6.988863,110.4196151,58.0,≥48米,未分类,GoogleV3坐标+2.5D高度,,226.4
三宝垄,Holiday inn express Semarang Simpang Lima,-7.0164133,110.4227633,57.5,≥48米,未分类,GoogleV3坐标+2.5D高度,,2041.8
三宝垄,Holiday inn express Semarang Simpang Lima,-6.9513399,110.4345695,57.0,≥48米,未分类,GoogleV3坐标+2.5D高度,,214.5
三宝垄,Holiday inn express Semarang Simpang Lima,-6.9680884,110.3764235,56.5,≥48米,未分类,GoogleV3坐标+2.5D高度,,178.4
三宝垄,Griya Bina Arta,-6.9816436,110.4136822,56.0,≥48米,商业,GoogleV3坐标+2.5D高度,,Jalan Pemuda No. 142
三宝垄,Louis Kienne Hotel Pemuda,-6.9511717,110.434784,56.0,≥48米,未分类,GoogleV3坐标+2.5D高度,,24.1
三宝垄,Louis Kienne Hotel Pemuda,-6.9760743,110.450002,56.0,≥48米,未分类,GoogleV3坐标+2.5D高度,SMG-004,193
三宝垄,Star Hotel,-6.9878254,110.4267164,56.0,≥48米,医院,GoogleV3坐标+2.5D高度,SMG-005,143.3
三宝垄,Star Hotel,-7.0056665,110.4326454,55.5,≥48米,酒店,GoogleV3坐标+2.5D高度,SMG-001,143.3
三宝垄,Louis Kienne Hotel Pemuda,-6.9876874,110.4262751,54.5,≥48米,政府公共,GoogleV3坐标+2.5D高度,,Jalan Pandanaran No 79
三宝垄,Hotel Louis Kienne Pandanaran,-6.9871049,110.4147155,54.5,≥48米,政府公共,GoogleV3坐标+2.5D高度,SMG-006,Jalan Pandanaran No 79
三宝垄,Hotel Louis Kienne Pandanaran,-6.9851594,110.4121647,54.5,≥48米,酒店,GoogleV3坐标+2.5D高度,SMG-007,2047
三宝垄,Star Hotel,-6.9894389,110.4221776,53.5,≥48米,未分类,GoogleV3坐标+2.5D高度,,183.3
三宝垄,Star Hotel,-6.9883053,110.407634,52.5,≥48米,未分类,GoogleV3坐标+2.5D高度,,994.1
三宝垄,Multindo,-6.9525175,110.4280534,52.0,≥48米,未分类,GoogleV3坐标+2.5D高度,SMG-008,154.5
三宝垄,Hotel Louis Kienne Pandanaran,-6.9886126,110.4208503,51.5,≥48米,未分类,GoogleV3坐标+2.5D高度,,464.2
三宝垄,Gumaya,-7.0004494,110.427446,51.0,≥48米,未分类,GoogleV3坐标+2.5D高度,,399.2
三宝垄,Semarang Town Square,-7.0022382,110.4172816,51.0,≥48米,商场,GoogleV3坐标+2.5D高度,,"Jalan Gajah Mada, Semarang"
三宝垄,Multindo,-7.008934,110.4167945,50.0,≥48米,未分类,GoogleV3坐标+2.5D高度,,1825.8
三宝垄,Multindo,-6.9516862,110.4348824,50.0,≥48米,未分类,GoogleV3坐标+2.5D高度,SMG-009,126.7
三宝垄,Multindo,-7.0018812,110.4169834,50.0,≥48米,未分类,GoogleV3坐标+2.5D高度,,582.4
三宝垄,Multindo,-6.984236,110.4122511,49.0,≥48米,未分类,GoogleV3坐标+2.5D高度,,727.1
三宝垄,Telkomsel,-7.0451521,110.423261,48.5,≥48米,未分类,GoogleV3坐标+2.5D高度,,39
三宝垄,SMC Rumah Sakit Telogorejo,-6.9875928,110.4266716,48.5,≥48米,医院,GoogleV3坐标+2.5D高度,SMG-005,Jalan KH.Ahmad Dahlan No.1
三宝垄,Telkomsel,-7.045414,110.4237516,48.0,≥48米,未分类,GoogleV3坐标+2.5D高度,,19
三宝垄,Menara Suara Merdeka Pandanaran Semarang,-6.9853571,110.4134648,47.5,≥40米,商业,GoogleV3坐标+2.5D高度,,Jalan Pandanaran No. 30
三宝垄,Menara Suara Merdeka Pandanaran Semarang,-7.0046834,110.457114,47.5,≥40米,未分类,GoogleV3坐标+2.5D高度,,227.6
三宝垄,Hotel Novotel Semarang,-6.9525101,110.4244318,46.5,≥40米,酒店,GoogleV3坐标+2.5D高度,,"Jalan Pemuda, Semarang"
三宝垄,Gedung Pandanaran,-7.0011235,110.4071876,46.0,≥40米,未分类,GoogleV3坐标+2.5D高度,,Jalan Pemuda No. 175
三宝垄,Hotel Novotel Semarang,-6.9787039,110.4144278,46.0,≥40米,商场,GoogleV3坐标+2.5D高度,,"Jalan Pemuda, Semarang"
三宝垄,Gedung Pandanaran,-6.9830812,110.4100971,46.0,≥40米,未分类,GoogleV3坐标+2.5D高度,,Jalan Pemuda No. 175
三宝垄,Plaza Simpang Lima,-6.9903019,110.4244644,45.5,≥40米,商场,GoogleV3坐标+2.5D高度,,"Jalan Ahmad Yani, Semarang"
三宝垄,BPR Athomoro,-6.9514487,110.4242361,44.5,≥40米,未分类,GoogleV3坐标+2.5D高度,,51.3
三宝垄,Hotel Novotel Semarang,-6.9827068,110.410194,44.5,≥40米,未分类,GoogleV3坐标+2.5D高度,,899.9
三宝垄,BPR Athomoro,-7.0415728,110.4658521,43.5,≥40米,未分类,GoogleV3坐标+2.5D高度,,476.7
三宝垄,Telkomsel,-6.9514397,110.4247529,43.0,≥40米,未分类,GoogleV3坐标+2.5D高度,,2835.2
三宝垄,Pasar Kagok,-6.9886523,110.4074741,43.0,≥40米,未分类,GoogleV3坐标+2.5D高度,,Jalan Sultan Agung Komplek Pasar Kagok
三宝垄,Hotel Ciputra,-7.0145253,110.4049284,43.0,≥40米,酒店,GoogleV3坐标+2.5D高度,,980.4
三宝垄,Gumaya,-6.9515081,110.4350812,42.5,≥40米,未分类,GoogleV3坐标+2.5D高度,SMG-009,44.1
三宝垄,Hotel Ciputra,-6.9889097,110.4237313,41.5,≥40米,酒店,GoogleV3坐标+2.5D高度,,Jalan Imam Bardjo
三宝垄,Telkomsel,-6.9941387,110.4076582,41.5,≥40米,医院,GoogleV3坐标+2.5D高度,,146.9
三宝垄,Bank Indonesia,-6.9947017,110.4226829,41.0,≥40米,商业,GoogleV3坐标+2.5D高度,,Jalan Imam Bardjo
三宝垄,Ibis,-7.0476452,110.4384793,40.5,≥40米,未分类,GoogleV3坐标+2.5D高度,,945.7
三宝垄,Pasar Kagok,-6.9506782,110.4307706,40.5,≥40米,未分类,GoogleV3坐标+2.5D高度,,2015.7
三宝垄,Hotel Ciputra,-6.9504877,110.4339194,40.0,≥40米,政府公共,GoogleV3坐标+2.5D高度,,142.1
三宝垄,Ibis,-6.9867494,110.4227976,39.5,≥32米,未分类,GoogleV3坐标+2.5D高度,,246.6
三宝垄,Hotel Ciputra,-6.9933519,110.4200302,39.5,≥32米,政府公共,GoogleV3坐标+2.5D高度,,1046.1
三宝垄,Artotel Gajahmada Semarang,-6.9511889,110.4336909,39.5,≥32米,未分类,GoogleV3坐标+2.5D高度,,3073.8
三宝垄,Sucofindo,-6.9825898,110.4107661,39.5,≥32米,商业,GoogleV3坐标+2.5D高度,,"Jalan Pemuda, Semarang"
三宝垄,Somerset Queen City Semarang,-6.975027,110.4210248,39.0,≥32米,未分类,GoogleV3坐标+2.5D高度,,"Jalan Pemuda, Semarang"
三宝垄,Artotel Gajahmada Semarang,-6.9838283,110.421648,38.5,≥32米,商业,GoogleV3坐标+2.5D高度,,Jalan Gajah Mada No. 135
三宝垄,Wisma HSBC,-7.0441636,110.4220795,38.5,≥32米,商业,GoogleV3坐标+2.5D高度,,Jalan Gajah Mada No. 135
三宝垄,Wisma HSBC,-6.9881394,110.4224906,38.5,≥32米,商业,GoogleV3坐标+2.5D高度,,Jalan Gajah Mada No. 135
三宝垄,Mutiara Garden,-6.9672158,110.3920233,38.0,≥32米,未分类,GoogleV3坐标+2.5D高度,,1575.5
三宝垄,Gumaya,-6.9777796,110.4200686,38.0,≥32米,商业,GoogleV3坐标+2.5D高度,,Jalan Pandanaran No. 89
三宝垄,Gedung Indosat,-7.0427428,110.4230061,38.0,≥32米,商业,GoogleV3坐标+2.5D高度,,128.5
三宝垄,Mutiara Garden,-6.9796064,110.4199417,38.0,≥32米,未分类,GoogleV3坐标+2.5D高度,,450.8
三宝垄,Bank Mega,-6.9873393,110.4179743,38.0,≥32米,商业,GoogleV3坐标+2.5D高度,,Jalan Pandanaran No. 89
三宝垄,Hotel Whiz,-6.9777682,110.4150929,38.0,≥32米,酒店,GoogleV3坐标+2.5D高度,,83.7
三宝垄,Wisma HSBC,-6.9874089,110.4264166,38.0,≥32米,医院,GoogleV3坐标+2.5D高度,,Jalan KH.Ahmad Dahlan No.1
三宝垄,Somerset Queen City Semarang,-6.9524015,110.4281239,37.5,≥32米,未分类,GoogleV3坐标+2.5D高度,SMG-008,129.4
三宝垄,Hotel GranDhika,-6.9758208,110.4189248,37.5,≥32米,酒店,GoogleV3坐标+2.5D高度,,"Jalan Pemuda, Semarang"
三宝垄,Ibis,-6.9739454,110.4509944,37.5,≥32米,未分类,GoogleV3坐标+2.5D高度,,1110.8
三宝垄,Mutiara Garden,-7.0220097,110.4593036,36.5,≥32米,未分类,GoogleV3坐标+2.5D高度,,482.3
三宝垄,Gumaya,-7.0220652,110.4589393,36.5,≥32米,未分类,GoogleV3坐标+2.5D高度,,828.9
三宝垄,Gets Hotel,-6.976605,110.4318282,36.5,≥32米,酒店,GoogleV3坐标+2.5D高度,,"Jalan M.T. Haryono, Semarang"
三宝垄,Permata Bank,-6.9502711,110.4340865,36.5,≥32米,商业,GoogleV3坐标+2.5D高度,,Jalan Pandanaran No. 14
三宝垄,Gedung Indosat,-6.9542853,110.4568394,36.5,≥32米,未分类,GoogleV3坐标+2.5D高度,,69.9
三宝垄,Grand Edge Hotel,-6.9720774,110.4198595,36.5,≥32米,酒店,GoogleV3坐标+2.5D高度,,109.4
三宝垄,XL Axiata,-6.9905955,110.4247921,36.5,≥32米,未分类,GoogleV3坐标+2.5D高度,,517
三宝垄,Permata Bank,-6.9848821,110.4116531,36.0,≥32米,商业,GoogleV3坐标+2.5D高度,SMG-003,Jalan Pandanaran No. 14
三宝垄,Hotel Dafam Semarang,-7.0479268,110.4380061,35.5,≥32米,酒店,GoogleV3坐标+2.5D高度,,218.5
三宝垄,Grand Edge Hotel,-7.0114449,110.416225,35.0,≥32米,酒店,GoogleV3坐标+2.5D高度,,"Jalan Pemuda, Semarang"
三宝垄,Hotel Red Orchid Simpang Lima,-6.9877519,110.4259787,35.0,≥32米,公寓,GoogleV3坐标+2.5D高度,,"Jalan Pemuda, Semarang"
三宝垄,Hotel Rooms Inc.,-6.9835813,110.4122297,35.0,≥32米,酒店,GoogleV3坐标+2.5D高度,,"Jalan Pemuda, Semarang"
三宝垄,Paviliun Garuda,-6.9930991,110.4073199,35.0,≥32米,医院,GoogleV3坐标+2.5D高度,,Jalan Dr Sutomo
三宝垄,Hotel Dafam Semarang,-6.979713,110.4119878,34.5,≥32米,酒店,GoogleV3坐标+2.5D高度,,545.1
三宝垄,Aston Inn Pandanaran Semarang,-6.9856286,110.4138681,34.0,≥32米,政府公共,GoogleV3坐标+2.5D高度,,Jalan Pandanaran No 79
三宝垄,Sucofindo,-7.0421644,110.4608111,34.0,≥32米,商业,GoogleV3坐标+2.5D高度,,"Jalan Pemuda, Semarang"
三宝垄,Gets Hotel,-6.9758955,110.4499378,34.0,≥32米,酒店,GoogleV3坐标+2.5D高度,SMG-004,"Jalan M.T. Haryono, Semarang"
三宝垄,Fave Hotel Diponegoro Semarang,-6.9811683,110.4134878,33.5,≥32米,酒店,GoogleV3坐标+2.5D高度,,278.5
三宝垄,Awann Group,-6.9775402,110.416768,33.5,≥32米,未分类,GoogleV3坐标+2.5D高度,,"Jalan Pemuda, Semarang"
三宝垄,Fave Hotel Diponegoro Semarang,-6.9869847,110.4148345,33.5,≥32米,政府公共,GoogleV3坐标+2.5D高度,SMG-006,Jalan Pandanaran No 79
三宝垄,Fave Hotel Diponegoro Semarang,-7.0014078,110.4185107,33.0,≥32米,酒店,GoogleV3坐标+2.5D高度,,441.4
三宝垄,Hotel Dafam Semarang,-7.0180155,110.4100485,33.0,≥32米,未分类,GoogleV3坐标+2.5D高度,,297.7
三宝垄,Hotel Amaris Simpang Lima Semarang Tengah,-6.9884396,110.4269768,33.0,≥32米,酒店,GoogleV3坐标+2.5D高度,,432.5
三宝垄,Grand Edge Hotel,-7.0109604,110.4160937,32.5,≥32米,商业,GoogleV3坐标+2.5D高度,,Jalan M.T Haryono
三宝垄,Sucofindo,-7.0122991,110.419693,32.5,≥32米,未分类,GoogleV3坐标+2.5D高度,,888.9
三宝垄,Manulife,-6.9851813,110.4119695,32.5,≥32米,未分类,GoogleV3坐标+2.5D高度,SMG-007,135.8
三宝垄,Java Mall,-6.9507541,110.4335288,32.5,≥32米,商场,GoogleV3坐标+2.5D高度,,Jalan MT. Haryono No.992-994
三宝垄,Awann Group,-6.9507706,110.4344864,32.0,≥32米,未分类,GoogleV3坐标+2.5D高度,,12.6
三宝垄,BNI,-6.9677269,110.4312829,32.0,≥32米,商业,GoogleV3坐标+2.5D高度,,Jalan M.T Haryono
三宝垄,Sucofindo,-6.9770941,110.415752,32.0,≥32米,未分类,GoogleV3坐标+2.5D高度,,962.4
三宝垄,Gets Hotel,-6.9527212,110.4241843,32.0,≥32米,未分类,GoogleV3坐标+2.5D高度,,689.8
三宝垄,Java Mall,-7.0063363,110.4322925,32.0,≥32米,商场,GoogleV3坐标+2.5D高度,,Jalan MT. Haryono No.992-994
三宝垄,Sucofindo,-6.9503559,110.430474,32.0,≥32米,未分类,GoogleV3坐标+2.5D高度,SMG-002,215.7
三宝垄,Fave Hotel Diponegoro Semarang,-7.0458539,110.4239182,32.0,≥32米,未分类,GoogleV3坐标+2.5D高度,,178.5
勿加泗,Cempaka Tower,-6.2629782,107.0195955,98.0,≥80米,公寓,GoogleV3坐标+2.5D高度,,"Jalan H. Mulyadi Joyomartono, Bekasi, West Java"
勿加泗,Tamansari Iswara Apartment A,-6.2614219,106.996022,97.0,≥80米,公寓,GoogleV3坐标+2.5D高度,,923.8
勿加泗,Tower Sapphire,-6.2508685,107.0172374,94.0,≥80米,公寓,GoogleV3坐标+2.5D高度,,400.6
勿加泗,M Gold Tower,-6.2491251,106.9859385,92.0,≥80米,公寓,GoogleV3坐标+2.5D高度,,1202.6
勿加泗,,-6.2344564,106.9980472,88.5,≥80米,未分类,GoogleV3坐标+2.5D高度,,394.4
勿加泗,,-6.2573861,106.9898372,87.0,≥80米,未分类,GoogleV3坐标+2.5D高度,,28.6
勿加泗,Tower Freesia,-6.2223623,107.0010075,86.0,≥80米,公寓,GoogleV3坐标+2.5D高度,,238.8
勿加泗,,-6.2047728,106.9491714,84.5,≥80米,未分类,GoogleV3坐标+2.5D高度,,406.8
勿加泗,Tower Basella,-6.2224241,106.9987417,84.0,≥80米,公寓,GoogleV3坐标+2.5D高度,,543.9
勿加泗,Tamansari Iswara Apartment B,-6.2611387,106.9962564,79.0,≥64米,公寓,GoogleV3坐标+2.5D高度,,683.5
勿加泗,,-6.2050109,106.9498648,78.5,≥64米,未分类,GoogleV3坐标+2.5D高度,,1691.3
勿加泗,,-6.2487014,106.9894931,76.5,≥64米,未分类,GoogleV3坐标+2.5D高度,BKS-001,532.7
勿加泗,Grand Dhika City Jatiwarna Tower Emerald,-6.2508798,107.0178727,75.0,≥64米,公寓,GoogleV3坐标+CTBUH真高,,281.7
勿加泗,,-6.2099195,107.0244205,72.5,≥64米,公寓,GoogleV3坐标+2.5D高度,,863
勿加泗,Menara Mandiri,-6.2253071,106.997293,70.5,≥64米,未分类,GoogleV3坐标+2.5D高度,,764.4
勿加泗,,-6.1984441,106.9943712,69.5,≥64米,未分类,GoogleV3坐标+2.5D高度,,158.9
勿加泗,,-6.1865626,106.9703805,69.5,≥64米,未分类,GoogleV3坐标+2.5D高度,,150.8
勿加泗,Mont Blanc Apartment,-6.2591972,107.0216555,69.5,≥64米,公寓,GoogleV3坐标+2.5D高度,,1217.4
勿加泗,Clove Tower,-6.2617931,107.0191184,68.5,≥64米,公寓,GoogleV3坐标+2.5D高度,,2118.7
勿加泗,Tower Caldesia,-6.2229924,106.9993653,67.0,≥64米,公寓,GoogleV3坐标+2.5D高度,,506.4
勿加泗,,-6.1862177,106.9702955,66.5,≥64米,未分类,GoogleV3坐标+2.5D高度,,433.9
勿加泗,Tower Davallia,-6.2229682,106.9989315,63.5,≥48米,公寓,GoogleV3坐标+2.5D高度,,558.4
勿加泗,,-6.2139749,106.9437811,61.5,≥48米,政府公共,GoogleV3坐标+2.5D高度,,Jalan Dr. Sumarno
勿加泗,,-6.2480509,106.9573507,61.0,≥48米,未分类,GoogleV3坐标+2.5D高度,,202.2
勿加泗,,-6.2566694,106.961981,61.0,≥48米,未分类,GoogleV3坐标+2.5D高度,BKS-002,163.2
勿加泗,Lagoon Tower 1,-6.2561403,107.0106224,60.0,≥48米,公寓,GoogleV3坐标+2.5D高度,,1343.5
勿加泗,,-6.2047584,107.0154187,60.0,≥48米,未分类,GoogleV3坐标+2.5D高度,,145.6
勿加泗,Tower Caldesia,-6.2508525,107.0026501,55.5,≥48米,未分类,GoogleV3坐标+2.5D高度,BKS-003,1946.3
勿加泗,,-6.222777,107.0021238,55.5,≥48米,未分类,GoogleV3坐标+2.5D高度,,86.5
勿加泗,Tower Elodea,-6.2225149,106.9999778,55.0,≥48米,公寓,GoogleV3坐标+2.5D高度,,496.3
勿加泗,Menara Samawa,-6.2374286,106.9418752,54.5,≥48米,公寓,GoogleV3坐标+2.5D高度,,234.7
勿加泗,Menara Samawa,-6.2028636,106.941061,54.5,≥48米,未分类,GoogleV3坐标+2.5D高度,,196.9
勿加泗,Gedung E RSUD Kota Bekasi,-6.242284,107.0021931,53.5,≥48米,医院,GoogleV3坐标+2.5D高度,,2864.1
勿加泗,Gedung E RSUD Kota Bekasi,-6.2053677,106.9490917,53.0,≥48米,政府公共,GoogleV3坐标+2.5D高度,,Jalan Dr. Sumarno
勿加泗,Menara Swasana,-6.2138721,106.9446711,52.5,≥48米,政府公共,GoogleV3坐标+2.5D高度,,Jalan Dr. Sumarno
勿加泗,Menara Swasana,-6.2372485,106.940892,51.5,≥48米,公寓,GoogleV3坐标+2.5D高度,,"Jalan Haji Naman, East Jakarta"
勿加泗,Menara Swasana,-6.2563409,107.010424,51.0,≥48米,公寓,GoogleV3坐标+2.5D高度,,350.4
勿加泗,Tower Caldesia,-6.2527947,106.9528194,50.5,≥48米,公寓,GoogleV3坐标+2.5D高度,,661.2
勿加泗,Hotel Horison Bekasi,-6.2565162,106.9915362,50.0,≥48米,商业,GoogleV3坐标+2.5D高度,,"Jalan K.H. Noer Ali, Bekasi"
勿加泗,Hotel Horison Bekasi,-6.2489201,106.9896234,50.0,≥48米,酒店,GoogleV3坐标+2.5D高度,BKS-001,"Jalan K.H. Noer Ali, Bekasi"
勿加泗,Hotel Horison Bekasi,-6.1990247,106.9785616,49.0,≥48米,未分类,GoogleV3坐标+2.5D高度,BKS-004,36.9
勿加泗,Hotel Santika Premiere Harapan Indah,-6.2567034,106.9622322,49.0,≥48米,酒店,GoogleV3坐标+2.5D高度,BKS-002,"Jalan Harapan Indah Bulevar, Kota Bekasi"
勿加泗,Hotel Santika Premiere Harapan Indah,-6.1848661,106.9759612,49.0,≥48米,酒店,GoogleV3坐标+2.5D高度,,"Jalan Harapan Indah Bulevar, Kota Bekasi"
勿加泗,Hotel Merapi Merbabu,-6.2622177,107.0010452,48.5,≥48米,公寓,GoogleV3坐标+2.5D高度,,579.7
勿加泗,Amaroossa Grande Bekasi,-6.250466,106.9924324,47.5,≥40米,工业,GoogleV3坐标+2.5D高度,,"Jalan Ahmad Yani, Kota Bekasi"
勿加泗,Data Center,-6.1994463,106.9787144,47.0,≥40米,工业,GoogleV3坐标+2.5D高度,,2235.8
勿加泗,Grha Persada 3,-6.2468676,106.9791257,46.0,≥40米,写字楼,GoogleV3坐标+2.5D高度,,"Jalan K. H. Noer Ali, Bekasi"
勿加泗,Tower Freesia,-6.1949953,106.9862524,44.0,≥40米,公寓,GoogleV3坐标+2.5D高度,,37.2
勿加泗,HARRIS Hotel & Conventions Bekasi,-6.2564425,106.9621655,42.5,≥40米,酒店,GoogleV3坐标+2.5D高度,BKS-002,794.2
勿加泗,HARRIS Hotel & Conventions Bekasi,-6.2247955,107.0017399,42.5,≥40米,公寓,GoogleV3坐标+2.5D高度,,99.6
勿加泗,Tower Azolla,-6.2222559,106.9996723,42.5,≥40米,公寓,GoogleV3坐标+2.5D高度,,92.7
勿加泗,Trans Park Mall,-6.1854936,106.9585144,42.0,≥40米,商业,GoogleV3坐标+2.5D高度,,"Jalan Ir. H. Juanda, Bekasi"
勿加泗,Trans Park Mall,-6.2499064,107.0168501,42.0,≥40米,商业,GoogleV3坐标+2.5D高度,,"Jalan Ir. H. Juanda, Bekasi"
勿加泗,Tower Isabella,-6.253098,106.9916364,41.5,≥40米,公寓,GoogleV3坐标+2.5D高度,,"Jalan Ketapang Raya, Kota Bekasi"
勿加泗,Tower Isabella,-6.2586629,106.9807765,41.0,≥40米,公寓,GoogleV3坐标+2.5D高度,,"Jalan Ketapang Raya, Kota Bekasi"
勿加泗,Tower Isabella,-6.2488065,106.9451667,40.0,≥40米,公寓,GoogleV3坐标+2.5D高度,,199.9
勿加泗,Data Center,-6.242335,107.0005334,40.0,≥40米,医院,GoogleV3坐标+2.5D高度,,122.4
勿加泗,Tower Azolla,-6.2270224,107.0006245,37.5,≥32米,公寓,GoogleV3坐标+2.5D高度,,842.5
勿加泗,Tower Isabella,-6.2036926,106.9491861,37.0,≥32米,公寓,GoogleV3坐标+2.5D高度,,122.4
勿加泗,Tower Azolla,-6.2484635,106.9894221,36.5,≥32米,未分类,GoogleV3坐标+2.5D高度,BKS-001,62
勿加泗,Data Center,-6.1982277,106.9970591,36.5,≥32米,工业,GoogleV3坐标+2.5D高度,,155.3
勿加泗,Data Center,-6.1979344,106.9758668,36.0,≥32米,未分类,GoogleV3坐标+2.5D高度,,152
勿加泗,Data Center,-6.1992294,106.9790523,35.5,≥32米,工业,GoogleV3坐标+2.5D高度,,2468.9
勿加泗,Tower Azolla,-6.2044606,106.9491345,35.5,≥32米,未分类,GoogleV3坐标+2.5D高度,,554.7
勿加泗,Data Center,-6.1986634,106.9763179,35.5,≥32米,未分类,GoogleV3坐标+2.5D高度,,3113.5
勿加泗,Mont Blanc Apartment,-6.249273,106.9896801,35.5,≥32米,公寓,GoogleV3坐标+2.5D高度,,1126.3
勿加泗,Data Center,-6.1947421,106.9783425,35.5,≥32米,未分类,GoogleV3坐标+2.5D高度,,1606.6
勿加泗,Mont Blanc Apartment,-6.2501708,106.9930807,35.0,≥32米,未分类,GoogleV3坐标+2.5D高度,,857.2
勿加泗,Mont Blanc Apartment,-6.2614176,107.0015791,34.5,≥32米,未分类,GoogleV3坐标+2.5D高度,,372.2
勿加泗,Mont Blanc Apartment,-6.1929676,106.9707931,34.0,≥32米,未分类,GoogleV3坐标+2.5D高度,,1475.7
勿加泗,Graha Persada 2,-6.255854,107.0089617,34.0,≥32米,商业,GoogleV3坐标+2.5D高度,,438.7
勿加泗,Graha Persada 2,-6.1991361,106.9784052,34.0,≥32米,未分类,GoogleV3坐标+2.5D高度,BKS-004,182.2
勿加泗,Graha Persada 2,-6.2502834,106.9927184,34.0,≥32米,商业,GoogleV3坐标+2.5D高度,,1103.9
勿加泗,Graha Persada 2,-6.2475907,106.9802128,34.0,≥32米,写字楼,GoogleV3坐标+2.5D高度,,"Jl. Haji Mulyadi Joyomartono, Margahayu, Bekasi Timur, West Java"
勿加泗,Graha Persada 2,-6.2132188,106.9456251,33.0,≥32米,未分类,GoogleV3坐标+2.5D高度,,126.3
勿加泗,Graha Persada 2,-6.1800983,106.9745233,33.0,≥32米,商业,GoogleV3坐标+2.5D高度,,3032.7
勿加泗,Bekasi Trade Center,-6.2586618,107.02134,33.0,≥32米,商业,GoogleV3坐标+2.5D高度,,"Jl. Haji Mulyadi Joyomartono, Margahayu, Bekasi Timur, West Java"
勿加泗,Bekasi Trade Center,-6.2507022,107.0025383,32.5,≥32米,未分类,GoogleV3坐标+2.5D高度,BKS-003,189.5
勿加泗,Bekasi Trade Center,-6.1991134,106.9794269,32.5,≥32米,未分类,GoogleV3坐标+2.5D高度,,110.1
勿加泗,Primaya Hospital,-6.2600524,107.0204253,32.5,≥32米,医院,GoogleV3坐标+2.5D高度,,187.9
勿加泗,Primaya Hospital,-6.2484011,106.9553305,32.0,≥32米,未分类,GoogleV3坐标+2.5D高度,,95
勿加泗,Primaya Hospital,-6.2573438,106.9512228,32.0,≥32米,未分类,GoogleV3坐标+2.5D高度,,1100.7
勿加泗,Primaya Hospital,-6.1967193,106.9765929,32.0,≥32米,未分类,GoogleV3坐标+2.5D高度,,198.3
勿加泗,Bekasi Trade Center,-6.1993219,106.9727793,32.0,≥32米,未分类,GoogleV3坐标+2.5D高度,,128.3
德波,Depok Town Square Residences (Park View Condominium),-6.3726157,106.8317401,115.0,≥80米,商业,GoogleV3坐标+CTBUH真高,,"Jalan Raya Margonda, Pondok Cina, Beji, Depok, West Java"
德波,Rumah Sakit UI,-6.3723018,106.8295721,97.5,≥80米,医院,GoogleV3坐标+2.5D高度,,126.2
德波,Evenciio Apartement Margonda,-6.3602589,106.8336141,97.0,≥80米,公寓,GoogleV3坐标+2.5D高度,,126.2
德波,,-6.3687028,106.8331095,93.0,≥80米,未分类,GoogleV3坐标+2.5D高度,DPK-001,810
德波,,-6.3862656,106.8260735,92.0,≥80米,未分类,GoogleV3坐标+2.5D高度,,614.5
德波,,-6.3720278,106.8338667,89.0,≥80米,商业,GoogleV3坐标+2.5D高度,,2054.7
德波,,-6.3865879,106.8257678,85.0,≥80米,未分类,GoogleV3坐标+2.5D高度,DPK-002,86.7
德波,Apartemen Margonda Residence,-6.361144,106.8328163,83.5,≥80米,公寓,GoogleV3坐标+2.5D高度,,107.7
德波,Apartemen Margonda Residence,-6.3633985,106.8353268,83.5,≥80米,公寓,GoogleV3坐标+2.5D高度,,147.2
德波,Taman Melati Margonda,-6.3656301,106.83519,83.0,≥80米,未分类,GoogleV3坐标+2.5D高度,DPK-003,219.3
德波,Taman Melati Margonda,-6.3606372,106.8323817,82.0,≥80米,未分类,GoogleV3坐标+CTBUH真高,,1378.3
德波,Apartemen Margonda Residence,-6.3719154,106.8315232,80.0,≥80米,未分类,GoogleV3坐标+2.5D高度,,70.6
德波,Dave Apartment,-6.3865457,106.8259993,80.0,≥80米,公寓,GoogleV3坐标+2.5D高度,DPK-002,"Palakali, Depok"
德波,Dave Apartment,-6.3686843,106.8168861,79.5,≥64米,公寓,GoogleV3坐标+2.5D高度,,"Palakali, Depok"
德波,Dave Apartment,-6.3634739,106.8358276,72.5,≥64米,住宅,GoogleV3坐标+2.5D高度,,179.8
德波,Dave Apartment,-6.3696404,106.838591,72.0,≥64米,未分类,GoogleV3坐标+2.5D高度,DPK-004,244.8
德波,Apartemen Margonda Residence,-6.3715086,106.8314716,70.5,≥64米,公寓,GoogleV3坐标+2.5D高度,DPK-005,597.1
德波,"gedung perkantoran taman melati, jalan raya margonda, Pondok Cina, Beji, Depok, Jawa Barat",-6.3684985,106.8329427,64.5,≥64米,未分类,GoogleV3坐标+2.5D高度,DPK-001,"Jalan Raya Margonda, Depok"
德波,"gedung perkantoran taman melati, jalan raya margonda, Pondok Cina, Beji, Depok, Jawa Barat",-6.3602247,106.8328415,61.0,≥48米,未分类,GoogleV3坐标+2.5D高度,,"Jalan Raya Margonda, Depok"
德波,bakmi buncit,-6.3727321,106.8298961,61.0,≥48米,未分类,GoogleV3坐标+2.5D高度,,16.8
德波,bakmi buncit,-6.3729726,106.8322789,61.0,≥48米,未分类,GoogleV3坐标+2.5D高度,,Jalan Raya Margonda
德波,Apartemen Margonda Residence,-6.3697364,106.8383587,59.5,≥48米,未分类,GoogleV3坐标+2.5D高度,DPK-004,100
德波,"gedung perkantoran taman melati, jalan raya margonda, Pondok Cina, Beji, Depok, Jawa Barat",-6.3543711,106.7744539,59.5,≥48米,未分类,GoogleV3坐标+2.5D高度,,616.1
德波,"gedung perkantoran taman melati, jalan raya margonda, Pondok Cina, Beji, Depok, Jawa Barat",-6.3728457,106.8315402,58.0,≥48米,未分类,GoogleV3坐标+2.5D高度,DPK-006,55.8
德波,bakmi buncit,-6.395352,106.8241699,58.0,≥48米,未分类,GoogleV3坐标+2.5D高度,,3259
德波,Savero Hotel Margonda Depok,-6.3728046,106.8313153,58.0,≥48米,酒店,GoogleV3坐标+2.5D高度,DPK-006,86.7
德波,Savero Hotel Margonda Depok,-6.3820802,106.8303229,52.5,≥48米,酒店,GoogleV3坐标+2.5D高度,,"Jalan Margonda Raya, Depok"
德波,Hotel Santika Depok,-6.3866126,106.8263267,52.5,≥48米,酒店,GoogleV3坐标+2.5D高度,,"Jalan Margonda Raya, Depok"
德波,Sop Ayam Pak Slamet,-6.3607396,106.8330625,51.0,≥48米,未分类,GoogleV3坐标+2.5D高度,,38.1
德波,Margonda Residence,-6.3952152,106.8213128,48.0,≥48米,公寓,GoogleV3坐标+2.5D高度,,155.6
德波,Margonda Residence,-6.3641389,106.8347806,47.5,≥40米,公寓,GoogleV3坐标+2.5D高度,,1651.9
德波,Margonda Residence,-6.3636506,106.8347412,47.5,≥40米,公寓,GoogleV3坐标+2.5D高度,,904
德波,"Gedung A, Perkantoran PVUI",-6.357698,106.8319812,47.0,≥40米,公寓,GoogleV3坐标+2.5D高度,,"Kampus UI Depok, Depok"
德波,"Gedung A, Perkantoran PVUI",-6.369402,106.8207053,46.5,≥40米,公寓,GoogleV3坐标+2.5D高度,,"Kampus UI Depok, Depok"
德波,Sop Ayam Pak Slamet,-6.3699199,106.8205537,45.0,≥40米,未分类,GoogleV3坐标+2.5D高度,,Jalan Raya Margonda
德波,Margonda Residence,-6.3950831,106.8207618,45.0,≥40米,未分类,GoogleV3坐标+2.5D高度,,Jalan Raya Margonda
德波,Margonda Residence,-6.3687788,106.8334348,44.0,≥40米,未分类,GoogleV3坐标+2.5D高度,,1169.2
德波,Margonda Residence,-6.4080691,106.7907549,44.0,≥40米,公寓,GoogleV3坐标+2.5D高度,,1226.6
德波,"Gedung A, Perkantoran PVUI",-6.3713178,106.8315535,42.5,≥40米,未分类,GoogleV3坐标+2.5D高度,DPK-005,115
德波,Hotel Santika Depok,-6.4014198,106.7697232,42.0,≥40米,酒店,GoogleV3坐标+2.5D高度,,"Jalan Margonda Raya, Depok"
德波,"Gedung A, Perkantoran PVUI",-6.3653368,106.8293572,41.0,≥40米,未分类,GoogleV3坐标+2.5D高度,,50.3
德波,Hotel Santika Depok,-6.3677976,106.8328844,40.0,≥40米,未分类,GoogleV3坐标+2.5D高度,,2259.7
德波,Hotel Santika Depok,-6.3728642,106.8319034,40.0,≥40米,未分类,GoogleV3坐标+2.5D高度,,908.8
德波,,-6.3928256,106.8215522,40.0,≥40米,未分类,GoogleV3坐标+2.5D高度,,2849.3
德波,Gedung Administrasi,-6.3727387,106.8293364,39.5,≥32米,医院,GoogleV3坐标+2.5D高度,,"Jalan Dewi Sartika, Depok"
德波,RS Permata Depok,-6.4016692,106.7703047,39.0,≥32米,医院,GoogleV3坐标+2.5D高度,,"Jalan Raya Muchtar No.22, Sawangan Baru, Kec. Sawangan, Kota Depok, Jawa Barat 16511"
德波,RS Hermina Depok,-6.3995516,106.8252983,38.5,≥32米,医院,GoogleV3坐标+2.5D高度,,"Siliwangi, Depok"
德波,Venus Karaoke & Billiard,-6.3602255,106.8323041,38.0,≥32米,未分类,GoogleV3坐标+2.5D高度,,535.4
德波,RSIA Bunda Aliyah Depok,-6.4050778,106.819528,38.0,≥32米,医院,GoogleV3坐标+2.5D高度,,Jalan Kartini No.2
德波,Transmart,-6.4003995,106.8166982,37.5,≥32米,未分类,GoogleV3坐标+2.5D高度,,"Jalan Dewi Sartika, Depok"
德波,Venus Karaoke & Billiard,-6.4400901,106.826768,36.5,≥32米,商业,GoogleV3坐标+2.5D高度,,887.3
德波,Venus Karaoke & Billiard,-6.3717281,106.8317851,36.5,≥32米,未分类,GoogleV3坐标+2.5D高度,,49.8
德波,Depok Town Square,-6.372492,106.8321894,36.0,≥32米,商业,GoogleV3坐标+2.5D高度,,"Jalan Raya Margonda, Pondok Cina, Beji, Depok, West Java"
德波,"Gedung B, Perkuliahan PVUI",-6.3658443,106.8350917,35.0,≥32米,公寓,GoogleV3坐标+2.5D高度,DPK-003,"Kampus UI Depok, Depok"
德波,Art & Culture Center Building,-6.3701802,106.8404427,35.0,≥32米,未分类,GoogleV3坐标+2.5D高度,,49
德波,Gedung Administrasi,-6.3605037,106.8334756,34.5,≥32米,商业,GoogleV3坐标+2.5D高度,,34.9
德波,RS Hermina Depok,-6.3739808,106.83506,34.0,≥32米,未分类,GoogleV3坐标+2.5D高度,,3340.7
德波,Venus Karaoke & Billiard,-6.4227356,106.8301074,34.0,≥32米,未分类,GoogleV3坐标+2.5D高度,,2563.5
德波,RSIA Bunda Aliyah Depok,-6.3926503,106.8226248,34.0,≥32米,未分类,GoogleV3坐标+2.5D高度,,1109.4
德波,"Gedung B, Perkuliahan PVUI",-6.368809,106.8213946,33.5,≥32米,公寓,GoogleV3坐标+2.5D高度,,"Kampus UI Depok, Depok"
德波,RSU Bunda Margonda,-6.3652494,106.8347721,33.0,≥32米,医院,GoogleV3坐标+2.5D高度,,"Jalan Margonda Raya, Depok, Kec. Beji, Kota Depok, Jawa Barat 16424"
德波,Art & Culture Center Building,-6.3671249,106.8316875,32.0,≥32米,未分类,GoogleV3坐标+2.5D高度,,372.6
德波,Depok Town Square,-6.3730021,106.8345902,32.0,≥32米,未分类,GoogleV3坐标+2.5D高度,,655.9
德波,Venus Karaoke & Billiard,-6.3653916,106.8350474,32.0,≥32米,公寓,GoogleV3坐标+2.5D高度,,257.9
德波,"Gedung B, Perkuliahan PVUI",-6.3696011,106.8388886,32.0,≥32米,未分类,GoogleV3坐标+2.5D高度,,230.8
茂物,,-6.5514202,106.8224759,97.5,≥80米,未分类,GoogleV3坐标+2.5D高度,,258
茂物,,-6.5979059,106.8088041,90.0,≥80米,未分类,GoogleV3坐标+2.5D高度,BGR-001,251.3
茂物,,-6.5598217,106.8481887,90.0,≥80米,写字楼,GoogleV3坐标+2.5D高度,,191.9
茂物,Swiss-Belhotel Bogor,-6.5886054,106.8042432,89.5,≥80米,酒店,GoogleV3坐标+2.5D高度,,118.3
茂物,,-6.5512849,106.8220003,84.0,≥80米,未分类,GoogleV3坐标+2.5D高度,,2140.1
茂物,Amaroossa Royal Hotel Bogor,-6.6020143,106.8050515,83.0,≥80米,酒店,GoogleV3坐标+2.5D高度,,84
茂物,,-6.5638985,106.8120352,76.5,≥64米,未分类,GoogleV3坐标+2.5D高度,BGR-002,437.1
茂物,,-6.6046432,106.8371809,71.5,≥64米,未分类,GoogleV3坐标+2.5D高度,,1042.8
茂物,,-6.5871929,106.8049185,71.0,≥64米,未分类,GoogleV3坐标+2.5D高度,,556.4
茂物,,-6.5564602,106.7725446,70.0,≥64米,未分类,GoogleV3坐标+2.5D高度,BGR-003,439.4
茂物,,-6.5560485,106.7821239,69.0,≥64米,未分类,GoogleV3坐标+2.5D高度,,84.6
茂物,,-6.6052875,106.7953396,69.0,≥64米,未分类,GoogleV3坐标+2.5D高度,,2158.1
茂物,,-6.5979271,106.809476,68.5,≥64米,未分类,GoogleV3坐标+2.5D高度,,1308.7
茂物,Lippo Mall Bogor,-6.6214306,106.8172818,63.5,≥48米,商场,GoogleV3坐标+2.5D高度,,205.1
茂物,Lippo Mall Bogor,-6.6392289,106.7901023,62.5,≥48米,未分类,GoogleV3坐标+2.5D高度,,790.5
茂物,Royal Padjadjaran Hotel,-6.5899988,106.8042638,62.0,≥48米,酒店,GoogleV3坐标+2.5D高度,,973.8
茂物,Apartemen Bogor Valley Residence,-6.5617593,106.8002128,61.5,≥48米,公寓,GoogleV3坐标+2.5D高度,,83.5
茂物,Elokasari Plaza Park,-6.6218415,106.8173099,57.0,≥48米,商场,GoogleV3坐标+2.5D高度,,2567.8
茂物,Hotel Ibis Styles Bogor,-6.5977071,106.8049656,57.0,≥48米,酒店,GoogleV3坐标+2.5D高度,,138.9
茂物,Amaris Hotel Pakuan Bogor,-6.6076887,106.8103181,56.0,≥48米,酒店,GoogleV3坐标+2.5D高度,,850.9
茂物,Elokasari Plaza Park,-6.5639002,106.812267,55.5,≥48米,未分类,GoogleV3坐标+2.5D高度,BGR-002,237.7
茂物,Gedung Kusnoto Pusat Penelitian Biologi,-6.5980252,106.7936185,54.5,≥48米,写字楼,GoogleV3坐标+2.5D高度,,73.3
茂物,Amaris Hotel Pakuan Bogor,-6.6221081,106.8178634,54.5,≥48米,商业,GoogleV3坐标+2.5D高度,,2281.2
茂物,Amaris Hotel Pakuan Bogor,-6.6001569,106.8119979,54.5,≥48米,未分类,GoogleV3坐标+2.5D高度,,1316.4
茂物,DnA,-6.5564109,106.7825249,52.5,≥48米,工业,GoogleV3坐标+2.5D高度,,194.1
茂物,Elokasari Plaza Park,-6.6215796,106.8170216,51.0,≥48米,商场,GoogleV3坐标+2.5D高度,,204.8
茂物,Lippo Plaza Keboen Raya Bogor,-6.5955082,106.8054513,49.0,≥48米,商场,GoogleV3坐标+2.5D高度,,9212.9
茂物,Telkom Center,-6.5864679,106.8050829,49.0,≥48米,未分类,GoogleV3坐标+2.5D高度,,282.2
茂物,Telkom Center,-6.5563123,106.7724836,49.0,≥48米,未分类,GoogleV3坐标+2.5D高度,BGR-003,28
茂物,Luminor Hotel Padjajaran Bogor,-6.6023635,106.8077044,48.0,≥48米,酒店,GoogleV3坐标+2.5D高度,,"Jalan Cidangiang, Bogor"
茂物,Puri Bali Homestay,-6.6049479,106.7951789,48.0,≥48米,未分类,GoogleV3坐标+2.5D高度,,266.8
茂物,Swiss-Belinn Bogor,-6.6104234,106.814262,47.5,≥40米,未分类,GoogleV3坐标+2.5D高度,,938.6
茂物,APARTEMEN BOGOR MANSION,-6.5847759,106.8150994,46.5,≥40米,公寓,GoogleV3坐标+2.5D高度,,378.4
茂物,APARTEMEN BOGOR MANSION,-6.5565009,106.7723278,46.5,≥40米,未分类,GoogleV3坐标+2.5D高度,BGR-003,971.3
茂物,Telkom Center,-6.5857244,106.8054189,45.5,≥40米,未分类,GoogleV3坐标+2.5D高度,BGR-004,59.1
茂物,Lippo Mall Bogor,-6.6217113,106.8176262,44.0,≥40米,商场,GoogleV3坐标+2.5D高度,,1450.5
茂物,Rumah Sakit Graha Medika,-6.5647666,106.7615997,44.0,≥40米,医院,GoogleV3坐标+2.5D高度,,643
茂物,Puri Bali Homestay,-6.6020819,106.7943004,43.0,≥40米,酒店,GoogleV3坐标+2.5D高度,,643
茂物,Hotel Grand Savero,-6.5965644,106.8047832,43.0,≥40米,酒店,GoogleV3坐标+2.5D高度,,205.2
茂物,The Sahira Hotel,-6.6143668,106.8142862,42.0,≥40米,酒店,GoogleV3坐标+2.5D高度,,670.9
茂物,The Sahira Hotel,-6.5748906,106.8001699,41.5,≥40米,公寓,GoogleV3坐标+2.5D高度,,725.1
茂物,Firman Pension,-6.5561013,106.7825188,41.5,≥40米,公寓,GoogleV3坐标+2.5D高度,,1456.7
茂物,Firman Pension,-6.6017118,106.7942801,41.5,≥40米,酒店,GoogleV3坐标+2.5D高度,,18.5
茂物,The Sahira Hotel,-6.5535569,106.8478525,41.0,≥40米,酒店,GoogleV3坐标+2.5D高度,,538.3
茂物,BPJS,-6.5660421,106.8027339,40.5,≥40米,商业,GoogleV3坐标+2.5D高度,,189
茂物,Puri Bali Homestay,-6.5983078,106.8092934,40.0,≥40米,未分类,GoogleV3坐标+2.5D高度,,662.9
茂物,APARTEMEN BOGOR MANSION,-6.5981211,106.8206565,40.0,≥40米,公寓,GoogleV3坐标+2.5D高度,BGR-005,84.8
茂物,D'Anaya Hotel Bogor,-6.6060825,106.8112161,39.5,≥32米,酒店,GoogleV3坐标+2.5D高度,,300.7
茂物,The Harvest,-6.5784646,106.8076662,38.5,≥32米,未分类,GoogleV3坐标+2.5D高度,,"Jalan Raya Pajajaran, Bogor Utara, Bogor"
茂物,The Sahira Hotel,-6.5694669,106.847279,38.5,≥32米,未分类,GoogleV3坐标+2.5D高度,,442.8
茂物,Security Post Kebun Raya Residence,-6.6156596,106.808346,38.5,≥32米,未分类,GoogleV3坐标+2.5D高度,,165.9
茂物,Security Post Kebun Raya Residence,-6.6049554,106.7805961,38.5,≥32米,未分类,GoogleV3坐标+2.5D高度,,23.5
茂物,The Sahira Hotel,-6.5674288,106.844626,37.5,≥32米,商业,GoogleV3坐标+2.5D高度,,46.9
茂物,Bogor Icon Hotel And Convention,-6.6247003,106.8192471,37.5,≥32米,商业,GoogleV3坐标+2.5D高度,,5796.1
茂物,Hotel Amaris Padjajaran,-6.5962297,106.8047126,37.0,≥32米,酒店,GoogleV3坐标+2.5D高度,,Jl. Padjajaran
茂物,Bank Mega,-6.6007502,106.7943586,37.0,≥32米,商业,GoogleV3坐标+2.5D高度,,656.1
茂物,Bogor Great Mall,-6.5999723,106.8122541,36.5,≥32米,商场,GoogleV3坐标+2.5D高度,,528.7
茂物,Bogor Great Mall,-6.5560937,106.7755246,35.5,≥32米,商场,GoogleV3坐标+2.5D高度,,"Jalan Raya Pajajaran, Bogor Utara, Bogor"
茂物,Hotel Savero Style Bogor,-6.607523,106.802862,35.5,≥32米,酒店,GoogleV3坐标+2.5D高度,,964.2
茂物,Hotel Savero Style Bogor,-6.5935191,106.8041903,34.5,≥32米,写字楼,GoogleV3坐标+2.5D高度,,127.3
茂物,Elokasari Plaza Park,-6.5598225,106.8484665,34.5,≥32米,写字楼,GoogleV3坐标+2.5D高度,,116.3
茂物,The Harvest,-6.5867686,106.8004885,34.5,≥32米,未分类,GoogleV3坐标+2.5D高度,,284.4
茂物,Hotel Savero Style Bogor,-6.6222907,106.7961905,34.0,≥32米,未分类,GoogleV3坐标+2.5D高度,,88.4
茂物,Security Post Kebun Raya Residence,-6.5859007,106.8054245,34.0,≥32米,未分类,GoogleV3坐标+2.5D高度,BGR-004,64.3
茂物,Security Post Kebun Raya Residence,-6.6377679,106.8449041,34.0,≥32米,未分类,GoogleV3坐标+2.5D高度,,46.7
茂物,Botani Square,-6.5980292,106.8090313,33.5,≥32米,商业,GoogleV3坐标+2.5D高度,BGR-001,672.4
茂物,Botani Square,-6.6014469,106.8074094,33.0,≥32米,商业,GoogleV3坐标+2.5D高度,,"Jalan Danau Limboto, Tegalega"
茂物,Kost Nusantara,-6.5974207,106.809013,33.0,≥32米,住宅,GoogleV3坐标+2.5D高度,,"Jalan Danau Limboto, Tegalega"
茂物,Bogor Icon Hotel And Convention,-6.5983432,106.8206163,33.0,≥32米,未分类,GoogleV3坐标+2.5D高度,BGR-005,767.1
茂物,Hotel Amaris Padjajaran,-6.6386659,106.7839704,33.0,≥32米,未分类,GoogleV3坐标+2.5D高度,,132.7
茂物,Bank Mega,-6.5588665,106.7716474,33.0,≥32米,未分类,GoogleV3坐标+2.5D高度,,1223.4
茂物,D'Anaya Hotel Bogor,-6.6368206,106.7958808,32.5,≥32米,酒店,GoogleV3坐标+2.5D高度,,39.5
茂物,Bogor Great Mall,-6.569221,106.8482887,32.0,≥32米,未分类,GoogleV3坐标+2.5D高度,,521.9
茂物,The Harvest,-6.6117171,106.8120958,32.0,≥32米,未分类,GoogleV3坐标+2.5D高度,,510.7
巨港,Hotel The Zuri Palembang,-2.9819181,104.7463084,105.0,≥80米,酒店,GoogleV3坐标+CTBUH真高,,"Jl. Radial, Palembang"
巨港,,-2.9796933,104.7565149,81.5,≥80米,未分类,GoogleV3坐标+2.5D高度,,1241.1
巨港,,-3.0370734,104.7910704,78.0,≥64米,未分类,GoogleV3坐标+2.5D高度,PLM-001,935.1
巨港,Bank Mandiri,-2.9813726,104.7445246,70.5,≥64米,商业,GoogleV3坐标+2.5D高度,,685.3
巨港,,-2.9783748,104.8077038,69.0,≥64米,未分类,GoogleV3坐标+2.5D高度,,170.4
巨港,Bank Sumsel Babel Tower,-3.0162243,104.781302,68.1,≥64米,写字楼,GoogleV3坐标+CTBUH真高,,1600.9
巨港,,-2.9810025,104.797103,66.5,≥64米,未分类,GoogleV3坐标+2.5D高度,,225.1
巨港,,-2.9780912,104.8074808,65.5,≥64米,未分类,GoogleV3坐标+2.5D高度,,31.5
巨港,,-2.981069,104.798607,65.0,≥64米,未分类,GoogleV3坐标+2.5D高度,,173.8
巨港,Bank Mandiri,-3.0230778,104.7455304,56.5,≥48米,未分类,GoogleV3坐标+2.5D高度,,154.5
巨港,Hotel Santika Radial,-2.9811046,104.7480559,56.5,≥48米,酒店,GoogleV3坐标+2.5D高度,,"Jl. Radial, Palembang"
巨港,Hotel Santika Radial,-2.9777578,104.7257656,55.5,≥48米,未分类,GoogleV3坐标+2.5D高度,,36
巨港,,-2.9515619,104.7593728,55.0,≥48米,未分类,GoogleV3坐标+2.5D高度,PLM-002,292.3
巨港,,-3.0371278,104.7908493,54.5,≥48米,未分类,GoogleV3坐标+2.5D高度,PLM-001,212.9
巨港,,-2.9704168,104.7304139,54.0,≥48米,未分类,GoogleV3坐标+2.5D高度,PLM-003,537.7
巨港,101 Hotel,-2.9710583,104.7645541,53.0,≥48米,酒店,GoogleV3坐标+2.5D高度,,"Jalan Rajawali, Palembang"
巨港,101 Hotel,-2.9804473,104.8010198,52.5,≥48米,未分类,GoogleV3坐标+2.5D高度,,18.7
巨港,,-2.9635908,104.740411,52.0,≥48米,未分类,GoogleV3坐标+2.5D高度,,42.8
巨港,The Daira Hotel,-2.9737166,104.7516114,51.0,≥48米,酒店,GoogleV3坐标+2.5D高度,,1031.9
巨港,The Daira Hotel,-2.97912,104.7453993,50.0,≥48米,未分类,GoogleV3坐标+2.5D高度,,3598.6
巨港,,-2.9722087,104.7646469,49.0,≥48米,未分类,GoogleV3坐标+2.5D高度,,47
巨港,The Daira Hotel,-3.0003217,104.731606,47.0,≥40米,未分类,GoogleV3坐标+2.5D高度,,694.4
巨港,The Daira Hotel,-2.9609719,104.7398224,47.0,≥40米,未分类,GoogleV3坐标+2.5D高度,,806.8
巨港,RSUD Siti Fatimah,-2.9483888,104.7340947,45.0,≥40米,医院,GoogleV3坐标+2.5D高度,,108.7
巨港,Hotel Aston Palembang,-2.9730932,104.7511733,43.0,≥40米,酒店,GoogleV3坐标+2.5D高度,,Palembang
巨港,Hotel Aston Palembang,-2.9548086,104.7472182,42.0,≥40米,酒店,GoogleV3坐标+2.5D高度,,Palembang
巨港,Hotel Aston Palembang,-2.9995295,104.7703652,42.0,≥40米,未分类,GoogleV3坐标+2.5D高度,,Jalan Ahmand Yani
巨港,Hotel Aston Palembang,-2.9520254,104.7759062,41.5,≥40米,未分类,GoogleV3坐标+2.5D高度,,60.2
巨港,Hotel Aston Palembang,-2.9804498,104.6888321,41.5,≥40米,未分类,GoogleV3坐标+2.5D高度,,205
巨港,Hotel Aston Palembang,-2.9817541,104.8000204,41.5,≥40米,未分类,GoogleV3坐标+2.5D高度,,162.9
巨港,Rumah Duka RS RK Charitas,-2.9753006,104.7523171,41.0,≥40米,医院,GoogleV3坐标+2.5D高度,,167.1
巨港,Rumah Duka RS RK Charitas,-2.9664325,104.7489855,40.5,≥40米,医院,GoogleV3坐标+2.5D高度,,Jalan Ahmand Yani
巨港,SPBG R. Soekamto,-2.9761913,104.8056134,40.0,≥40米,未分类,GoogleV3坐标+2.5D高度,,1780.7
巨港,Rumah Duka RS RK Charitas,-3.0237993,104.7447204,40.0,≥40米,未分类,GoogleV3坐标+2.5D高度,,167.1
巨港,RS RK. Charitas,-3.0235497,104.7452696,39.5,≥32米,未分类,GoogleV3坐标+2.5D高度,,627.3
巨港,SPBG R. Soekamto,-2.9517335,104.7593375,38.5,≥32米,未分类,GoogleV3坐标+2.5D高度,PLM-002,666.1
巨港,The Daira Hotel,-2.9628067,104.7359904,38.5,≥32米,酒店,GoogleV3坐标+2.5D高度,,41.3
巨港,The Daira Hotel,-2.9790579,104.723844,38.5,≥32米,未分类,GoogleV3坐标+2.5D高度,,210
巨港,,-2.9704567,104.7306109,38.0,≥32米,未分类,GoogleV3坐标+2.5D高度,PLM-003,569.6
巨港,Hotel Batiqa,-2.9845311,104.7440704,38.0,≥32米,酒店,GoogleV3坐标+2.5D高度,,1102
巨港,The Daira Hotel,-2.9772256,104.7985403,38.0,≥32米,未分类,GoogleV3坐标+2.5D高度,,620.6
巨港,The Daira Hotel,-2.978053,104.7813021,38.0,≥32米,未分类,GoogleV3坐标+2.5D高度,,351.9
巨港,Wyndham OPI Hotel,-3.0367952,104.790835,37.5,≥32米,酒店,GoogleV3坐标+2.5D高度,,712.4
巨港,Hotel Batiqa,-3.037248,104.7909454,37.5,≥32米,未分类,GoogleV3坐标+2.5D高度,PLM-001,135.3
巨港,Kantor PLN Pembangkitan Sumbagsel,-2.9682996,104.80052,37.5,≥32米,未分类,GoogleV3坐标+2.5D高度,,69.4
巨港,Hotel Royal Asia,-3.0131449,104.785732,37.5,≥32米,商业,GoogleV3坐标+2.5D高度,,"Jalan Veteran, Palembang"
巨港,Kantor PLN Pembangkitan Sumbagsel,-2.9514368,104.7594716,37.0,≥32米,未分类,GoogleV3坐标+2.5D高度,PLM-002,96.1
巨港,Wyndham OPI Hotel,-2.9419315,104.7397655,37.0,≥32米,公寓,GoogleV3坐标+2.5D高度,,391.9
巨港,Kantor PLN Pembangkitan Sumbagsel,-2.9632245,104.7369035,37.0,≥32米,未分类,GoogleV3坐标+2.5D高度,,163.8
巨港,Hotel Royal Asia,-2.9759915,104.7609385,36.5,≥32米,商业,GoogleV3坐标+2.5D高度,,"Jalan Veteran, Palembang"
巨港,Hotel Royal Asia,-2.9780988,104.8071401,36.5,≥32米,未分类,GoogleV3坐标+2.5D高度,,107.4
巨港,Hotel Royal Asia,-3.0095309,104.7870402,36.5,≥32米,公寓,GoogleV3坐标+2.5D高度,,137
巨港,Hotel Royal Asia,-2.9508793,104.7799052,36.5,≥32米,未分类,GoogleV3坐标+2.5D高度,,2860.1
巨港,Tower 4,-3.0169623,104.7927311,36.0,≥32米,公寓,GoogleV3坐标+2.5D高度,,99.2
巨港,Hotel Royal Asia,-2.9729102,104.7515264,36.0,≥32米,未分类,GoogleV3坐标+2.5D高度,,37.5
巨港,Tower 4,-3.0318337,104.7177042,35.5,≥32米,未分类,GoogleV3坐标+2.5D高度,,37.8
巨港,Hotel Royal Asia,-2.9782024,104.7802733,34.5,≥32米,未分类,GoogleV3坐标+2.5D高度,,1164
巨港,Kantor PLN Pembangkitan Sumbagsel,-3.0214986,104.6991942,34.5,≥32米,未分类,GoogleV3坐标+2.5D高度,,6453.8
巨港,Tower 4,-3.0000467,104.7314403,34.0,≥32米,公寓,GoogleV3坐标+2.5D高度,,390.4
巨港,Kantor PLN Pembangkitan Sumbagsel,-2.9794186,104.799136,34.0,≥32米,未分类,GoogleV3坐标+2.5D高度,,378.6
巨港,RS Siloam Sriwijaya,-2.9777103,104.7422104,34.0,≥32米,医院,GoogleV3坐标+2.5D高度,,"Jalan POM IX, Lorok Pakjo, Kecamatan Ilir Barat I"
巨港,Bebek Goreng H. Slamet,-2.9626649,104.7362866,33.5,≥32米,未分类,GoogleV3坐标+2.5D高度,,70.9
巨港,Wyndham OPI Hotel,-2.9607512,104.7399893,33.0,≥32米,酒店,GoogleV3坐标+2.5D高度,,1045.7
巨港,Kantor PLN Pembangkitan Sumbagsel,-2.9394021,104.7229129,33.0,≥32米,工业,GoogleV3坐标+2.5D高度,,2969
巨港,OPI Mall,-2.9577408,104.7701264,33.0,≥32米,商场,GoogleV3坐标+2.5D高度,,1460.3
巨港,Bebek Goreng H. Slamet,-2.9870898,104.7504819,33.0,≥32米,未分类,GoogleV3坐标+2.5D高度,,383.3
巨港,RS Siloam Sriwijaya,-3.0318323,104.7457201,33.0,≥32米,未分类,GoogleV3坐标+2.5D高度,,22.7
巨港,Tower 5,-3.0173425,104.7926429,32.5,≥32米,公寓,GoogleV3坐标+2.5D高度,,993.8
巨港,Kantor PLN Pembangkitan Sumbagsel,-3.0315068,104.7459386,32.0,≥32米,工业,GoogleV3坐标+2.5D高度,,30.8
巨港,OPI Mall,-3.0361968,104.7912665,32.0,≥32米,商场,GoogleV3坐标+2.5D高度,,4333.3
